SET session_replication_role = replica;

--
-- PostgreSQL database dump
--

-- Dumped from database version 15.6
-- Dumped by pg_dump version 15.6 (Ubuntu 15.6-1.pgdg20.04+1)

SET statement_timeout = 0;
SET lock_timeout = 0;
SET idle_in_transaction_session_timeout = 0;
SET client_encoding = 'UTF8';
SET standard_conforming_strings = on;
SELECT pg_catalog.set_config('search_path', '', false);
SET check_function_bodies = false;
SET xmloption = content;
SET client_min_messages = warning;
SET row_security = off;

--
-- Data for Name: users; Type: TABLE DATA; Schema: auth; Owner: supabase_auth_admin
--

INSERT INTO "auth"."users" ("instance_id", "id", "aud", "role", "email", "encrypted_password", "email_confirmed_at", "invited_at", "confirmation_token", "confirmation_sent_at", "recovery_token", "recovery_sent_at", "email_change_token_new", "email_change", "email_change_sent_at", "last_sign_in_at", "raw_app_meta_data", "raw_user_meta_data", "is_super_admin", "created_at", "updated_at", "phone", "phone_confirmed_at", "phone_change", "phone_change_token", "phone_change_sent_at", "email_change_token_current", "email_change_confirm_status", "banned_until", "reauthentication_token", "reauthentication_sent_at", "is_sso_user", "deleted_at", "is_anonymous") VALUES
	('00000000-0000-0000-0000-000000000000', 'd475c90a-2563-4b31-91a6-7fb6f6860ddd', 'authenticated', 'authenticated', 'ravi+16@aglinthq.com', '$2a$10$KaUDIoRcj7ow3Mg6hw07de2BlSvZjboNHDCMLYz61/QNuskvoDXq2', NULL, NULL, '', NULL, '', NULL, '', '', NULL, NULL, '{"provider": "email", "providers": ["email"]}', '{}', NULL, '2024-10-16 05:20:09.488244+00', '2024-10-16 05:20:09.493212+00', NULL, NULL, '', '', NULL, '', 0, NULL, '', NULL, false, NULL, false),
	('00000000-0000-0000-0000-000000000000', '12ee93c2-a325-458d-a8a7-939147b7f632', 'authenticated', 'authenticated', 'puneeth@aglinthq.com', '$2a$10$iPwOJ4SY/swm9M06RfbqrO5K2IDicP9VbwvOK4S0Mv.c/GJFIohey', NULL, NULL, '', NULL, '', NULL, '', '', NULL, NULL, '{"provider": "email", "providers": ["email"]}', '{}', NULL, '2024-10-16 07:56:35.708609+00', '2024-10-16 07:56:35.711252+00', NULL, NULL, '', '', NULL, '', 0, NULL, '', NULL, false, NULL, false),
	('00000000-0000-0000-0000-000000000000', '071615f6-6d45-4ab9-a937-24fc384d2f01', 'authenticated', 'authenticated', 'raimon+nurse4@aglinthq.com', '$2a$10$JXPQ6.peUQT2fdYUpwnAJ.3DDBHRQOSQRO9x9QuTxtP8rmo7iuLgO', '2024-10-16 08:27:22.379971+00', NULL, '', NULL, '', NULL, '', '', NULL, '2024-10-16 08:27:22.383239+00', '{"provider": "email", "providers": ["email"]}', '{}', NULL, '2024-10-16 08:27:18.550443+00', '2024-10-16 08:27:22.385858+00', NULL, NULL, '', '', NULL, '', 0, NULL, '', NULL, false, NULL, false),
	('00000000-0000-0000-0000-000000000000', 'cc7707d6-671a-4f0b-a9b8-f6d05896a3b9', 'authenticated', 'authenticated', 'raimon+11@aglinthq.com', '$2a$10$eA08XQfZpsmuFZ7d/i0a4.MhMJCvG8wZGn2sTkKeBxcm50wapls7m', '2024-10-16 09:13:08.367454+00', NULL, '', NULL, '', NULL, '', '', NULL, '2024-10-16 09:13:08.370736+00', '{"provider": "email", "providers": ["email"]}', '{}', NULL, '2024-10-16 09:13:04.121826+00', '2024-10-16 09:13:08.373257+00', NULL, NULL, '', '', NULL, '', 0, NULL, '', NULL, false, NULL, false),
	('00000000-0000-0000-0000-000000000000', 'b7b7987b-d34b-4336-b9f4-c8e7b693e90a', 'authenticated', 'authenticated', 'raimon+12@aglinthq.com', '$2a$10$cGktmbtMfL1rmmdIOjqj5OhQdbya05RNDqPslGvWEARy3XNiqikzu', '2024-10-16 09:15:24.602027+00', NULL, '', NULL, '', NULL, '', '', NULL, '2024-10-16 09:15:24.605151+00', '{"provider": "email", "providers": ["email"]}', '{}', NULL, '2024-10-16 09:15:20.703095+00', '2024-10-16 09:15:24.607674+00', NULL, NULL, '', '', NULL, '', 0, NULL, '', NULL, false, NULL, false),
	('00000000-0000-0000-0000-000000000000', '7a844993-3383-422d-80c7-fbaa59498556', 'authenticated', 'authenticated', 'raimon+mat@aglinthq.com', '$2a$10$X/Sd.lo1fdFZgW3ovttbiuADXwztTi75barNo6rj79odzOiFxzBo2', '2024-10-16 07:59:48.818571+00', NULL, '', NULL, '', '2024-10-16 07:59:48.835575+00', '', '', NULL, '2024-10-16 08:00:03.885803+00', '{"provider": "email", "providers": ["email"]}', '{}', NULL, '2024-10-16 07:59:45.027203+00', '2024-10-16 08:00:03.887569+00', NULL, NULL, '', '', NULL, '', 0, NULL, '', NULL, false, NULL, false),
	('00000000-0000-0000-0000-000000000000', 'bd9ff50d-2ce4-4f1e-9422-3c580a236b12', 'authenticated', 'authenticated', 'dheeraj@aglinthq.com', '$2a$10$RV87Bt/GvfPxnguT2H.X5evm2kuB8uaZzcEZprBwLCYdeV86S8RVq', '2024-10-16 14:41:05.478497+00', NULL, '', NULL, '', '2024-10-16 14:41:05.493184+00', '', '', NULL, '2024-10-16 14:41:19.836473+00', '{"provider": "email", "providers": ["email"]}', '{}', NULL, '2024-10-16 14:41:00.931829+00', '2024-10-16 14:41:19.838276+00', NULL, NULL, '', '', NULL, '', 0, NULL, '', NULL, false, NULL, false),
	('00000000-0000-0000-0000-000000000000', '7eca8cc3-2d39-41fc-8f58-42153fc4f2b3', 'authenticated', 'authenticated', 'vivek@aglinthq.com', '$2a$10$l3SDSJl6uDauhiYHsDpHgucZNCfQyk3ARu.abQu9yyDEmUlWxNaH2', '2024-10-16 13:34:48.355738+00', NULL, '', NULL, '', '2024-10-16 13:38:23.675683+00', '', '', NULL, '2024-10-16 13:38:49.631172+00', '{"provider": "email", "providers": ["email"]}', '{}', NULL, '2024-10-16 05:31:52.073068+00', '2024-10-16 15:54:35.43207+00', NULL, NULL, '', '', NULL, '', 0, NULL, '', NULL, false, NULL, false),
	('00000000-0000-0000-0000-000000000000', 'f86c8d2a-a9fd-4a5e-b62e-db473fe7dc8f', 'authenticated', 'authenticated', 'raimon+1@aglinthq.com', '$2a$10$XHfFajvGPSsstjSre9PdXex3sLuLvxQ7bt5z.AAZSG5FqYrVZAVDq', '2024-10-16 08:29:23.443001+00', NULL, '', NULL, '', NULL, '', '', NULL, '2024-10-16 08:29:23.446278+00', '{"provider": "email", "providers": ["email"]}', '{}', NULL, '2024-10-16 08:29:19.471668+00', '2024-10-16 08:29:23.449001+00', NULL, NULL, '', '', NULL, '', 0, NULL, '', NULL, false, NULL, false),
	('00000000-0000-0000-0000-000000000000', '5c60aac7-784e-41bd-98db-c0b944c93fa6', 'authenticated', 'authenticated', 'vivek+xyz@aglinthq.com', '$2a$10$FzAaYXn.EV0g7SonTs6OnOrm4W.g/hP66a3VwVqiU95oRw3U23Wla', NULL, NULL, '', NULL, '', NULL, '', '', NULL, NULL, '{"provider": "email", "providers": ["email"]}', '{}', NULL, '2024-10-16 05:51:11.76929+00', '2024-10-16 05:51:11.774742+00', NULL, NULL, '', '', NULL, '', 0, NULL, '', NULL, false, NULL, false),
	('00000000-0000-0000-0000-000000000000', '93fc538d-fd03-4eb2-8953-7b1bdcfe7265', 'authenticated', 'authenticated', 'raimon+999@aglinthq.com', '$2a$10$tLpcnFivXDhhQFcnBJiSWOTACZqe5ofOA5xQ9R/XI553IsmPh/AyG', '2024-10-16 09:27:10.736401+00', NULL, '', NULL, 'pkce_f8db7efad75fa668c9fcf0db6ea0070e0af05b6739d2f6320eb48a4d', '2024-10-16 09:43:34.491718+00', '', '', NULL, '2024-10-16 09:27:10.739862+00', '{"provider": "email", "providers": ["email"]}', '{}', NULL, '2024-10-16 09:27:06.661349+00', '2024-10-16 09:43:35.69328+00', NULL, NULL, '', '', NULL, '', 0, NULL, '', NULL, false, NULL, false),
	('00000000-0000-0000-0000-000000000000', 'b3d44017-6b55-46f9-999d-0eed1084f873', 'authenticated', 'authenticated', 'dheeraj+1@aglinthq.com', '$2a$10$OAFU4BguJrudv46AeqUieOL8rzyXlC1eORkzRee6bK43GqEj7EElO', '2024-10-16 14:55:33.326851+00', NULL, '', NULL, 'pkce_be5bca5fb92224aea5f9329d53214d3cb80d77572325dedaf0c1c272', '2024-10-16 14:55:33.344112+00', '', '', NULL, '2024-10-16 14:55:33.330562+00', '{"provider": "email", "providers": ["email"]}', '{}', NULL, '2024-10-16 14:55:26.122277+00', '2024-10-16 14:55:34.591471+00', NULL, NULL, '', '', NULL, '', 0, NULL, '', NULL, false, NULL, false),
	('00000000-0000-0000-0000-000000000000', 'dd5333d0-3a02-491f-b1b7-ad053f5321cd', 'authenticated', 'authenticated', 'hospital@aglinthq.com', '$2a$10$RCC8aYcALnmdYg0fTPAGu.E2cSv49SfTZBU9vnBrSiU.iAyaVwy1e', '2024-10-16 12:23:43.108671+00', NULL, '', NULL, '', NULL, '', '', NULL, '2024-10-16 12:31:33.769641+00', '{"provider": "email", "providers": ["email"]}', '{"sub": "dd5333d0-3a02-491f-b1b7-ad053f5321cd", "email": "hospital@aglinthq.com", "email_verified": false, "phone_verified": false}', NULL, '2024-10-16 12:23:43.099825+00', '2024-10-16 13:31:36.158439+00', NULL, NULL, '', '', NULL, '', 0, NULL, '', NULL, false, NULL, false),
	('00000000-0000-0000-0000-000000000000', 'd1bc8b83-cc8b-4051-a2c9-2fcfb1397e1e', 'authenticated', 'authenticated', 'raimon+6@aglinthq.com', '$2a$10$IRoN/nkuxxiAOW2j6qz4O.ae4ln4vDvQ4BmYEKH3TAQNzwbIzPmAG', '2024-10-16 08:37:58.165802+00', NULL, '', NULL, '', NULL, '', '', NULL, '2024-10-16 08:37:58.169024+00', '{"provider": "email", "providers": ["email"]}', '{}', NULL, '2024-10-16 08:37:54.943363+00', '2024-10-16 08:37:58.171345+00', NULL, NULL, '', '', NULL, '', 0, NULL, '', NULL, false, NULL, false),
	('00000000-0000-0000-0000-000000000000', '40d49f71-0dc8-485c-b734-dde52b323907', 'authenticated', 'authenticated', 'vivek+123@aglinthq.com', '$2a$10$ysqFJ8uU09aIFw/FEZdCA.eySesl8rCd/MqkEASQcspEuFta5LgSW', NULL, NULL, '', NULL, '', NULL, '', '', NULL, NULL, '{"provider": "email", "providers": ["email"]}', '{}', NULL, '2024-10-16 05:59:24.483697+00', '2024-10-16 05:59:24.488806+00', NULL, NULL, '', '', NULL, '', 0, NULL, '', NULL, false, NULL, false),
	('00000000-0000-0000-0000-000000000000', '2af1fb19-fc3b-4b8d-9446-d9a45ff5b52a', 'authenticated', 'authenticated', 'ravi+999@aglinthq.com', '$2a$10$m47ykAnZz2wZN.LBc12QAevewWUYiUivZrqkFYyFPvclcSI/mEm1m', '2024-10-16 12:56:31.62532+00', NULL, '', NULL, '', '2024-10-16 17:37:03.497489+00', '', '', NULL, '2024-10-16 17:37:12.603096+00', '{"provider": "email", "providers": ["email"]}', '{}', NULL, '2024-10-16 12:56:26.522928+00', '2024-10-17 02:31:35.4114+00', NULL, NULL, '', '', NULL, '', 0, NULL, '', NULL, false, NULL, false),
	('00000000-0000-0000-0000-000000000000', '4b4dbacf-1d3e-4ddb-ad60-0980cd2bd72d', 'authenticated', 'authenticated', 'raimon+7@aglinthq.com', '$2a$10$sBpPd1X8loBc21ZYEv7CNevsTlIGTpnObmS4ufQIRtGl2UAQ8UJCO', '2024-10-16 08:43:38.17165+00', NULL, '', NULL, '', NULL, '', '', NULL, '2024-10-16 08:43:38.174702+00', '{"provider": "email", "providers": ["email"]}', '{}', NULL, '2024-10-16 08:43:34.329263+00', '2024-10-16 08:43:38.177431+00', NULL, NULL, '', '', NULL, '', 0, NULL, '', NULL, false, NULL, false),
	('00000000-0000-0000-0000-000000000000', '95fd239d-d500-4330-b546-faf7980d426f', 'authenticated', 'authenticated', 'dheeraj+2@aglinthq.com', '$2a$10$2ip12NQLvc2GQOkeAT42ROjSbaaBB43/RtD2tY3xa1ePQnjXgAnZe', '2024-10-16 15:20:11.202787+00', NULL, '', NULL, '', '2024-10-16 15:20:11.21747+00', '', '', NULL, '2024-10-16 15:22:28.997477+00', '{"provider": "email", "providers": ["email"]}', '{}', NULL, '2024-10-16 15:20:05.988395+00', '2024-10-16 15:22:29.001749+00', NULL, NULL, '', '', NULL, '', 0, NULL, '', NULL, false, NULL, false),
	('00000000-0000-0000-0000-000000000000', 'd1fe12df-9a69-4804-93ff-4b9cdb470c64', 'authenticated', 'authenticated', 'dheeraj+3@aglinthq.com', '$2a$10$VQ/xjic2sO691SM2fiqMVercB/Pc5ZhL/9dztAlPDGS7v9.1PejVK', '2024-10-16 15:31:01.74087+00', NULL, '', NULL, '', '2024-10-16 15:31:01.756653+00', '', '', NULL, '2024-10-16 15:31:31.404042+00', '{"provider": "email", "providers": ["email"]}', '{}', NULL, '2024-10-16 15:30:57.712763+00', '2024-10-17 03:05:13.328235+00', NULL, NULL, '', '', NULL, '', 0, NULL, '', NULL, false, NULL, false),
	('00000000-0000-0000-0000-000000000000', '0cf3d057-e1cf-4f18-9ba8-dfe467944631', 'authenticated', 'authenticated', 'raimon+pn@aglinthq.com', '$2a$10$91sYWlv1A6S2EffP0O.yaOpKMKqKGs3jrftBdsXQIVT8/upcsbyXy', '2024-10-16 13:58:26.863015+00', NULL, '', NULL, '', '2024-10-16 14:10:02.46376+00', '', '', NULL, '2024-10-16 14:10:29.53311+00', '{"provider": "email", "providers": ["email"]}', '{}', NULL, '2024-10-16 13:58:21.385139+00', '2024-10-17 04:21:58.415354+00', NULL, NULL, '', '', NULL, '', 0, NULL, '', NULL, false, NULL, false),
	('00000000-0000-0000-0000-000000000000', '5acf67eb-c0a2-4b21-b7d3-404065db1567', 'authenticated', 'authenticated', 'raimon+nurse@aglinthq.com', '$2a$10$6BitJKIbj3pj6785jXZkCeX10NN2wZFddkYkprDOTScyiBf1lquwS', '2024-10-16 13:53:38.101258+00', NULL, '', NULL, '', '2024-10-16 13:53:38.117611+00', '', '', NULL, '2024-10-16 13:54:13.038778+00', '{"provider": "email", "providers": ["email"]}', '{}', NULL, '2024-10-16 06:10:19.517303+00', '2024-10-16 13:54:13.040652+00', NULL, NULL, '', '', NULL, '', 0, NULL, '', NULL, false, NULL, false),
	('00000000-0000-0000-0000-000000000000', '0933f6b3-db9c-4bd0-8cc5-c4e9062af9a1', 'authenticated', 'authenticated', 'raimon+9@aglinthq.com', '$2a$10$hqZzs2r0.RmL8wQhX.55bO.c.FMk4DRLx4ByKN6WBWCDqK7QzOzzW', '2024-10-16 09:01:47.577968+00', NULL, '', NULL, '', NULL, '', '', NULL, '2024-10-16 09:01:47.580845+00', '{"provider": "email", "providers": ["email"]}', '{}', NULL, '2024-10-16 09:01:44.587009+00', '2024-10-16 09:01:47.583201+00', NULL, NULL, '', '', NULL, '', 0, NULL, '', NULL, false, NULL, false),
	('00000000-0000-0000-0000-000000000000', '56b77f45-7449-4a02-b139-7921c60435d3', 'authenticated', 'authenticated', 'chinmai@aglinthq.com', '$2a$10$eTgb/Gltvpe3g4d9dYyb2.avCndL4ANI/UyqB0viB.nFcxxbRtiLS', '2024-10-16 08:11:47.4998+00', NULL, '', NULL, '', '2024-10-16 10:19:01.133382+00', '', '', NULL, '2024-10-16 10:19:08.559389+00', '{"provider": "email", "providers": ["email"]}', '{}', NULL, '2024-10-16 08:11:43.816655+00', '2024-10-16 10:19:08.561014+00', NULL, NULL, '', '', NULL, '', 0, NULL, '', NULL, false, NULL, false),
	('00000000-0000-0000-0000-000000000000', '4a3d211a-e70d-4db9-bdd2-cb0cc63967c5', 'authenticated', 'authenticated', 'vivek+abc@aglinthq.com', '$2a$10$Cz6psrRmabWiRMJzE8fpJ.mTpabHYRAjRQuB/ejV8jSked4OqeQ0.', NULL, NULL, '', NULL, '', NULL, '', '', NULL, NULL, '{"provider": "email", "providers": ["email"]}', '{}', NULL, '2024-10-16 06:17:34.650001+00', '2024-10-16 06:17:34.654806+00', NULL, NULL, '', '', NULL, '', 0, NULL, '', NULL, false, NULL, false),
	('00000000-0000-0000-0000-000000000000', '7c67336f-4439-486e-bff0-9e52d11fe013', 'authenticated', 'authenticated', 'raimon+nurse2@aglinthq.com', '$2a$10$2DQUhOGJjPpL7J4C5rdHA.IMGdvc5T1fBrd1qkKj0PVAA8jm7PsAO', NULL, NULL, '', NULL, '', NULL, '', '', NULL, NULL, '{"provider": "email", "providers": ["email"]}', '{}', NULL, '2024-10-16 07:54:47.624703+00', '2024-10-16 07:54:47.630925+00', NULL, NULL, '', '', NULL, '', 0, NULL, '', NULL, false, NULL, false),
	('00000000-0000-0000-0000-000000000000', 'fc60a5b5-1cf3-4110-9587-21ff0b7c2670', 'authenticated', 'authenticated', 'raimon+taylor@aglinthq.com', '$2a$10$Gg.D5BypVJ6H1/3rdVBKJeC6uQUwXVn1DfvOoxpp14BQzuzTxubQm', NULL, NULL, '', NULL, '', NULL, '', '', NULL, NULL, '{"provider": "email", "providers": ["email"]}', '{}', NULL, '2024-10-16 07:55:14.338428+00', '2024-10-16 07:55:14.341045+00', NULL, NULL, '', '', NULL, '', 0, NULL, '', NULL, false, NULL, false),
	('00000000-0000-0000-0000-000000000000', 'b5d4c5f2-2265-493a-8970-08eea132f63f', 'authenticated', 'authenticated', 'ravi@aglinthq.com', '$2a$10$iI85hsUIcFz5k1by96XRUOqiXIY5Bfj5PxfLeufUPg/sGdO0DGl.m', '2024-10-16 04:44:29.971537+00', NULL, '', NULL, '', '2024-10-16 10:29:53.12336+00', '', '', NULL, '2024-10-16 10:30:03.086121+00', '{"provider": "email", "providers": ["email"]}', '{}', NULL, '2024-10-16 04:18:36.495575+00', '2024-10-16 12:30:33.16943+00', NULL, NULL, '', '', NULL, '', 0, NULL, '', NULL, false, NULL, false),
	('00000000-0000-0000-0000-000000000000', '80fc95fc-fdbf-425b-827e-24d6828d0369', 'authenticated', 'authenticated', 'raimon@aglinthq.com', '$2a$10$zh9KVeWWALl5QfaTEZn1L.UTdLT0aCgUJfIJSFJRNpwX859.ACtcC', '2024-10-16 09:54:55.317134+00', NULL, '', NULL, '', NULL, '', '', NULL, '2024-10-16 09:54:55.320376+00', '{"provider": "email", "providers": ["email"]}', '{}', NULL, '2024-10-16 07:55:22.264485+00', '2024-10-16 13:47:42.021777+00', NULL, NULL, '', '', NULL, '', 0, NULL, '', NULL, false, NULL, false),
	('00000000-0000-0000-0000-000000000000', 'b27f8d46-90c0-403c-a78f-56eb152e9c89', 'authenticated', 'authenticated', 'chinmai+1@aglinthq.com', '$2a$10$gkK.7fdOkiitCcSpo6F0meFkL9IAWOdAyIBeekm79W.VVYkD4ojia', '2024-10-16 08:12:35.469444+00', NULL, '', NULL, '', NULL, '', '', NULL, '2024-10-16 08:12:35.471852+00', '{"provider": "email", "providers": ["email"]}', '{}', NULL, '2024-10-16 08:12:32.023371+00', '2024-10-16 08:12:35.4737+00', NULL, NULL, '', '', NULL, '', 0, NULL, '', NULL, false, NULL, false),
	('00000000-0000-0000-0000-000000000000', '166f1d10-bce3-40ce-9ac2-4d115598d27f', 'authenticated', 'authenticated', 'ravi+sofia@aglinthq.com', '$2a$10$RpaVlAeD4/6m4FbUX3Tfwu/xzig6DYm2ulvILd0ZIWJ4BHpd9TEZu', '2024-10-16 17:30:15.435952+00', NULL, '', NULL, '', '2024-10-16 17:30:15.45217+00', '', '', NULL, '2024-10-16 17:30:15.439086+00', '{"provider": "email", "providers": ["email"]}', '{}', NULL, '2024-10-16 17:30:09.060224+00', '2024-10-16 17:30:29.769674+00', NULL, NULL, '', '', NULL, '', 0, NULL, '', NULL, false, NULL, false),
	('00000000-0000-0000-0000-000000000000', '10ece31b-a932-4e3b-bcbf-b5a6ff356224', 'authenticated', 'authenticated', 'ravi+1@aglinthq.com', '$2a$10$qeyAgNZIif5gSlkU3QpHa.gKTTu2kx7YeCauCQzicbQyct9ss/mPq', '2024-10-16 05:10:19.675983+00', NULL, '', NULL, '', '2024-10-16 05:10:19.689915+00', '', '', NULL, '2024-10-16 05:10:29.725845+00', '{"provider": "email", "providers": ["email"]}', '{}', NULL, '2024-10-16 04:29:06.998795+00', '2024-10-16 10:26:22.67727+00', NULL, NULL, '', '', NULL, '', 0, NULL, '', NULL, false, NULL, false),
	('00000000-0000-0000-0000-000000000000', 'abc5cbe2-303f-47dc-aec1-f71cfee88642', 'authenticated', 'authenticated', 'raimon+nurse3@aglinthq.com', '$2a$10$7wRYBZDX0Vwbg6Z.17Q8XOfN1tBjUSLuHjgd7qge2DpNpLbxa/XfK', '2024-10-16 08:23:58.294051+00', NULL, '', NULL, '', NULL, '', '', NULL, '2024-10-16 08:23:58.296784+00', '{"provider": "email", "providers": ["email"]}', '{}', NULL, '2024-10-16 08:23:54.460579+00', '2024-10-16 08:23:58.299425+00', NULL, NULL, '', '', NULL, '', 0, NULL, '', NULL, false, NULL, false),
	('00000000-0000-0000-0000-000000000000', 'dcfb88f8-c65f-4fd2-8f2b-c2f5e44733fe', 'authenticated', 'authenticated', 'ravi+jecica@aglinthq.com', '$2a$10$uDk60H2uajwTUFG0BO59v.fNrubbzQISS.9N5YaIJ0HyhbnUtlnAO', '2024-10-16 17:34:22.62375+00', NULL, '', NULL, '', '2024-10-16 17:34:47.184105+00', '', '', NULL, '2024-10-16 17:35:00.530381+00', '{"provider": "email", "providers": ["email"]}', '{}', NULL, '2024-10-16 17:34:17.319324+00', '2024-10-16 17:35:00.53313+00', NULL, NULL, '', '', NULL, '', 0, NULL, '', NULL, false, NULL, false),
	('00000000-0000-0000-0000-000000000000', '21afb6e4-a256-43cc-a334-6ec2839057d8', 'authenticated', 'authenticated', 'raimon+nurse34@aglinthq.com', '$2a$10$ePo8bDQ/wE/vsgrLR/hpSuHOGfP/aeMNtJf6CeoTkM3gF4JktPjXm', '2024-10-16 08:24:46.686252+00', NULL, '', NULL, '', NULL, '', '', NULL, '2024-10-16 08:24:46.688644+00', '{"provider": "email", "providers": ["email"]}', '{}', NULL, '2024-10-16 08:24:42.990086+00', '2024-10-16 08:24:46.690244+00', NULL, NULL, '', '', NULL, '', 0, NULL, '', NULL, false, NULL, false),
	('00000000-0000-0000-0000-000000000000', '24bcd469-62e4-41fd-b8a4-78f9f81bafe0', 'authenticated', 'authenticated', 'raimooonnn@gmail.com', '$2a$10$tkoP0n/xpnp1WpV0iVdV2.f3UOK6UyVSV.HMuXRK3wRGE3KKso1Vi', '2024-10-16 08:25:36.58555+00', NULL, '', NULL, '', NULL, '', '', NULL, '2024-10-16 08:25:36.588107+00', '{"provider": "email", "providers": ["email"]}', '{}', NULL, '2024-10-16 08:25:32.956184+00', '2024-10-16 08:25:36.589753+00', NULL, NULL, '', '', NULL, '', 0, NULL, '', NULL, false, NULL, false);


--
-- Data for Name: identities; Type: TABLE DATA; Schema: auth; Owner: supabase_auth_admin
--

INSERT INTO "auth"."identities" ("provider_id", "user_id", "identity_data", "provider", "last_sign_in_at", "created_at", "updated_at", "id") VALUES
	('b5d4c5f2-2265-493a-8970-08eea132f63f', 'b5d4c5f2-2265-493a-8970-08eea132f63f', '{"sub": "b5d4c5f2-2265-493a-8970-08eea132f63f", "email": "ravi@aglinthq.com", "email_verified": false, "phone_verified": false}', 'email', '2024-10-16 04:18:36.501699+00', '2024-10-16 04:18:36.501776+00', '2024-10-16 04:18:36.501776+00', 'd97cdb6a-546a-48c9-861a-c1a6ee708e60'),
	('10ece31b-a932-4e3b-bcbf-b5a6ff356224', '10ece31b-a932-4e3b-bcbf-b5a6ff356224', '{"sub": "10ece31b-a932-4e3b-bcbf-b5a6ff356224", "email": "ravi+1@aglinthq.com", "email_verified": false, "phone_verified": false}', 'email', '2024-10-16 04:29:07.002728+00', '2024-10-16 04:29:07.002785+00', '2024-10-16 04:29:07.002785+00', '78f83ba0-2e66-4e49-af15-d2cde82c7979'),
	('d475c90a-2563-4b31-91a6-7fb6f6860ddd', 'd475c90a-2563-4b31-91a6-7fb6f6860ddd', '{"sub": "d475c90a-2563-4b31-91a6-7fb6f6860ddd", "email": "ravi+16@aglinthq.com", "email_verified": false, "phone_verified": false}', 'email', '2024-10-16 05:20:09.491119+00', '2024-10-16 05:20:09.491202+00', '2024-10-16 05:20:09.491202+00', 'cfe441bc-2d59-472e-871e-a6990fff18b8'),
	('7eca8cc3-2d39-41fc-8f58-42153fc4f2b3', '7eca8cc3-2d39-41fc-8f58-42153fc4f2b3', '{"sub": "7eca8cc3-2d39-41fc-8f58-42153fc4f2b3", "email": "vivek@aglinthq.com", "email_verified": false, "phone_verified": false}', 'email', '2024-10-16 05:31:52.076059+00', '2024-10-16 05:31:52.076122+00', '2024-10-16 05:31:52.076122+00', '6b0a6f16-5c3f-40a7-8e65-638d9719617e'),
	('5c60aac7-784e-41bd-98db-c0b944c93fa6', '5c60aac7-784e-41bd-98db-c0b944c93fa6', '{"sub": "5c60aac7-784e-41bd-98db-c0b944c93fa6", "email": "vivek+xyz@aglinthq.com", "email_verified": false, "phone_verified": false}', 'email', '2024-10-16 05:51:11.772475+00', '2024-10-16 05:51:11.772546+00', '2024-10-16 05:51:11.772546+00', '3ce495a2-d260-424a-9bfd-8b998aed10d2'),
	('40d49f71-0dc8-485c-b734-dde52b323907', '40d49f71-0dc8-485c-b734-dde52b323907', '{"sub": "40d49f71-0dc8-485c-b734-dde52b323907", "email": "vivek+123@aglinthq.com", "email_verified": false, "phone_verified": false}', 'email', '2024-10-16 05:59:24.486546+00', '2024-10-16 05:59:24.486603+00', '2024-10-16 05:59:24.486603+00', '056dca9c-a6c8-4a99-b7e6-4cbeeb74cfb4'),
	('5acf67eb-c0a2-4b21-b7d3-404065db1567', '5acf67eb-c0a2-4b21-b7d3-404065db1567', '{"sub": "5acf67eb-c0a2-4b21-b7d3-404065db1567", "email": "raimon+nurse@aglinthq.com", "email_verified": false, "phone_verified": false}', 'email', '2024-10-16 06:10:19.520224+00', '2024-10-16 06:10:19.520286+00', '2024-10-16 06:10:19.520286+00', '4e425573-d053-47d4-9823-bc98c8ac1ce2'),
	('4a3d211a-e70d-4db9-bdd2-cb0cc63967c5', '4a3d211a-e70d-4db9-bdd2-cb0cc63967c5', '{"sub": "4a3d211a-e70d-4db9-bdd2-cb0cc63967c5", "email": "vivek+abc@aglinthq.com", "email_verified": false, "phone_verified": false}', 'email', '2024-10-16 06:17:34.652815+00', '2024-10-16 06:17:34.652868+00', '2024-10-16 06:17:34.652868+00', 'e608c62f-7e0f-4768-9fcc-7b8385a0b968'),
	('7c67336f-4439-486e-bff0-9e52d11fe013', '7c67336f-4439-486e-bff0-9e52d11fe013', '{"sub": "7c67336f-4439-486e-bff0-9e52d11fe013", "email": "raimon+nurse2@aglinthq.com", "email_verified": false, "phone_verified": false}', 'email', '2024-10-16 07:54:47.628463+00', '2024-10-16 07:54:47.628564+00', '2024-10-16 07:54:47.628564+00', '5a82f757-ee5b-4af3-a454-951b2c8a8b8c'),
	('fc60a5b5-1cf3-4110-9587-21ff0b7c2670', 'fc60a5b5-1cf3-4110-9587-21ff0b7c2670', '{"sub": "fc60a5b5-1cf3-4110-9587-21ff0b7c2670", "email": "raimon+taylor@aglinthq.com", "email_verified": false, "phone_verified": false}', 'email', '2024-10-16 07:55:14.339414+00', '2024-10-16 07:55:14.33947+00', '2024-10-16 07:55:14.33947+00', '311ad190-6524-4fcf-9309-0ab7ed8f188d'),
	('80fc95fc-fdbf-425b-827e-24d6828d0369', '80fc95fc-fdbf-425b-827e-24d6828d0369', '{"sub": "80fc95fc-fdbf-425b-827e-24d6828d0369", "email": "raimon@aglinthq.com", "email_verified": false, "phone_verified": false}', 'email', '2024-10-16 07:55:22.265404+00', '2024-10-16 07:55:22.265453+00', '2024-10-16 07:55:22.265453+00', '22453052-6996-42fc-b5cf-074b4ce6bb59'),
	('12ee93c2-a325-458d-a8a7-939147b7f632', '12ee93c2-a325-458d-a8a7-939147b7f632', '{"sub": "12ee93c2-a325-458d-a8a7-939147b7f632", "email": "puneeth@aglinthq.com", "email_verified": false, "phone_verified": false}', 'email', '2024-10-16 07:56:35.70962+00', '2024-10-16 07:56:35.709674+00', '2024-10-16 07:56:35.709674+00', 'c52195cf-07a4-4734-945b-78e3afe22462'),
	('7a844993-3383-422d-80c7-fbaa59498556', '7a844993-3383-422d-80c7-fbaa59498556', '{"sub": "7a844993-3383-422d-80c7-fbaa59498556", "email": "raimon+mat@aglinthq.com", "email_verified": false, "phone_verified": false}', 'email', '2024-10-16 07:59:45.030361+00', '2024-10-16 07:59:45.030467+00', '2024-10-16 07:59:45.030467+00', '6cb0e983-c8e9-484d-b76f-54621faed54a'),
	('56b77f45-7449-4a02-b139-7921c60435d3', '56b77f45-7449-4a02-b139-7921c60435d3', '{"sub": "56b77f45-7449-4a02-b139-7921c60435d3", "email": "chinmai@aglinthq.com", "email_verified": false, "phone_verified": false}', 'email', '2024-10-16 08:11:43.819417+00', '2024-10-16 08:11:43.819468+00', '2024-10-16 08:11:43.819468+00', '5e9c220e-2634-4519-b742-55e6b937c994'),
	('b27f8d46-90c0-403c-a78f-56eb152e9c89', 'b27f8d46-90c0-403c-a78f-56eb152e9c89', '{"sub": "b27f8d46-90c0-403c-a78f-56eb152e9c89", "email": "chinmai+1@aglinthq.com", "email_verified": false, "phone_verified": false}', 'email', '2024-10-16 08:12:32.024543+00', '2024-10-16 08:12:32.024812+00', '2024-10-16 08:12:32.024812+00', '0635fe05-698b-4aa6-9d22-1eae40554daf'),
	('abc5cbe2-303f-47dc-aec1-f71cfee88642', 'abc5cbe2-303f-47dc-aec1-f71cfee88642', '{"sub": "abc5cbe2-303f-47dc-aec1-f71cfee88642", "email": "raimon+nurse3@aglinthq.com", "email_verified": false, "phone_verified": false}', 'email', '2024-10-16 08:23:54.463359+00', '2024-10-16 08:23:54.463413+00', '2024-10-16 08:23:54.463413+00', 'f691efe5-944c-41f8-8ab3-519dcfb0cdab'),
	('21afb6e4-a256-43cc-a334-6ec2839057d8', '21afb6e4-a256-43cc-a334-6ec2839057d8', '{"sub": "21afb6e4-a256-43cc-a334-6ec2839057d8", "email": "raimon+nurse34@aglinthq.com", "email_verified": false, "phone_verified": false}', 'email', '2024-10-16 08:24:42.991041+00', '2024-10-16 08:24:42.991089+00', '2024-10-16 08:24:42.991089+00', '51bf0469-673a-45a9-9cad-6d4b55a0ffa0'),
	('24bcd469-62e4-41fd-b8a4-78f9f81bafe0', '24bcd469-62e4-41fd-b8a4-78f9f81bafe0', '{"sub": "24bcd469-62e4-41fd-b8a4-78f9f81bafe0", "email": "raimooonnn@gmail.com", "email_verified": false, "phone_verified": false}', 'email', '2024-10-16 08:25:32.957173+00', '2024-10-16 08:25:32.957226+00', '2024-10-16 08:25:32.957226+00', '2275ab9a-34f9-4a69-8e0a-b55bb794035f'),
	('071615f6-6d45-4ab9-a937-24fc384d2f01', '071615f6-6d45-4ab9-a937-24fc384d2f01', '{"sub": "071615f6-6d45-4ab9-a937-24fc384d2f01", "email": "raimon+nurse4@aglinthq.com", "email_verified": false, "phone_verified": false}', 'email', '2024-10-16 08:27:18.553209+00', '2024-10-16 08:27:18.553263+00', '2024-10-16 08:27:18.553263+00', '1cbc7635-c05c-42de-8327-12bf5ef427f6'),
	('f86c8d2a-a9fd-4a5e-b62e-db473fe7dc8f', 'f86c8d2a-a9fd-4a5e-b62e-db473fe7dc8f', '{"sub": "f86c8d2a-a9fd-4a5e-b62e-db473fe7dc8f", "email": "raimon+1@aglinthq.com", "email_verified": false, "phone_verified": false}', 'email', '2024-10-16 08:29:19.475073+00', '2024-10-16 08:29:19.475139+00', '2024-10-16 08:29:19.475139+00', '7b48951f-97f9-4cb9-b58b-f63cf3d86a7f'),
	('d1bc8b83-cc8b-4051-a2c9-2fcfb1397e1e', 'd1bc8b83-cc8b-4051-a2c9-2fcfb1397e1e', '{"sub": "d1bc8b83-cc8b-4051-a2c9-2fcfb1397e1e", "email": "raimon+6@aglinthq.com", "email_verified": false, "phone_verified": false}', 'email', '2024-10-16 08:37:54.946122+00', '2024-10-16 08:37:54.946176+00', '2024-10-16 08:37:54.946176+00', 'fa94aaac-4e1d-457e-86bf-914e1f22a0f8'),
	('4b4dbacf-1d3e-4ddb-ad60-0980cd2bd72d', '4b4dbacf-1d3e-4ddb-ad60-0980cd2bd72d', '{"sub": "4b4dbacf-1d3e-4ddb-ad60-0980cd2bd72d", "email": "raimon+7@aglinthq.com", "email_verified": false, "phone_verified": false}', 'email', '2024-10-16 08:43:34.332044+00', '2024-10-16 08:43:34.332098+00', '2024-10-16 08:43:34.332098+00', 'fa9a21f5-8ad2-4d8c-b252-1d4dd87481be'),
	('0933f6b3-db9c-4bd0-8cc5-c4e9062af9a1', '0933f6b3-db9c-4bd0-8cc5-c4e9062af9a1', '{"sub": "0933f6b3-db9c-4bd0-8cc5-c4e9062af9a1", "email": "raimon+9@aglinthq.com", "email_verified": false, "phone_verified": false}', 'email', '2024-10-16 09:01:44.589704+00', '2024-10-16 09:01:44.589759+00', '2024-10-16 09:01:44.589759+00', '2c475a8f-4168-4ea2-9e6e-d2e4ace30f5f'),
	('cc7707d6-671a-4f0b-a9b8-f6d05896a3b9', 'cc7707d6-671a-4f0b-a9b8-f6d05896a3b9', '{"sub": "cc7707d6-671a-4f0b-a9b8-f6d05896a3b9", "email": "raimon+11@aglinthq.com", "email_verified": false, "phone_verified": false}', 'email', '2024-10-16 09:13:04.124601+00', '2024-10-16 09:13:04.12466+00', '2024-10-16 09:13:04.12466+00', '683acad8-614a-498d-99a5-8e7619d107ff'),
	('b7b7987b-d34b-4336-b9f4-c8e7b693e90a', 'b7b7987b-d34b-4336-b9f4-c8e7b693e90a', '{"sub": "b7b7987b-d34b-4336-b9f4-c8e7b693e90a", "email": "raimon+12@aglinthq.com", "email_verified": false, "phone_verified": false}', 'email', '2024-10-16 09:15:20.705828+00', '2024-10-16 09:15:20.705882+00', '2024-10-16 09:15:20.705882+00', '8a125813-20c4-4472-8ee0-751036683127'),
	('93fc538d-fd03-4eb2-8953-7b1bdcfe7265', '93fc538d-fd03-4eb2-8953-7b1bdcfe7265', '{"sub": "93fc538d-fd03-4eb2-8953-7b1bdcfe7265", "email": "raimon+999@aglinthq.com", "email_verified": false, "phone_verified": false}', 'email', '2024-10-16 09:27:06.664346+00', '2024-10-16 09:27:06.664401+00', '2024-10-16 09:27:06.664401+00', 'ab88ad44-f61e-4ac4-bc5e-b3712a3d128c'),
	('dd5333d0-3a02-491f-b1b7-ad053f5321cd', 'dd5333d0-3a02-491f-b1b7-ad053f5321cd', '{"sub": "dd5333d0-3a02-491f-b1b7-ad053f5321cd", "email": "hospital@aglinthq.com", "email_verified": false, "phone_verified": false}', 'email', '2024-10-16 12:23:43.105046+00', '2024-10-16 12:23:43.105096+00', '2024-10-16 12:23:43.105096+00', '613b81d9-c38e-41e3-bbde-22c6e9c26065'),
	('2af1fb19-fc3b-4b8d-9446-d9a45ff5b52a', '2af1fb19-fc3b-4b8d-9446-d9a45ff5b52a', '{"sub": "2af1fb19-fc3b-4b8d-9446-d9a45ff5b52a", "email": "ravi+999@aglinthq.com", "email_verified": false, "phone_verified": false}', 'email', '2024-10-16 12:56:26.525843+00', '2024-10-16 12:56:26.525901+00', '2024-10-16 12:56:26.525901+00', '641147c5-a848-4b8c-a992-76f4c03985ad'),
	('0cf3d057-e1cf-4f18-9ba8-dfe467944631', '0cf3d057-e1cf-4f18-9ba8-dfe467944631', '{"sub": "0cf3d057-e1cf-4f18-9ba8-dfe467944631", "email": "raimon+pn@aglinthq.com", "email_verified": false, "phone_verified": false}', 'email', '2024-10-16 13:58:21.387867+00', '2024-10-16 13:58:21.387925+00', '2024-10-16 13:58:21.387925+00', 'cd3c082d-0beb-47d9-9606-8afa5755d933'),
	('bd9ff50d-2ce4-4f1e-9422-3c580a236b12', 'bd9ff50d-2ce4-4f1e-9422-3c580a236b12', '{"sub": "bd9ff50d-2ce4-4f1e-9422-3c580a236b12", "email": "dheeraj@aglinthq.com", "email_verified": false, "phone_verified": false}', 'email', '2024-10-16 14:41:00.934594+00', '2024-10-16 14:41:00.934654+00', '2024-10-16 14:41:00.934654+00', 'cefd81e1-07c8-4f85-bab5-3726ba2b6955'),
	('b3d44017-6b55-46f9-999d-0eed1084f873', 'b3d44017-6b55-46f9-999d-0eed1084f873', '{"sub": "b3d44017-6b55-46f9-999d-0eed1084f873", "email": "dheeraj+1@aglinthq.com", "email_verified": false, "phone_verified": false}', 'email', '2024-10-16 14:55:26.125971+00', '2024-10-16 14:55:26.126038+00', '2024-10-16 14:55:26.126038+00', 'f3350d78-d279-4c67-997c-d88804f18355'),
	('95fd239d-d500-4330-b546-faf7980d426f', '95fd239d-d500-4330-b546-faf7980d426f', '{"sub": "95fd239d-d500-4330-b546-faf7980d426f", "email": "dheeraj+2@aglinthq.com", "email_verified": false, "phone_verified": false}', 'email', '2024-10-16 15:20:05.991286+00', '2024-10-16 15:20:05.991342+00', '2024-10-16 15:20:05.991342+00', '76ec5781-6132-4761-9f94-46b3f16cefb4'),
	('d1fe12df-9a69-4804-93ff-4b9cdb470c64', 'd1fe12df-9a69-4804-93ff-4b9cdb470c64', '{"sub": "d1fe12df-9a69-4804-93ff-4b9cdb470c64", "email": "dheeraj+3@aglinthq.com", "email_verified": false, "phone_verified": false}', 'email', '2024-10-16 15:30:57.715671+00', '2024-10-16 15:30:57.715729+00', '2024-10-16 15:30:57.715729+00', 'f044e344-bf7d-4d94-a1be-153f9421d0fb'),
	('166f1d10-bce3-40ce-9ac2-4d115598d27f', '166f1d10-bce3-40ce-9ac2-4d115598d27f', '{"sub": "166f1d10-bce3-40ce-9ac2-4d115598d27f", "email": "ravi+sofia@aglinthq.com", "email_verified": false, "phone_verified": false}', 'email', '2024-10-16 17:30:09.06314+00', '2024-10-16 17:30:09.063223+00', '2024-10-16 17:30:09.063223+00', '6544b301-1261-4edf-a6b5-0376850d061c'),
	('dcfb88f8-c65f-4fd2-8f2b-c2f5e44733fe', 'dcfb88f8-c65f-4fd2-8f2b-c2f5e44733fe', '{"sub": "dcfb88f8-c65f-4fd2-8f2b-c2f5e44733fe", "email": "ravi+jecica@aglinthq.com", "email_verified": false, "phone_verified": false}', 'email', '2024-10-16 17:34:17.322174+00', '2024-10-16 17:34:17.322233+00', '2024-10-16 17:34:17.322233+00', '104e2a69-c2e5-476f-b32d-a48bb8c806bf');


--
-- Data for Name: instances; Type: TABLE DATA; Schema: auth; Owner: supabase_auth_admin
--



--
-- Data for Name: mfa_factors; Type: TABLE DATA; Schema: auth; Owner: supabase_auth_admin
--



--
-- Data for Name: mfa_challenges; Type: TABLE DATA; Schema: auth; Owner: supabase_auth_admin
--



--
-- Data for Name: sso_providers; Type: TABLE DATA; Schema: auth; Owner: supabase_auth_admin
--



--
-- Data for Name: saml_providers; Type: TABLE DATA; Schema: auth; Owner: supabase_auth_admin
--



--
-- Data for Name: saml_relay_states; Type: TABLE DATA; Schema: auth; Owner: supabase_auth_admin
--



--
-- Data for Name: sso_domains; Type: TABLE DATA; Schema: auth; Owner: supabase_auth_admin
--



--
-- Data for Name: key; Type: TABLE DATA; Schema: pgsodium; Owner: supabase_admin
--



--
-- Data for Name: hospitals; Type: TABLE DATA; Schema: public; Owner: postgres
--

INSERT INTO "public"."hospitals" ("id", "hospital_name", "address", "contact_person", "contact_email", "created_at", "created_by", "contact_number") VALUES
	('e7d5ff76-fab3-444b-be00-9fca3e0185c2', 'Appollo', 'Bla bla', 'Chinmai', 'chinmai@aglinthq.com', '2024-10-16 12:24:22.598245+00', 'dd5333d0-3a02-491f-b1b7-ad053f5321cd', '919482306657');


--
-- Data for Name: interview_templates; Type: TABLE DATA; Schema: public; Owner: postgres
--

INSERT INTO "public"."interview_templates" ("id", "name", "status", "version", "published_version", "ai_ending_message", "ai_instructions", "ai_interview_duration", "ai_questions", "ai_welcome_message", "candidate_estimated_time", "candidate_form", "candidate_instructions", "candidate_intro_video_cover_image_url", "candidate_intro_video_url", "candidate_overview", "created_at", "updated_at", "hospital_id") VALUES
	('b253058d-5cbc-46da-8b67-8c9b26c13b76', 'Basic Nursing Interview', 'published', 1, 1, 'Thank you for completing the interview.', '{"Ask follow-up questions if needed","Provide clear instructions"}', 30, 'Why did you choose nursing as a career?', 'Welcome to the nursing interview!', '30 minutes', '{"fields": [{"name": "full_name", "type": "text", "required": true}]}', '{"Answer all questions","Take your time"}', '/images/instructions-cover.png', 'https://resource.heygencdn.com/AIAvatars/caption.mp4', '{"This interview will assess your skills"}', '2024-10-13 10:15:35.124397+00', '2024-10-13 10:15:35.124397+00', 'e7d5ff76-fab3-444b-be00-9fca3e0185c2'),
	('b253058d-5cbc-46da-8b67-8c9b26c13b77', 'Basic Nursing Interview', 'published', 1, 1, 'Thank you for completing the interview.', '{"Can you tell me about your nursing background and what inspired you to pursue a career in nursing?","What areas of nursing have you specialized in, and why did you choose those specialties?","How do you prioritize patient care when dealing with multiple patients with different levels of acuity?","Can you describe a time when you had to handle a medical emergency? What steps did you take, and what was the outcome?","How do you stay updated with the latest medical advancements and practices in nursing?","You’re working with a patient post-surgery, and they suddenly report difficulty breathing. What immediate actions would you take?","You notice that a patient’s medication dosage is incorrect on the chart. What steps would you follow to resolve this issue?","How do you handle conflict within a healthcare team, especially when it comes to differences in patient care approaches?","Can you give an example of how you''ve collaborated with doctors or other healthcare professionals to improve patient outcomes?","How do you ensure that patients feel comfortable and cared for during their hospital stay?","Describe a time when you provided emotional support to a patient or their family during a difficult situation.","What do you think is the most important quality a nurse should possess, and how do you embody that in your work?","How do you maintain work-life balance while working in a demanding healthcare environment?","What are your career goals in nursing, and how do you see yourself growing in this profession?"}', 30, 'Why did you choose nursing as a career?', 'Welcome to the nursing interview!', '30 minutes', '{"fields": [{"name": "full_name", "type": "text", "required": true}]}', '{"Answer all questions","Take your time"}', '/images/instructions-cover.png', 'https://resource.heygencdn.com/AIAvatars/caption.mp4', '{"This interview will assess your skills"}', '2024-10-13 10:15:35.124397+00', '2024-10-13 10:15:35.124397+00', 'e7d5ff76-fab3-444b-be00-9fca3e0185c2');


--
-- Data for Name: campaigns; Type: TABLE DATA; Schema: public; Owner: postgres
--

INSERT INTO "public"."campaigns" ("id", "name", "campaign_code", "template_id", "template_version", "created_at", "updated_at", "description", "hospital_id") VALUES
	('87796288-6847-4a37-aae1-26317d42c7ed', 'Summer 2023 Nurse Recruitment', 'SUMMER23NURSE', 'b253058d-5cbc-46da-8b67-8c9b26c13b76', 1, '2024-10-13 10:15:35.124397+00', '2024-10-13 10:15:35.124397+00', NULL, 'e7d5ff76-fab3-444b-be00-9fca3e0185c2'),
	('87796288-6847-4a37-aae1-26317d42c7ee', 'Summer 2024 Nurse Recruitment', 'SUMMER24NURSE', 'b253058d-5cbc-46da-8b67-8c9b26c13b77', 1, '2024-10-13 10:15:35.124397+00', '2024-10-13 10:15:35.124397+00', NULL, 'e7d5ff76-fab3-444b-be00-9fca3e0185c2');


--
-- Data for Name: event_logs; Type: TABLE DATA; Schema: public; Owner: postgres
--



--
-- Data for Name: users; Type: TABLE DATA; Schema: public; Owner: postgres
--

INSERT INTO "public"."users" ("id", "email", "first_name", "last_name", "phone_number", "profile_status", "created_at", "terms_accepted", "preferred_job_titles", "preferred_locations", "job_type", "travel_preference", "expected_salary") VALUES
	('b5d4c5f2-2265-493a-8970-08eea132f63f', 'ravi@aglinthq.com', 'Ravi', 'K', NULL, 'resume_uploaded', '2024-10-16 04:18:40.565235+00', false, '{}', '{}', NULL, NULL, NULL),
	('10ece31b-a932-4e3b-bcbf-b5a6ff356224', 'ravi+1@aglinthq.com', 'Ravi', 'K', NULL, 'resume_uploaded', '2024-10-16 04:29:09.974195+00', false, '{}', '{}', NULL, NULL, NULL),
	('d475c90a-2563-4b31-91a6-7fb6f6860ddd', 'ravi+16@aglinthq.com', 'Ravi', '16', NULL, 'resume_uploaded', '2024-10-16 05:20:12.393458+00', false, '{}', '{}', NULL, NULL, NULL),
	('7eca8cc3-2d39-41fc-8f58-42153fc4f2b3', 'vivek@aglinthq.com', 'Vivek Singh', 'VVK', NULL, 'resume_uploaded', '2024-10-16 05:31:55.191943+00', false, '{}', '{}', NULL, NULL, NULL),
	('5c60aac7-784e-41bd-98db-c0b944c93fa6', 'vivek+xyz@aglinthq.com', 'Vivek', 'Singh', NULL, 'resume_uploaded', '2024-10-16 05:51:14.778279+00', false, '{}', '{}', NULL, NULL, NULL),
	('40d49f71-0dc8-485c-b734-dde52b323907', 'vivek+123@aglinthq.com', 'vvk', 'VVK', NULL, 'resume_uploaded', '2024-10-16 05:59:27.687721+00', false, '{}', '{}', NULL, NULL, NULL),
	('5acf67eb-c0a2-4b21-b7d3-404065db1567', 'raimon+nurse@aglinthq.com', 'Katy', 'Perry', NULL, 'resume_uploaded', '2024-10-16 06:10:22.472582+00', false, '{}', '{}', NULL, NULL, NULL),
	('4a3d211a-e70d-4db9-bdd2-cb0cc63967c5', 'vivek+abc@aglinthq.com', 'vvk', 'VVK', NULL, 'resume_uploaded', '2024-10-16 06:17:38.022006+00', false, '{}', '{}', NULL, NULL, NULL),
	('0933f6b3-db9c-4bd0-8cc5-c4e9062af9a1', 'raimon+9@aglinthq.com', 'Raimon', 'SImon', NULL, 'resume_uploaded', '2024-10-16 09:01:44.913286+00', false, '{}', '{}', NULL, NULL, NULL),
	('cc7707d6-671a-4f0b-a9b8-f6d05896a3b9', 'raimon+11@aglinthq.com', 'Raimon', 'simon', NULL, 'resume_uploaded', '2024-10-16 09:13:04.440538+00', false, '{}', '{}', NULL, NULL, NULL),
	('7a844993-3383-422d-80c7-fbaa59498556', 'raimon+mat@aglinthq.com', 'Raimon', 'T Simon', NULL, 'resume_uploaded', '2024-10-16 07:59:45.320694+00', false, '{}', '{}', NULL, NULL, NULL),
	('b7b7987b-d34b-4336-b9f4-c8e7b693e90a', 'raimon+12@aglinthq.com', 'Raimon', 'simon', NULL, 'resume_uploaded', '2024-10-16 09:15:21.153226+00', false, '{}', '{}', NULL, NULL, NULL),
	('56b77f45-7449-4a02-b139-7921c60435d3', 'chinmai@aglinthq.com', 'Chinmai', 'C R', NULL, 'resume_uploaded', '2024-10-16 08:11:44.1521+00', false, '{}', '{}', NULL, NULL, NULL),
	('b27f8d46-90c0-403c-a78f-56eb152e9c89', 'chinmai+1@aglinthq.com', 'Chinmai', 'C R', NULL, 'resume_uploaded', '2024-10-16 08:12:32.349683+00', false, '{}', '{}', NULL, NULL, NULL),
	('abc5cbe2-303f-47dc-aec1-f71cfee88642', 'raimon+nurse3@aglinthq.com', 'Raimon', 'T Simon', NULL, 'resume_uploaded', '2024-10-16 08:23:54.794486+00', false, '{}', '{}', NULL, NULL, NULL),
	('21afb6e4-a256-43cc-a334-6ec2839057d8', 'raimon+nurse34@aglinthq.com', 'Raimon', 'T Simon', NULL, 'resume_uploaded', '2024-10-16 08:24:43.296377+00', false, '{}', '{}', NULL, NULL, NULL),
	('24bcd469-62e4-41fd-b8a4-78f9f81bafe0', 'raimooonnn@gmail.com', 'Raimon', 'T', NULL, 'resume_uploaded', '2024-10-16 08:25:33.298878+00', false, '{}', '{}', NULL, NULL, NULL),
	('071615f6-6d45-4ab9-a937-24fc384d2f01', 'raimon+nurse4@aglinthq.com', 'Raimon', 'Simon', NULL, 'resume_uploaded', '2024-10-16 08:27:18.968089+00', false, '{}', '{}', NULL, NULL, NULL),
	('f86c8d2a-a9fd-4a5e-b62e-db473fe7dc8f', 'raimon+1@aglinthq.com', 'Simba', 'Pr', NULL, 'resume_uploaded', '2024-10-16 08:29:19.849752+00', false, '{}', '{}', NULL, NULL, NULL),
	('d1bc8b83-cc8b-4051-a2c9-2fcfb1397e1e', 'raimon+6@aglinthq.com', 'Raimon', 'raimon', NULL, 'resume_uploaded', '2024-10-16 08:37:55.442864+00', false, '{}', '{}', NULL, NULL, NULL),
	('4b4dbacf-1d3e-4ddb-ad60-0980cd2bd72d', 'raimon+7@aglinthq.com', 'Raimon', 'raimon', NULL, 'resume_uploaded', '2024-10-16 08:43:34.656819+00', false, '{}', '{}', NULL, NULL, NULL),
	('93fc538d-fd03-4eb2-8953-7b1bdcfe7265', 'raimon+999@aglinthq.com', 'Raimon', 'Simon', NULL, 'resume_uploaded', '2024-10-16 09:27:07.013407+00', false, '{}', '{}', NULL, NULL, NULL),
	('b3d44017-6b55-46f9-999d-0eed1084f873', 'dheeraj+1@aglinthq.com', 'Dheeraj', 'Kumar', NULL, 'resume_uploaded', '2024-10-16 14:55:26.531048+00', false, '{}', '{}', NULL, NULL, NULL),
	('95fd239d-d500-4330-b546-faf7980d426f', 'dheeraj+2@aglinthq.com', 'Dheeraj', 'Kumar', NULL, 'resume_uploaded', '2024-10-16 15:20:06.419209+00', false, '{}', '{}', NULL, NULL, NULL),
	('d1fe12df-9a69-4804-93ff-4b9cdb470c64', 'dheeraj+3@aglinthq.com', 'Dheeraj', 'Kumar', NULL, 'resume_uploaded', '2024-10-16 15:30:58.019402+00', false, '{}', '{}', NULL, NULL, NULL),
	('2af1fb19-fc3b-4b8d-9446-d9a45ff5b52a', 'ravi+999@aglinthq.com', 'Ravi', 'K', NULL, 'preferences_updated', '2024-10-16 12:56:26.877032+00', false, '{"Registered Nurse","Critical Care Nurse","Emergency Room Nurse"}', '{"New York, NY","Los Angeles, CA","Chicago, IL"}', 'Part-time', 'Local', 300),
	('0cf3d057-e1cf-4f18-9ba8-dfe467944631', 'raimon+pn@aglinthq.com', 'Raimon', 'T Simon', NULL, 'preferences_updated', '2024-10-16 13:58:21.712182+00', false, '{}', '{}', '', '', NULL),
	('bd9ff50d-2ce4-4f1e-9422-3c580a236b12', 'dheeraj@aglinthq.com', 'Dheeraj', 'Kumar', NULL, 'resume_uploaded', '2024-10-16 14:41:01.278234+00', false, '{}', '{}', NULL, NULL, NULL),
	('166f1d10-bce3-40ce-9ac2-4d115598d27f', 'ravi+sofia@aglinthq.com', 'Sophoa', 'Lewis', NULL, 'resume_uploaded', '2024-10-16 17:30:09.358974+00', false, '{}', '{}', NULL, NULL, NULL),
	('dcfb88f8-c65f-4fd2-8f2b-c2f5e44733fe', 'ravi+jecica@aglinthq.com', 'Jas', 'Davis', NULL, 'resume_uploaded', '2024-10-16 17:34:17.606289+00', false, '{}', '{}', NULL, NULL, NULL);


--
-- Data for Name: interviews; Type: TABLE DATA; Schema: public; Owner: postgres
--

INSERT INTO "public"."interviews" ("id", "campaign_id", "user_id", "campaign_code", "name", "ai_ending_message", "ai_instructions", "ai_interview_duration", "ai_questions", "ai_welcome_message", "candidate_estimated_time", "candidate_form", "candidate_instructions", "candidate_intro_video_cover_image_url", "candidate_intro_video_url", "candidate_overview", "created_at", "updated_at", "interview_stage") VALUES
	('4c1b1f57-13be-4f67-97f6-963cd3d8e4f7', '87796288-6847-4a37-aae1-26317d42c7ed', 'b27f8d46-90c0-403c-a78f-56eb152e9c89', 'SUMMER23NURSE', 'Summer 2023 Nurse Recruitment', 'Thank you for completing the interview.', '{"Ask follow-up questions if needed","Provide clear instructions"}', 30, 'Why did you choose nursing as a career?', 'Welcome to the nursing interview!', '30 minutes', '{"fields": [{"name": "full_name", "type": "text", "required": true}]}', '{"Answer all questions","Take your time"}', '/images/instructions-cover.png', 'https://resource.heygencdn.com/AIAvatars/caption.mp4', '{"This interview will assess your skills"}', '2024-10-16 08:12:35.034257+00', '2024-10-16 08:12:35.034257+00', 'resume_submitted'),
	('a3f39837-064a-44b9-82dd-e2abd0ff9651', '87796288-6847-4a37-aae1-26317d42c7ed', '071615f6-6d45-4ab9-a937-24fc384d2f01', 'SUMMER23NURSE', 'Summer 2023 Nurse Recruitment', 'Thank you for completing the interview.', '{"Ask follow-up questions if needed","Provide clear instructions"}', 30, 'Why did you choose nursing as a career?', 'Welcome to the nursing interview!', '30 minutes', '{"fields": [{"name": "full_name", "type": "text", "required": true}]}', '{"Answer all questions","Take your time"}', '/images/instructions-cover.png', 'https://resource.heygencdn.com/AIAvatars/caption.mp4', '{"This interview will assess your skills"}', '2024-10-16 08:27:21.910126+00', '2024-10-16 08:27:21.910126+00', 'resume_submitted'),
	('43b3ca51-7909-438f-9b7c-7bdb9661c938', '87796288-6847-4a37-aae1-26317d42c7ed', '0933f6b3-db9c-4bd0-8cc5-c4e9062af9a1', 'SUMMER23NURSE', 'Summer 2023 Nurse Recruitment', 'Thank you for completing the interview.', '{"Ask follow-up questions if needed","Provide clear instructions"}', 30, 'Why did you choose nursing as a career?', 'Welcome to the nursing interview!', '30 minutes', '{"fields": [{"name": "full_name", "type": "text", "required": true}]}', '{"Answer all questions","Take your time"}', '/images/instructions-cover.png', 'https://resource.heygencdn.com/AIAvatars/caption.mp4', '{"This interview will assess your skills"}', '2024-10-16 09:01:47.134566+00', '2024-10-16 09:01:47.134566+00', 'resume_submitted'),
	('2aedfe3d-15d3-4c81-b976-0201cddee3f6', '87796288-6847-4a37-aae1-26317d42c7ed', '2af1fb19-fc3b-4b8d-9446-d9a45ff5b52a', 'SUMMER23NURSE', 'Summer 2023 Nurse Recruitment', 'Thank you for completing the interview.', '{"Ask follow-up questions if needed","Provide clear instructions"}', 30, 'Why did you choose nursing as a career?', 'Welcome to the nursing interview!', '30 minutes', '{"fields": [{"name": "full_name", "type": "text", "required": true}]}', '{"Answer all questions","Take your time"}', '/images/instructions-cover.png', 'https://resource.heygencdn.com/AIAvatars/caption.mp4', '{"This interview will assess your skills"}', '2024-10-16 12:56:31.088615+00', '2024-10-16 12:56:31.088615+00', 'interview_completed'),
	('1e027a09-45e7-4631-bfc2-99a43ba87c3d', '87796288-6847-4a37-aae1-26317d42c7ed', 'b3d44017-6b55-46f9-999d-0eed1084f873', 'SUMMER23NURSE', 'Summer 2023 Nurse Recruitment', 'Thank you for completing the interview.', '{"Ask follow-up questions if needed","Provide clear instructions"}', 30, 'Why did you choose nursing as a career?', 'Welcome to the nursing interview!', '30 minutes', '{"fields": [{"name": "full_name", "type": "text", "required": true}]}', '{"Answer all questions","Take your time"}', '/images/instructions-cover.png', 'https://resource.heygencdn.com/AIAvatars/caption.mp4', '{"This interview will assess your skills"}', '2024-10-16 14:55:32.920205+00', '2024-10-16 14:55:32.920205+00', 'resume_submitted'),
	('335a2e01-94e3-47a6-9399-44fb8aeff444', '87796288-6847-4a37-aae1-26317d42c7ed', '166f1d10-bce3-40ce-9ac2-4d115598d27f', 'SUMMER23NURSE', 'Summer 2023 Nurse Recruitment', 'Thank you for completing the interview.', '{"Ask follow-up questions if needed","Provide clear instructions"}', 30, 'Why did you choose nursing as a career?', 'Welcome to the nursing interview!', '30 minutes', '{"fields": [{"name": "full_name", "type": "text", "required": true}]}', '{"Answer all questions","Take your time"}', '/images/instructions-cover.png', 'https://resource.heygencdn.com/AIAvatars/caption.mp4', '{"This interview will assess your skills"}', '2024-10-16 17:30:14.445991+00', '2024-10-16 17:30:14.445991+00', 'resume_submitted'),
	('7d517b4e-0c60-42c2-a305-bf733712d272', '87796288-6847-4a37-aae1-26317d42c7ed', 'abc5cbe2-303f-47dc-aec1-f71cfee88642', 'SUMMER23NURSE', 'Summer 2023 Nurse Recruitment', 'Thank you for completing the interview.', '{"Ask follow-up questions if needed","Provide clear instructions"}', 30, 'Why did you choose nursing as a career?', 'Welcome to the nursing interview!', '30 minutes', '{"fields": [{"name": "full_name", "type": "text", "required": true}]}', '{"Answer all questions","Take your time"}', '/images/instructions-cover.png', 'https://resource.heygencdn.com/AIAvatars/caption.mp4', '{"This interview will assess your skills"}', '2024-10-16 08:23:57.867478+00', '2024-10-16 08:23:57.867478+00', 'resume_submitted'),
	('f6fe105f-114f-4a4f-a416-baff760feeaf', '87796288-6847-4a37-aae1-26317d42c7ed', 'f86c8d2a-a9fd-4a5e-b62e-db473fe7dc8f', 'SUMMER23NURSE', 'Summer 2023 Nurse Recruitment', 'Thank you for completing the interview.', '{"Ask follow-up questions if needed","Provide clear instructions"}', 30, 'Why did you choose nursing as a career?', 'Welcome to the nursing interview!', '30 minutes', '{"fields": [{"name": "full_name", "type": "text", "required": true}]}', '{"Answer all questions","Take your time"}', '/images/instructions-cover.png', 'https://resource.heygencdn.com/AIAvatars/caption.mp4', '{"This interview will assess your skills"}', '2024-10-16 08:29:22.955742+00', '2024-10-16 08:29:22.955742+00', 'resume_submitted'),
	('3c975716-4b6c-4e84-ad99-bd1b50f3f662', '87796288-6847-4a37-aae1-26317d42c7ed', 'cc7707d6-671a-4f0b-a9b8-f6d05896a3b9', 'SUMMER23NURSE', 'Summer 2023 Nurse Recruitment', 'Thank you for completing the interview.', '{"Ask follow-up questions if needed","Provide clear instructions"}', 30, 'Why did you choose nursing as a career?', 'Welcome to the nursing interview!', '30 minutes', '{"fields": [{"name": "full_name", "type": "text", "required": true}]}', '{"Answer all questions","Take your time"}', '/images/instructions-cover.png', 'https://resource.heygencdn.com/AIAvatars/caption.mp4', '{"This interview will assess your skills"}', '2024-10-16 09:13:07.238107+00', '2024-10-16 09:13:07.238107+00', 'resume_submitted'),
	('3ae2a820-4c3f-4c2c-b417-9fb5f256cdfa', '87796288-6847-4a37-aae1-26317d42c7ed', '0cf3d057-e1cf-4f18-9ba8-dfe467944631', 'SUMMER23NURSE', 'Summer 2023 Nurse Recruitment', 'Thank you for completing the interview.', '{"Ask follow-up questions if needed","Provide clear instructions"}', 30, 'Why did you choose nursing as a career?', 'Welcome to the nursing interview!', '30 minutes', '{"fields": [{"name": "full_name", "type": "text", "required": true}]}', '{"Answer all questions","Take your time"}', '/images/instructions-cover.png', 'https://resource.heygencdn.com/AIAvatars/caption.mp4', '{"This interview will assess your skills"}', '2024-10-16 13:58:26.462562+00', '2024-10-16 13:58:26.462562+00', 'interview_completed'),
	('00de6671-86be-4164-ba18-8f039aa627a0', '87796288-6847-4a37-aae1-26317d42c7ed', 'dcfb88f8-c65f-4fd2-8f2b-c2f5e44733fe', 'SUMMER23NURSE', 'Summer 2023 Nurse Recruitment', 'Thank you for completing the interview.', '{"Ask follow-up questions if needed","Provide clear instructions"}', 30, 'Why did you choose nursing as a career?', 'Welcome to the nursing interview!', '30 minutes', '{"fields": [{"name": "full_name", "type": "text", "required": true}]}', '{"Answer all questions","Take your time"}', '/images/instructions-cover.png', 'https://resource.heygencdn.com/AIAvatars/caption.mp4', '{"This interview will assess your skills"}', '2024-10-16 17:34:21.753827+00', '2024-10-16 17:34:21.753827+00', 'resume_submitted'),
	('29174806-99b4-4766-90da-e6b662541f2c', '87796288-6847-4a37-aae1-26317d42c7ed', '21afb6e4-a256-43cc-a334-6ec2839057d8', 'SUMMER23NURSE', 'Summer 2023 Nurse Recruitment', 'Thank you for completing the interview.', '{"Ask follow-up questions if needed","Provide clear instructions"}', 30, 'Why did you choose nursing as a career?', 'Welcome to the nursing interview!', '30 minutes', '{"fields": [{"name": "full_name", "type": "text", "required": true}]}', '{"Answer all questions","Take your time"}', '/images/instructions-cover.png', 'https://resource.heygencdn.com/AIAvatars/caption.mp4', '{"This interview will assess your skills"}', '2024-10-16 08:24:46.253057+00', '2024-10-16 08:24:46.253057+00', 'resume_submitted'),
	('960c66df-2a05-404d-829f-328409ecfa4b', '87796288-6847-4a37-aae1-26317d42c7ed', 'd1bc8b83-cc8b-4051-a2c9-2fcfb1397e1e', 'SUMMER23NURSE', 'Summer 2023 Nurse Recruitment', 'Thank you for completing the interview.', '{"Ask follow-up questions if needed","Provide clear instructions"}', 30, 'Why did you choose nursing as a career?', 'Welcome to the nursing interview!', '30 minutes', '{"fields": [{"name": "full_name", "type": "text", "required": true}]}', '{"Answer all questions","Take your time"}', '/images/instructions-cover.png', 'https://resource.heygencdn.com/AIAvatars/caption.mp4', '{"This interview will assess your skills"}', '2024-10-16 08:37:57.714865+00', '2024-10-16 08:37:57.714865+00', 'resume_submitted'),
	('6c54bb3c-0b34-48ae-b9ac-535908f22af0', '87796288-6847-4a37-aae1-26317d42c7ed', 'b7b7987b-d34b-4336-b9f4-c8e7b693e90a', 'SUMMER23NURSE', 'Summer 2023 Nurse Recruitment', 'Thank you for completing the interview.', '{"Ask follow-up questions if needed","Provide clear instructions"}', 30, 'Why did you choose nursing as a career?', 'Welcome to the nursing interview!', '30 minutes', '{"fields": [{"name": "full_name", "type": "text", "required": true}]}', '{"Answer all questions","Take your time"}', '/images/instructions-cover.png', 'https://resource.heygencdn.com/AIAvatars/caption.mp4', '{"This interview will assess your skills"}', '2024-10-16 09:15:24.171424+00', '2024-10-16 09:15:24.171424+00', 'resume_submitted'),
	('02f821b4-b0cb-4331-8c04-a44c0a9121e5', '87796288-6847-4a37-aae1-26317d42c7ed', '7eca8cc3-2d39-41fc-8f58-42153fc4f2b3', 'SUMMER23NURSE', 'Summer 2024 Nurse Recruitment - Interview', 'Thank you for completing the interview.', '{"Ask follow-up questions if needed","Provide clear instructions"}', 30, 'Why did you choose nursing as a career?', 'Welcome to the nursing interview!', '30 minutes', '{"fields": [{"name": "full_name", "type": "text", "required": true}]}', '{"Answer all questions","Take your time"}', '/images/instructions-cover.png', 'https://resource.heygencdn.com/AIAvatars/caption.mp4', '{"This interview will assess your skills"}', '2024-10-16 05:31:55.915362+00', '2024-10-16 05:31:55.915362+00', 'interview_completed'),
	('45ff1954-89f6-4c54-80a9-05777357b3d3', '87796288-6847-4a37-aae1-26317d42c7ed', 'd475c90a-2563-4b31-91a6-7fb6f6860ddd', 'SUMMER23NURSE', 'Summer 2024 Nurse Recruitment - Interview', 'Thank you for completing the interview.', '{"Ask follow-up questions if needed","Provide clear instructions"}', 30, 'Why did you choose nursing as a career?', 'Welcome to the nursing interview!', '30 minutes', '{"fields": [{"name": "full_name", "type": "text", "required": true}]}', '{"Answer all questions","Take your time"}', '/images/instructions-cover.png', 'https://resource.heygencdn.com/AIAvatars/caption.mp4', '{"This interview will assess your skills"}', '2024-10-16 05:20:13.063088+00', '2024-10-16 05:20:13.063088+00', 'interview_completed'),
	('452d16c7-8526-4ba7-aef2-df1734553aae', '87796288-6847-4a37-aae1-26317d42c7ed', '10ece31b-a932-4e3b-bcbf-b5a6ff356224', 'SUMMER23NURSE', 'Summer 2024 Nurse Recruitment - Interview', 'Thank you for completing the interview.', '{"Ask follow-up questions if needed","Provide clear instructions"}', 30, 'Why did you choose nursing as a career?', 'Welcome to the nursing interview!', '30 minutes', '{"fields": [{"name": "full_name", "type": "text", "required": true}]}', '{"Answer all questions","Take your time"}', '/images/instructions-cover.png', 'https://resource.heygencdn.com/AIAvatars/caption.mp4', '{"This interview will assess your skills"}', '2024-10-16 04:29:10.682213+00', '2024-10-16 04:29:10.682213+00', 'resume_submitted'),
	('b3cfbd6e-14fe-4cfa-a1a7-2b40d5ad5035', '87796288-6847-4a37-aae1-26317d42c7ed', '5c60aac7-784e-41bd-98db-c0b944c93fa6', 'SUMMER23NURSE', 'Summer 2024 Nurse Recruitment - Interview', 'Thank you for completing the interview.', '{"Ask follow-up questions if needed","Provide clear instructions"}', 30, 'Why did you choose nursing as a career?', 'Welcome to the nursing interview!', '30 minutes', '{"fields": [{"name": "full_name", "type": "text", "required": true}]}', '{"Answer all questions","Take your time"}', '/images/instructions-cover.png', 'https://resource.heygencdn.com/AIAvatars/caption.mp4', '{"This interview will assess your skills"}', '2024-10-16 05:51:15.377816+00', '2024-10-16 05:51:15.377816+00', 'resume_submitted'),
	('eb10face-924c-4ce8-acae-add2d2d2b67b', '87796288-6847-4a37-aae1-26317d42c7ed', '40d49f71-0dc8-485c-b734-dde52b323907', 'SUMMER23NURSE', 'Summer 2024 Nurse Recruitment - Interview', 'Thank you for completing the interview.', '{"Ask follow-up questions if needed","Provide clear instructions"}', 30, 'Why did you choose nursing as a career?', 'Welcome to the nursing interview!', '30 minutes', '{"fields": [{"name": "full_name", "type": "text", "required": true}]}', '{"Answer all questions","Take your time"}', '/images/instructions-cover.png', 'https://resource.heygencdn.com/AIAvatars/caption.mp4', '{"This interview will assess your skills"}', '2024-10-16 05:59:28.245336+00', '2024-10-16 05:59:28.245336+00', 'resume_submitted'),
	('daca0669-8a83-46c3-abd3-cfa9d8a9b7f2', '87796288-6847-4a37-aae1-26317d42c7ed', '4a3d211a-e70d-4db9-bdd2-cb0cc63967c5', 'SUMMER23NURSE', 'Summer 2024 Nurse Recruitment - Interview', 'Thank you for completing the interview.', '{"Ask follow-up questions if needed","Provide clear instructions"}', 30, 'Why did you choose nursing as a career?', 'Welcome to the nursing interview!', '30 minutes', '{"fields": [{"name": "full_name", "type": "text", "required": true}]}', '{"Answer all questions","Take your time"}', '/images/instructions-cover.png', 'https://resource.heygencdn.com/AIAvatars/caption.mp4', '{"This interview will assess your skills"}', '2024-10-16 06:17:38.5871+00', '2024-10-16 06:17:38.5871+00', 'resume_submitted'),
	('d45385ce-d4db-4809-87d8-f22915cccf7b', '87796288-6847-4a37-aae1-26317d42c7ed', '7a844993-3383-422d-80c7-fbaa59498556', 'SUMMER23NURSE', 'Summer 2023 Nurse Recruitment', 'Thank you for completing the interview.', '{"Ask follow-up questions if needed","Provide clear instructions"}', 30, 'Why did you choose nursing as a career?', 'Welcome to the nursing interview!', '30 minutes', '{"fields": [{"name": "full_name", "type": "text", "required": true}]}', '{"Answer all questions","Take your time"}', '/images/instructions-cover.png', 'https://resource.heygencdn.com/AIAvatars/caption.mp4', '{"This interview will assess your skills"}', '2024-10-16 07:59:48.350646+00', '2024-10-16 07:59:48.350646+00', 'interview_completed'),
	('74e7ec32-cdec-4693-a1ba-b6039bf901ef', '87796288-6847-4a37-aae1-26317d42c7ed', '5acf67eb-c0a2-4b21-b7d3-404065db1567', 'SUMMER23NURSE', 'Summer 2024 Nurse Recruitment - Interview', 'Thank you for completing the interview.', '{"Ask follow-up questions if needed","Provide clear instructions"}', 30, 'Why did you choose nursing as a career?', 'Welcome to the nursing interview!', '30 minutes', '{"fields": [{"name": "full_name", "type": "text", "required": true}]}', '{"Answer all questions","Take your time"}', '/images/instructions-cover.png', 'https://resource.heygencdn.com/AIAvatars/caption.mp4', '{"This interview will assess your skills"}', '2024-10-16 06:10:23.10733+00', '2024-10-16 06:10:23.10733+00', 'interview_completed'),
	('8ac236f7-0d7e-40e2-993e-bbbfc9f5c8b6', '87796288-6847-4a37-aae1-26317d42c7ed', '24bcd469-62e4-41fd-b8a4-78f9f81bafe0', 'SUMMER23NURSE', 'Summer 2023 Nurse Recruitment', 'Thank you for completing the interview.', '{"Ask follow-up questions if needed","Provide clear instructions"}', 30, 'Why did you choose nursing as a career?', 'Welcome to the nursing interview!', '30 minutes', '{"fields": [{"name": "full_name", "type": "text", "required": true}]}', '{"Answer all questions","Take your time"}', '/images/instructions-cover.png', 'https://resource.heygencdn.com/AIAvatars/caption.mp4', '{"This interview will assess your skills"}', '2024-10-16 08:25:36.137293+00', '2024-10-16 08:25:36.137293+00', 'resume_submitted'),
	('7968927e-ad9d-4a35-a888-4e7abbfcbfb7', '87796288-6847-4a37-aae1-26317d42c7ed', '4b4dbacf-1d3e-4ddb-ad60-0980cd2bd72d', 'SUMMER23NURSE', 'Summer 2023 Nurse Recruitment', 'Thank you for completing the interview.', '{"Ask follow-up questions if needed","Provide clear instructions"}', 30, 'Why did you choose nursing as a career?', 'Welcome to the nursing interview!', '30 minutes', '{"fields": [{"name": "full_name", "type": "text", "required": true}]}', '{"Answer all questions","Take your time"}', '/images/instructions-cover.png', 'https://resource.heygencdn.com/AIAvatars/caption.mp4', '{"This interview will assess your skills"}', '2024-10-16 08:43:37.659559+00', '2024-10-16 08:43:37.659559+00', 'resume_submitted'),
	('40f72b47-d7e2-415b-9238-925cbd568717', '87796288-6847-4a37-aae1-26317d42c7ed', '93fc538d-fd03-4eb2-8953-7b1bdcfe7265', 'SUMMER23NURSE', 'Summer 2023 Nurse Recruitment', 'Thank you for completing the interview.', '{"Ask follow-up questions if needed","Provide clear instructions"}', 30, 'Why did you choose nursing as a career?', 'Welcome to the nursing interview!', '30 minutes', '{"fields": [{"name": "full_name", "type": "text", "required": true}]}', '{"Answer all questions","Take your time"}', '/images/instructions-cover.png', 'https://resource.heygencdn.com/AIAvatars/caption.mp4', '{"This interview will assess your skills"}', '2024-10-16 09:27:10.258234+00', '2024-10-16 09:27:10.258234+00', 'resume_submitted'),
	('e8298589-8617-4f6e-83f3-fe304a919f74', '87796288-6847-4a37-aae1-26317d42c7ed', 'bd9ff50d-2ce4-4f1e-9422-3c580a236b12', 'SUMMER23NURSE', 'Summer 2023 Nurse Recruitment', 'Thank you for completing the interview.', '{"Ask follow-up questions if needed","Provide clear instructions"}', 30, 'Why did you choose nursing as a career?', 'Welcome to the nursing interview!', '30 minutes', '{"fields": [{"name": "full_name", "type": "text", "required": true}]}', '{"Answer all questions","Take your time"}', '/images/instructions-cover.png', 'https://resource.heygencdn.com/AIAvatars/caption.mp4', '{"This interview will assess your skills"}', '2024-10-16 14:41:05.057554+00', '2024-10-16 14:41:05.057554+00', 'interview_completed'),
	('e3dd8b8e-e3c6-4086-80bd-89df2a84db69', '87796288-6847-4a37-aae1-26317d42c7ee', 'd1fe12df-9a69-4804-93ff-4b9cdb470c64', 'SUMMER24NURSE', 'Summer 2024 Nurse Recruitment', 'Thank you for completing the interview.', '{"Can you tell me about your nursing background and what inspired you to pursue a career in nursing?","What areas of nursing have you specialized in, and why did you choose those specialties?","How do you prioritize patient care when dealing with multiple patients with different levels of acuity?","Can you describe a time when you had to handle a medical emergency? What steps did you take, and what was the outcome?","How do you stay updated with the latest medical advancements and practices in nursing?","You’re working with a patient post-surgery, and they suddenly report difficulty breathing. What immediate actions would you take?","You notice that a patient’s medication dosage is incorrect on the chart. What steps would you follow to resolve this issue?","How do you handle conflict within a healthcare team, especially when it comes to differences in patient care approaches?","Can you give an example of how you''ve collaborated with doctors or other healthcare professionals to improve patient outcomes?","How do you ensure that patients feel comfortable and cared for during their hospital stay?","Describe a time when you provided emotional support to a patient or their family during a difficult situation.","What do you think is the most important quality a nurse should possess, and how do you embody that in your work?","How do you maintain work-life balance while working in a demanding healthcare environment?","What are your career goals in nursing, and how do you see yourself growing in this profession?"}', 30, 'Why did you choose nursing as a career?', 'Welcome to the nursing interview!', '30 minutes', '{"fields": [{"name": "full_name", "type": "text", "required": true}]}', '{"Answer all questions","Take your time"}', '/images/instructions-cover.png', 'https://resource.heygencdn.com/AIAvatars/caption.mp4', '{"This interview will assess your skills"}', '2024-10-16 15:31:01.287019+00', '2024-10-16 15:31:01.287019+00', 'resume_submitted'),
	('d1467a0c-eb79-4228-bcb4-f6a38bbc8eb4', '87796288-6847-4a37-aae1-26317d42c7ed', '56b77f45-7449-4a02-b139-7921c60435d3', 'SUMMER23NURSE', 'Summer 2023 Nurse Recruitment', 'Thank you for completing the interview.', '{"Ask follow-up questions if needed","Provide clear instructions"}', 30, 'Why did you choose nursing as a career?', 'Welcome to the nursing interview!', '30 minutes', '{"fields": [{"name": "full_name", "type": "text", "required": true}]}', '{"Answer all questions","Take your time"}', '/images/instructions-cover.png', 'https://resource.heygencdn.com/AIAvatars/caption.mp4', '{"This interview will assess your skills"}', '2024-10-16 08:11:47.066763+00', '2024-10-16 08:11:47.066763+00', 'resume_submitted');


--
-- Data for Name: interview_analysis; Type: TABLE DATA; Schema: public; Owner: postgres
--

INSERT INTO "public"."interview_analysis" ("id", "user_id", "audio_url", "video_url", "transcript_url", "structured_analysis", "created_at", "updated_at", "call_id", "duration", "hospital_id", "interview_id", "call_analysis", "transcript", "transcript_json") VALUES
	('ed28dba1-b7fb-44b3-b002-288ee2d090b3', '7eca8cc3-2d39-41fc-8f58-42153fc4f2b3', 'https://wkcrwjfqljwprytoiigk.supabase.co/storage/v1/object/public/audio/interviews/02f821b4-b0cb-4331-8c04-a44c0a9121e5.wav', 'https://wkcrwjfqljwprytoiigk.supabase.co/storage/v1/object/public/videos/interviews/1729081948543_vhl26hfni6d.webm', NULL, '{"licensure": {"active_license": {"rating": 1, "comments": "No active nursing license mentioned."}, "expiration_date": {"rating": 1, "comments": "No expiration date listed."}}, "experience": {"specialties": {"rating": 1, "comments": "The candidate has no relevant specialties listed, which significantly lowers the score."}, "leadership_roles": {"rating": 1, "comments": "The candidate has held roles as a Registered Nurse and Nurse Intern, but these do not indicate formal leadership positions."}, "healthcare_settings": {"rating": 3, "comments": "The candidate has experience as a Registered Nurse and a Nurse Intern, but the settings are not specified, leading to a moderate score."}, "years_of_experience": {"rating": 3, "comments": "The candidate has 5 years of experience (2020 to present as a Registered Nurse and 2018-2019 as a Nurse Intern), which falls into the 1-3 years category."}}, "technicalSkills": {"software": {"rating": 1, "comments": "Limited experience with healthcare software; no mention of EHR systems like Epic or Cerner."}, "equipment": {"rating": 1, "comments": "No experience handling advanced medical equipment mentioned."}, "telemedicine": {"rating": 1, "comments": "No telemedicine experience mentioned."}}, "education_and_certifications": {"degree": "BSN", "certifications": ["BLS", "ACLS"], "specializations": []}}', '2024-10-16 09:58:47.834483+00', '2024-10-16 16:21:49.936053+00', 'call_9919191b4249caedefee6487ec7', NULL, NULL, '02f821b4-b0cb-4331-8c04-a44c0a9121e5', '{"call_summary": "The user engaged in a nursing interview with the agent, who asked about the user''s reasons for choosing nursing as a career. The user struggled to articulate their thoughts but was encouraged by the agent to take their time.", "in_voicemail": false, "user_sentiment": "Neutral", "call_successful": false, "custom_analysis_data": {}, "call_completion_rating": "Incomplete", "agent_task_completion_rating": "Incomplete"}', NULL, '{"{\"role\": \"agent\", \"content\": \"Welcome to the nursing \"}","{\"role\": \"user\", \"content\": \"Giving \"}","{\"role\": \"agent\", \"content\": \"interview! I''m glad you \"}","{\"role\": \"user\", \"content\": \"Okay. Ask question.\"}","{\"role\": \"agent\", \"content\": \"Sure! Why did \"}","{\"role\": \"user\", \"content\": \"Now \"}","{\"role\": \"agent\", \"content\": \"you choose nursing as a career?\"}","{\"role\": \"user\", \"content\": \"we Okay.\"}","{\"role\": \"user\", \"content\": \"I mean, \"}","{\"role\": \"agent\", \"content\": \"Great! Could \"}","{\"role\": \"user\", \"content\": \"it can happen here. No problem.\"}","{\"role\": \"agent\", \"content\": \"Of course! Please share why you chose nursing as a career.\"}","{\"role\": \"user\", \"content\": \"Yeah.\"}","{\"role\": \"agent\", \"content\": \"Whenever \"}","{\"role\": \"agent\", \"content\": \"you''re \"}","{\"role\": \"user\", \"content\": \"This is important content. Right?\"}","{\"role\": \"user\", \"content\": \"(inaudible speech)\"}","{\"role\": \"agent\", \"content\": \"Absolutely! Your reasons for choosing nursing are important. Please share when you''re ready.\"}","{\"role\": \"user\", \"content\": \"You did have a You can''t go And then how do I\"}","{\"role\": \"user\", \"content\": \"my I made it to the I don''t know But this\"}","{\"role\": \"agent\", \"content\": \"No worries! Take your time. Why did you choose nursing as a career?\"}"}'),
	('c817b974-3eef-4081-a48c-6c9759cbbe27', 'd475c90a-2563-4b31-91a6-7fb6f6860ddd', 'https://wkcrwjfqljwprytoiigk.supabase.co/storage/v1/object/public/audio/interviews/c817b974-3eef-4081-a48c-6c9759cbbe27.wav', 'https://wkcrwjfqljwprytoiigk.supabase.co/storage/v1/object/public/videos/interviews/1729056473081_qw939k6j16.webm', NULL, NULL, '2024-10-16 05:27:45.626396+00', '2024-10-16 05:27:59.738245+00', 'call_1e63681e75452f8a56e4023010e', NULL, NULL, '45ff1954-89f6-4c54-80a9-05777357b3d3', '{"call_summary": "The call began with the agent welcoming the user to a nursing interview and initiating the first question about the user''s motivations.", "in_voicemail": false, "user_sentiment": "Neutral", "call_successful": false, "custom_analysis_data": {}, "call_completion_rating": "Incomplete", "agent_task_completion_rating": "Incomplete"}', NULL, '{"{\"role\": \"agent\", \"content\": \"Welcome \"}","{\"role\": \"user\", \"content\": \"Yeah.\"}","{\"role\": \"agent\", \"content\": \"to the nursing interview! I''m glad you''re here. Let''s start with our first question: Why did you \"}"}'),
	('9ec87f4f-5e84-4b4d-8463-166e7636c338', '5acf67eb-c0a2-4b21-b7d3-404065db1567', 'https://wkcrwjfqljwprytoiigk.supabase.co/storage/v1/object/public/audio/interviews/9ec87f4f-5e84-4b4d-8463-166e7636c338.wav', 'https://wkcrwjfqljwprytoiigk.supabase.co/storage/v1/object/public/videos/interviews/1729061192030_7gdt0fi7kxk.webm', NULL, NULL, '2024-10-16 06:46:01.135293+00', '2024-10-16 06:46:40.630309+00', 'call_f4da339d8d72e095744fa7e19e5', NULL, NULL, '74e7ec32-cdec-4693-a1ba-b6039bf901ef', '{"call_summary": "The user expressed concerns about testing scenarios and the vagueness of the best case test. The agent acknowledged the user''s challenges but did not provide a clear resolution.", "in_voicemail": false, "user_sentiment": "Negative", "call_successful": false, "custom_analysis_data": {}, "call_completion_rating": "Incomplete", "agent_task_completion_rating": "Incomplete"}', NULL, '{"{\"role\": \"agent\", \"content\": \"Welcome to the nursing \"}","{\"role\": \"user\", \"content\": \"Forward. You know, we may not have tested all the scenario, Or that we may not introduce for a little more in this right now. Our third problem is that the best case And test is very vague\"}","{\"role\": \"agent\", \"content\": \"It sounds \"}","{\"role\": \"user\", \"content\": \"That \"}","{\"role\": \"agent\", \"content\": \"like you might be \"}","{\"role\": \"user\", \"content\": \"is\"}","{\"role\": \"agent\", \"content\": \"facing some challenges with testing \"}","{\"role\": \"user\", \"content\": \"I \"}","{\"role\": \"agent\", \"content\": \"scenarios. Could \"}","{\"role\": \"user\", \"content\": \"think it''s is it is the inspection of the best for the right now.\"}"}'),
	('57a75e3e-8b0b-42b8-a119-ab67ee230f47', '7a844993-3383-422d-80c7-fbaa59498556', NULL, 'https://wkcrwjfqljwprytoiigk.supabase.co/storage/v1/object/public/videos/interviews/1729066915656_tkxu18aohs.webm', NULL, NULL, '2024-10-16 08:06:44.055643+00', '2024-10-16 13:58:55.347083+00', 'call_4193fd47fe16ef65969fc545c29', NULL, NULL, 'd45385ce-d4db-4809-87d8-f22915cccf7b', '{"call_summary": "The user engaged in a nursing interview with the agent, who asked about the user''s reasons for choosing nursing as a career. The user struggled to articulate their thoughts but was encouraged by the agent to take their time.", "in_voicemail": false, "user_sentiment": "Neutral", "call_successful": false, "custom_analysis_data": {}, "call_completion_rating": "Incomplete", "agent_task_completion_rating": "Incomplete"}', NULL, '{"{\"role\": \"agent\", \"content\": \"Welcome to the nursing \"}","{\"role\": \"user\", \"content\": \"Giving \"}","{\"role\": \"agent\", \"content\": \"interview! I''m glad you \"}","{\"role\": \"user\", \"content\": \"Okay. Ask question.\"}","{\"role\": \"agent\", \"content\": \"Sure! Why did \"}","{\"role\": \"user\", \"content\": \"Now \"}","{\"role\": \"agent\", \"content\": \"you choose nursing as a career?\"}","{\"role\": \"user\", \"content\": \"we Okay.\"}","{\"role\": \"user\", \"content\": \"I mean, \"}","{\"role\": \"agent\", \"content\": \"Great! Could \"}","{\"role\": \"user\", \"content\": \"it can happen here. No problem.\"}","{\"role\": \"agent\", \"content\": \"Of course! Please share why you chose nursing as a career.\"}","{\"role\": \"user\", \"content\": \"Yeah.\"}","{\"role\": \"agent\", \"content\": \"Whenever \"}","{\"role\": \"agent\", \"content\": \"you''re \"}","{\"role\": \"user\", \"content\": \"This is important content. Right?\"}","{\"role\": \"user\", \"content\": \"(inaudible speech)\"}","{\"role\": \"agent\", \"content\": \"Absolutely! Your reasons for choosing nursing are important. Please share when you''re ready.\"}","{\"role\": \"user\", \"content\": \"You did have a You can''t go And then how do I\"}","{\"role\": \"user\", \"content\": \"my I made it to the I don''t know But this\"}","{\"role\": \"agent\", \"content\": \"No worries! Take your time. Why did you choose nursing as a career?\"}"}'),
	('a288b32f-25a6-4075-8ccb-7b54e8d709f7', '2af1fb19-fc3b-4b8d-9446-d9a45ff5b52a', 'https://wkcrwjfqljwprytoiigk.supabase.co/storage/v1/object/public/audio/interviews/9ec87f4f-5e84-4b4d-8463-166e7636c338.wav', 'https://wkcrwjfqljwprytoiigk.supabase.co/storage/v1/object/public/videos/interviews/1729083498297_hmgr5wugurj.webm', NULL, '{"licensure": {"active_license": {"rating": 1, "comments": "No active nursing license mentioned."}, "expiration_date": {"rating": 1, "comments": "No expiration date listed."}}, "experience": {"specialties": {"rating": 1, "comments": "The candidate has no relevant specialties listed, which significantly lowers the score."}, "leadership_roles": {"rating": 1, "comments": "The candidate has held roles as a Registered Nurse and Nurse Intern, but these do not indicate formal leadership positions."}, "healthcare_settings": {"rating": 3, "comments": "The candidate has experience as a Registered Nurse and a Nurse Intern, but the settings are not specified, leading to a moderate score."}, "years_of_experience": {"rating": 3, "comments": "The candidate has 5 years of experience (2020 to present as a Registered Nurse and 2018-2019 as a Nurse Intern), which falls into the 1-3 years category."}}, "technicalSkills": {"software": {"rating": 1, "comments": "Limited experience with healthcare software; no mention of EHR systems like Epic or Cerner."}, "equipment": {"rating": 1, "comments": "No experience handling advanced medical equipment mentioned."}, "telemedicine": {"rating": 1, "comments": "No telemedicine experience mentioned."}}, "education_and_certifications": {"degree": "BSN", "certifications": ["BLS", "ACLS"], "specializations": []}}', '2024-10-16 12:57:14.099425+00', '2024-10-16 16:22:59.024912+00', 'call_57aee21bdd85c50b657eeb6ecc7', NULL, NULL, '2aedfe3d-15d3-4c81-b976-0201cddee3f6', '{"call_summary": "The user expressed concerns about testing scenarios and the vagueness of the best case test. The agent acknowledged the user''s challenges but did not provide a clear resolution.", "in_voicemail": false, "user_sentiment": "Negative", "call_successful": false, "custom_analysis_data": {}, "call_completion_rating": "Incomplete", "agent_task_completion_rating": "Incomplete"}', NULL, '{"{\"role\": \"agent\", \"content\": \"Welcome to the nursing \"}","{\"role\": \"user\", \"content\": \"Giving \"}","{\"role\": \"agent\", \"content\": \"interview! I''m glad you \"}","{\"role\": \"user\", \"content\": \"Okay. Ask question.\"}","{\"role\": \"agent\", \"content\": \"Sure! Why did \"}","{\"role\": \"user\", \"content\": \"Now \"}","{\"role\": \"agent\", \"content\": \"you choose nursing as a career?\"}","{\"role\": \"user\", \"content\": \"we Okay.\"}","{\"role\": \"user\", \"content\": \"I mean, \"}","{\"role\": \"agent\", \"content\": \"Great! Could \"}","{\"role\": \"user\", \"content\": \"it can happen here. No problem.\"}","{\"role\": \"agent\", \"content\": \"Of course! Please share why you chose nursing as a career.\"}","{\"role\": \"user\", \"content\": \"Yeah.\"}","{\"role\": \"agent\", \"content\": \"Whenever \"}","{\"role\": \"agent\", \"content\": \"you''re \"}","{\"role\": \"user\", \"content\": \"This is important content. Right?\"}","{\"role\": \"user\", \"content\": \"(inaudible speech)\"}","{\"role\": \"agent\", \"content\": \"Absolutely! Your reasons for choosing nursing are important. Please share when you''re ready.\"}","{\"role\": \"user\", \"content\": \"You did have a You can''t go And then how do I\"}","{\"role\": \"user\", \"content\": \"my I made it to the I don''t know But this\"}","{\"role\": \"agent\", \"content\": \"No worries! Take your time. Why did you choose nursing as a career?\"}"}'),
	('a37a90db-0677-42bc-b0c0-3d3247f7d361', 'dcfb88f8-c65f-4fd2-8f2b-c2f5e44733fe', NULL, NULL, NULL, NULL, '2024-10-16 17:40:44.427464+00', '2024-10-16 17:40:44.427464+00', 'call_c60779ead0cab8338e18c22a078', NULL, NULL, '00de6671-86be-4164-ba18-8f039aa627a0', NULL, NULL, NULL),
	('41b16e34-e824-4d1a-812d-ee405addd128', '0cf3d057-e1cf-4f18-9ba8-dfe467944631', 'https://wkcrwjfqljwprytoiigk.supabase.co/storage/v1/object/public/audio/interviews/9ec87f4f-5e84-4b4d-8463-166e7636c338.wav', 'https://wkcrwjfqljwprytoiigk.supabase.co/storage/v1/object/public/videos/interviews/1729087160542_0h9f7se1ostw.webm', NULL, NULL, '2024-10-16 13:59:06.458697+00', '2024-10-16 14:38:24.782811+00', 'call_90aaed5679668f9af290446f3d2', NULL, NULL, '3ae2a820-4c3f-4c2c-b417-9fb5f256cdfa', '{"call_summary": "The user engaged in a nursing interview with the agent, who asked about the user''s reasons for choosing nursing as a career. The user struggled to articulate their thoughts but was encouraged by the agent to take their time.", "in_voicemail": false, "user_sentiment": "Neutral", "call_successful": false, "custom_analysis_data": {}, "call_completion_rating": "Incomplete", "agent_task_completion_rating": "Incomplete"}', NULL, '{"{\"role\": \"agent\", \"content\": \"Welcome to the nursing \"}","{\"role\": \"user\", \"content\": \"Giving \"}","{\"role\": \"agent\", \"content\": \"interview! I''m glad you \"}","{\"role\": \"user\", \"content\": \"Okay. Ask question.\"}","{\"role\": \"agent\", \"content\": \"Sure! Why did \"}","{\"role\": \"user\", \"content\": \"Now \"}","{\"role\": \"agent\", \"content\": \"you choose nursing as a career?\"}","{\"role\": \"user\", \"content\": \"we Okay.\"}","{\"role\": \"user\", \"content\": \"I mean, \"}","{\"role\": \"agent\", \"content\": \"Great! Could \"}","{\"role\": \"user\", \"content\": \"it can happen here. No problem.\"}","{\"role\": \"agent\", \"content\": \"Of course! Please share why you chose nursing as a career.\"}","{\"role\": \"user\", \"content\": \"Yeah.\"}","{\"role\": \"agent\", \"content\": \"Whenever \"}","{\"role\": \"agent\", \"content\": \"you''re \"}","{\"role\": \"user\", \"content\": \"This is important content. Right?\"}","{\"role\": \"user\", \"content\": \"(inaudible speech)\"}","{\"role\": \"agent\", \"content\": \"Absolutely! Your reasons for choosing nursing are important. Please share when you''re ready.\"}","{\"role\": \"user\", \"content\": \"You did have a You can''t go And then how do I\"}","{\"role\": \"user\", \"content\": \"my I made it to the I don''t know But this\"}","{\"role\": \"agent\", \"content\": \"No worries! Take your time. Why did you choose nursing as a career?\"}"}'),
	('bbb8f61b-15fb-4998-ac3c-2962f9d30c44', 'bd9ff50d-2ce4-4f1e-9422-3c580a236b12', NULL, 'https://wkcrwjfqljwprytoiigk.supabase.co/storage/v1/object/public/videos/interviews/1729090195655_63fay4wv21l.webm', NULL, NULL, '2024-10-16 14:48:51.688075+00', '2024-10-16 14:50:04.526324+00', 'call_576d146c477b8ffa6fe51a35dd4', NULL, NULL, 'e8298589-8617-4f6e-83f3-fe304a919f74', NULL, NULL, NULL),
	('36ead613-87ed-4a8d-8f11-6ca992e67d92', 'd1fe12df-9a69-4804-93ff-4b9cdb470c64', NULL, NULL, NULL, NULL, '2024-10-16 15:32:20.536778+00', '2024-10-16 15:45:08.911457+00', 'call_4be7c56d2a3163709589989674c', NULL, NULL, 'e3dd8b8e-e3c6-4086-80bd-89df2a84db69', NULL, NULL, NULL);


--
-- Data for Name: resumes; Type: TABLE DATA; Schema: public; Owner: postgres
--

INSERT INTO "public"."resumes" ("id", "user_id", "file_url", "structured_resume", "created_at", "file_name", "file_size", "updated_at", "error_status", "campaign_id") VALUES
	('ab3f3d81-fa04-4d12-b2df-9318582e7733', '7a844993-3383-422d-80c7-fbaa59498556', 'https://wkcrwjfqljwprytoiigk.supabase.co/storage/v1/object/public/resumes/resumes/7a844993-3383-422d-80c7-fbaa59498556_1729065585860.pdf', NULL, '2024-10-16 07:59:48.406618+00', NULL, NULL, '2024-10-16 07:59:48.406618+00', NULL, '87796288-6847-4a37-aae1-26317d42c7ed'),
	('1bcf6b72-964a-4a46-9857-35348d709397', '56b77f45-7449-4a02-b139-7921c60435d3', 'https://wkcrwjfqljwprytoiigk.supabase.co/storage/v1/object/public/resumes/resumes/56b77f45-7449-4a02-b139-7921c60435d3_1729066305132.pdf', NULL, '2024-10-16 08:11:47.110403+00', NULL, NULL, '2024-10-16 08:11:47.110403+00', NULL, '87796288-6847-4a37-aae1-26317d42c7ed'),
	('be286ab1-4aca-4135-8f00-fde0b2c9328a', 'b27f8d46-90c0-403c-a78f-56eb152e9c89', 'https://wkcrwjfqljwprytoiigk.supabase.co/storage/v1/object/public/resumes/resumes/b27f8d46-90c0-403c-a78f-56eb152e9c89_1729066352772.pdf', NULL, '2024-10-16 08:12:35.101468+00', NULL, NULL, '2024-10-16 08:12:35.101468+00', NULL, '87796288-6847-4a37-aae1-26317d42c7ed'),
	('93cb73e7-2659-4742-86bf-3b537ea12011', 'abc5cbe2-303f-47dc-aec1-f71cfee88642', 'https://wkcrwjfqljwprytoiigk.supabase.co/storage/v1/object/public/resumes/resumes/abc5cbe2-303f-47dc-aec1-f71cfee88642_1729067035306.pdf', NULL, '2024-10-16 08:23:57.899616+00', NULL, NULL, '2024-10-16 08:23:57.899616+00', NULL, '87796288-6847-4a37-aae1-26317d42c7ed'),
	('7dd20142-fad0-40a5-a478-6b44aeaebca8', '21afb6e4-a256-43cc-a334-6ec2839057d8', 'https://wkcrwjfqljwprytoiigk.supabase.co/storage/v1/object/public/resumes/resumes/21afb6e4-a256-43cc-a334-6ec2839057d8_1729067083806.pdf', NULL, '2024-10-16 08:24:46.299101+00', NULL, NULL, '2024-10-16 08:24:46.299101+00', NULL, '87796288-6847-4a37-aae1-26317d42c7ed'),
	('4d7a8ba0-5127-4111-8346-6b0c8b4c5ce1', '24bcd469-62e4-41fd-b8a4-78f9f81bafe0', 'https://wkcrwjfqljwprytoiigk.supabase.co/storage/v1/object/public/resumes/resumes/24bcd469-62e4-41fd-b8a4-78f9f81bafe0_1729067133786.pdf', NULL, '2024-10-16 08:25:36.194308+00', NULL, NULL, '2024-10-16 08:25:36.194308+00', NULL, '87796288-6847-4a37-aae1-26317d42c7ed'),
	('599b53a3-0ceb-41bf-9b1c-7927ae2a71bb', '071615f6-6d45-4ab9-a937-24fc384d2f01', 'https://wkcrwjfqljwprytoiigk.supabase.co/storage/v1/object/public/resumes/resumes/071615f6-6d45-4ab9-a937-24fc384d2f01_1729067239619.pdf', NULL, '2024-10-16 08:27:21.954125+00', NULL, NULL, '2024-10-16 08:27:21.954125+00', NULL, '87796288-6847-4a37-aae1-26317d42c7ed'),
	('b9434ba9-1d57-4f93-adc3-3a5896128bce', 'f86c8d2a-a9fd-4a5e-b62e-db473fe7dc8f', 'https://wkcrwjfqljwprytoiigk.supabase.co/storage/v1/object/public/resumes/resumes/f86c8d2a-a9fd-4a5e-b62e-db473fe7dc8f_1729067360349.pdf', NULL, '2024-10-16 08:29:23.021156+00', NULL, NULL, '2024-10-16 08:29:23.021156+00', NULL, '87796288-6847-4a37-aae1-26317d42c7ed'),
	('2ee5be2c-38b2-46c4-8015-280f8cdbe772', 'd1bc8b83-cc8b-4051-a2c9-2fcfb1397e1e', 'https://wkcrwjfqljwprytoiigk.supabase.co/storage/v1/object/public/resumes/resumes/d1bc8b83-cc8b-4051-a2c9-2fcfb1397e1e_1729067876035.pdf', NULL, '2024-10-16 08:37:57.766008+00', NULL, NULL, '2024-10-16 08:37:57.766008+00', NULL, '87796288-6847-4a37-aae1-26317d42c7ed'),
	('b6927ae8-f652-4f84-b0c7-bc628ed49df4', '4b4dbacf-1d3e-4ddb-ad60-0980cd2bd72d', 'https://wkcrwjfqljwprytoiigk.supabase.co/storage/v1/object/public/resumes/resumes/4b4dbacf-1d3e-4ddb-ad60-0980cd2bd72d_1729068215209.pdf', NULL, '2024-10-16 08:43:37.71836+00', NULL, NULL, '2024-10-16 08:43:37.71836+00', NULL, '87796288-6847-4a37-aae1-26317d42c7ed'),
	('b816b8b8-ed09-43f1-9700-58587fb7f260', '0933f6b3-db9c-4bd0-8cc5-c4e9062af9a1', 'https://wkcrwjfqljwprytoiigk.supabase.co/storage/v1/object/public/resumes/resumes/0933f6b3-db9c-4bd0-8cc5-c4e9062af9a1_1729069305448.pdf', NULL, '2024-10-16 09:01:47.192653+00', NULL, NULL, '2024-10-16 09:01:47.192653+00', NULL, '87796288-6847-4a37-aae1-26317d42c7ed'),
	('09da00d4-dd04-4dec-b12a-35a467d5e912', 'cc7707d6-671a-4f0b-a9b8-f6d05896a3b9', 'https://wkcrwjfqljwprytoiigk.supabase.co/storage/v1/object/public/resumes/resumes/cc7707d6-671a-4f0b-a9b8-f6d05896a3b9_1729069984883.pdf', NULL, '2024-10-16 09:13:07.975631+00', NULL, NULL, '2024-10-16 09:13:07.975631+00', NULL, '87796288-6847-4a37-aae1-26317d42c7ed'),
	('86c5bfa0-cb9a-46e8-bf22-b571b973d5fb', 'b7b7987b-d34b-4336-b9f4-c8e7b693e90a', 'https://wkcrwjfqljwprytoiigk.supabase.co/storage/v1/object/public/resumes/resumes/b7b7987b-d34b-4336-b9f4-c8e7b693e90a_1729070121688.pdf', NULL, '2024-10-16 09:15:24.225458+00', NULL, NULL, '2024-10-16 09:15:24.225458+00', NULL, '87796288-6847-4a37-aae1-26317d42c7ed'),
	('0e0f824f-01a2-4599-9d63-3abd5d870f8c', '93fc538d-fd03-4eb2-8953-7b1bdcfe7265', 'https://wkcrwjfqljwprytoiigk.supabase.co/storage/v1/object/public/resumes/resumes/93fc538d-fd03-4eb2-8953-7b1bdcfe7265_1729070827487.pdf', NULL, '2024-10-16 09:27:10.314947+00', NULL, NULL, '2024-10-16 09:27:10.314947+00', NULL, '87796288-6847-4a37-aae1-26317d42c7ed'),
	('ea00235f-fa0d-4a63-be72-b2ad6e9c8d48', 'b3d44017-6b55-46f9-999d-0eed1084f873', 'https://wkcrwjfqljwprytoiigk.supabase.co/storage/v1/object/public/resumes/resumes/b3d44017-6b55-46f9-999d-0eed1084f873_1729090527172.pdf', NULL, '2024-10-16 14:55:32.910561+00', NULL, NULL, '2024-10-16 14:55:32.910561+00', NULL, '87796288-6847-4a37-aae1-26317d42c7ed'),
	('e015ad2e-3b63-4b97-a81f-5dbc3e9393d6', '0cf3d057-e1cf-4f18-9ba8-dfe467944631', 'https://wkcrwjfqljwprytoiigk.supabase.co/storage/v1/object/public/resumes/resumes/0cf3d057-e1cf-4f18-9ba8-dfe467944631_1729087102271.pdf', '{"basics": {"email": "first.lastname@selu.edu", "phone": "9851234", "social": [], "lastName": "Lastname", "linkedIn": null, "location": {"city": "Hammond", "state": "LA", "country": "USA"}, "firstName": "First", "currentCompany": "Southeastern Louisiana University", "currentJobTitle": "Student Athlete", "totalExperienceInMonths": 12}, "skills": ["CPR & First Aid Certified", "Proficient in Microsoft Word", "basic knowledge of Microsoft PowerPoint", "basic knowledge of Excel"], "schools": [{"end": {"year": 2025, "month": 5}, "gpa": 3.1, "field": "Biological Sciences", "start": {"year": null, "month": null}, "degree": "Bachelor of Science", "institution": "Southeastern Louisiana University"}], "projects": [], "languages": [], "positions": [{"end": {"year": null, "month": null}, "org": "Southeastern Louisiana University", "level": "Fresher-level", "start": {"year": 2020, "month": 8}, "title": "Student Athlete", "location": "Hammond, LA", "description": "Selected as 1 of # team members after completing a 20-hour intensive training period. Participated in # philanthropy events yearly to represent the university. Dedicated # hours per week to training and competition while balancing # academic hours."}, {"end": {"year": 2022, "month": 5}, "org": "Student-Athlete Advisory Committee", "level": "Fresher-level", "start": {"year": 2021, "month": 8}, "title": "Volleyball Representative", "location": "Hammond, LA", "description": "Attended weekly committee meetings, representing the women''s volleyball team fairly. Advocated for concerns and interests of student-athletes at Southeastern. Served as a leader to implement resolutions voted on by the board each year."}, {"end": {"year": 2021, "month": 3}, "org": "SLU Food Services", "level": "Fresher-level", "start": {"year": 2020, "month": 8}, "title": "Dining Room Attendant", "location": "Hammond, LA", "description": "Maintained clean and safe environment for dining hall serving 1,000+ patrons daily. Communicated with students and staff to resolve issues and ensure quality experience. Completed the Student Manager Training Program within the first month of work."}, {"end": {"year": 2020, "month": 6}, "org": "Self-Employed", "level": "Fresher-level", "start": {"year": 2019, "month": 8}, "title": "Babysitter", "location": "Covington, LA", "description": "Ensured the safety, health, and welfare of 2 children, ages 3 and 8, every day after school. Organized safe, fun, and educational activities such as visits to the park and crafts. Supported learning by explaining homework and working through problems together."}, {"end": {"year": 2022, "month": null}, "org": "Parks and Recreation", "level": "Fresher-level", "start": {"year": 2020, "month": 6}, "title": "Basketball Camp Coach/Coordinator", "location": "Hammond, LA", "description": "Instructed 60-70 1st – 9th grade athletes on proper athletic skills development. Created interactive sessions to engage youth and practice safe techniques and strategies. Collaborated with 4 other coaches in a team environment. Monitored and evaluated drills and activities and implemented proper safety measures. Maintained positive communication with campers and parents."}], "certificates": [], "geoDataAndExp": {"city": "Hammond", "state": "Louisiana", "country": "United States", "geolocation": "POINT(-90.46119949999999 30.5043583)", "experience_in_months": 12}}', '2024-10-16 13:58:26.287752+00', 'Raimons_Resume.pdf', '5 MB', '2024-10-16 14:40:31.512377+00', '{"step": "process_resume_v1", "message": "429 You exceeded your current quota, please check your plan and billing details. For more information on this error, read the docs: https://platform.openai.com/docs/guides/error-codes/api-errors."}', '87796288-6847-4a37-aae1-26317d42c7ed'),
	('7d9a456c-9253-4c9c-8650-ad1cfd9e869e', 'bd9ff50d-2ce4-4f1e-9422-3c580a236b12', 'https://wkcrwjfqljwprytoiigk.supabase.co/storage/v1/object/public/resumes/resumes/bd9ff50d-2ce4-4f1e-9422-3c580a236b12_1729089661740.pdf', NULL, '2024-10-16 14:41:05.096593+00', NULL, NULL, '2024-10-16 14:41:05.096593+00', NULL, '87796288-6847-4a37-aae1-26317d42c7ed'),
	('dae2d712-c363-444b-b7f7-917dc17054f0', '95fd239d-d500-4330-b546-faf7980d426f', 'https://wkcrwjfqljwprytoiigk.supabase.co/storage/v1/object/public/resumes/resumes/95fd239d-d500-4330-b546-faf7980d426f_1729092007070.pdf', NULL, '2024-10-16 15:20:10.811092+00', NULL, NULL, '2024-10-16 15:20:10.811092+00', NULL, '87796288-6847-4a37-aae1-26317d42c7ee'),
	('48bfb55c-c892-4177-85ab-290fbbd2d79e', '2af1fb19-fc3b-4b8d-9446-d9a45ff5b52a', 'https://wkcrwjfqljwprytoiigk.supabase.co/storage/v1/object/public/resumes/resumes/2af1fb19-fc3b-4b8d-9446-d9a45ff5b52a_1729083387467.pdf', '{"basics": {"email": "first.lastname@selu.edu", "phone": "9851234", "social": [], "lastName": "Lastname", "linkedIn": null, "location": {"city": "City", "state": "State", "country": "Zip Code"}, "firstName": "First", "currentCompany": "Southeastern Louisiana University", "currentJobTitle": "Student Athlete", "totalExperienceInMonths": 21}, "skills": ["CPR & First Aid Certified", "Proficient in Microsoft Word", "basic knowledge of Microsoft PowerPoint", "basic knowledge of Excel"], "schools": [{"end": {"year": 2025, "month": 5}, "gpa": 3.1, "field": "Biological Sciences", "start": {"year": null, "month": null}, "degree": "Bachelor of Science", "institution": "Southeastern Louisiana University"}], "projects": [], "languages": [], "positions": [{"end": {"year": null, "month": null}, "org": "Southeastern Louisiana University", "level": "Associate-level", "start": {"year": 2020, "month": 8}, "title": "Student Athlete", "location": "Hammond, LA", "description": "Selected as 1 of # team members after completing a 20-hour intensive training period. Participated in # philanthropy events yearly to represent the university. Dedicated # hours per week to training and competition while balancing # academic hours."}, {"end": {"year": 2021, "month": 3}, "org": "SLU Food Services", "level": "Fresher-level", "start": {"year": 2020, "month": 8}, "title": "Dining Room Attendant", "location": "Hammond, LA", "description": "Maintained clean and safe environment for dining hall serving 1,000+ patrons daily. Communicated with students and staff to resolve issues and ensure quality experience. Completed the Student Manager Training Program within the first month of work."}, {"end": {"year": 2020, "month": 6}, "org": "Self-Employed", "level": "Fresher-level", "start": {"year": 2019, "month": 8}, "title": "Babysitter", "location": "Covington, LA", "description": "Ensured the safety, health, and welfare of 2 children, ages 3 and 8, every day after school. Organized safe, fun, and educational activities such as visits to the park and crafts. Supported learning by explaining homework and working through problems together."}, {"end": {"year": 2022, "month": null}, "org": "Parks and Recreation", "level": "Fresher-level", "start": {"year": 2020, "month": 6}, "title": "Basketball Camp Coach/Coordinator", "location": "Hammond, LA", "description": "Instructed 60-70 1st – 9th grade athletes on proper athletic skills development. Created interactive sessions to engage youth and practice safe techniques and strategies. Collaborated with 4 other coaches in a team environment. Monitored and evaluated drills and activities and implemented proper safety measures. Maintained positive communication with campers and parents."}], "certificates": ["CPR & First Aid Certified"], "geoDataAndExp": {"experience_in_months": 21}}', '2024-10-16 12:56:31.121645+00', NULL, NULL, '2024-10-16 14:42:07.805178+00', '{"step": "process_resume_v1", "message": "429 You exceeded your current quota, please check your plan and billing details. For more information on this error, read the docs: https://platform.openai.com/docs/guides/error-codes/api-errors."}', '87796288-6847-4a37-aae1-26317d42c7ed'),
	('026d8f27-6491-4fd4-bfb7-cf7d523f00db', 'd1fe12df-9a69-4804-93ff-4b9cdb470c64', 'https://wkcrwjfqljwprytoiigk.supabase.co/storage/v1/object/public/resumes/resumes/d1fe12df-9a69-4804-93ff-4b9cdb470c64_1729092658470.pdf', NULL, '2024-10-16 15:31:01.357198+00', NULL, NULL, '2024-10-16 15:31:01.357198+00', NULL, '87796288-6847-4a37-aae1-26317d42c7ee'),
	('a811f695-6e41-448d-b0e3-f0d04995eee1', '10ece31b-a932-4e3b-bcbf-b5a6ff356224', 'https://wkcrwjfqljwprytoiigk.supabase.co/storage/v1/object/public/resumes/resumes/10ece31b-a932-4e3b-bcbf-b5a6ff356224_1729052947115.pdf', NULL, '2024-10-16 04:29:10.357916+00', NULL, NULL, '2024-10-16 06:06:15.539803+00', NULL, '87796288-6847-4a37-aae1-26317d42c7ed'),
	('d7f30f3e-100e-44fd-9691-e283c3896f0a', '7eca8cc3-2d39-41fc-8f58-42153fc4f2b3', 'https://wkcrwjfqljwprytoiigk.supabase.co/storage/v1/object/public/resumes/resumes/7eca8cc3-2d39-41fc-8f58-42153fc4f2b3_1729056712247.pdf', '{"basics": {"email": "first.lastname@selu.edu", "phone": "9851234", "social": [], "lastName": "Lastname", "linkedIn": null, "location": {"city": "Hammond", "state": "LA", "country": "USA"}, "firstName": "First", "currentCompany": "Southeastern Louisiana University", "currentJobTitle": "Student Athlete", "totalExperienceInMonths": 12}, "skills": ["CPR & First Aid Certified", "Proficient in Microsoft Word", "basic knowledge of Microsoft PowerPoint", "basic knowledge of Excel"], "schools": [{"end": {"year": 2025, "month": 5}, "gpa": 3.1, "field": "Biological Sciences", "start": {"year": null, "month": null}, "degree": "Bachelor of Science", "institution": "Southeastern Louisiana University"}], "projects": [], "languages": [], "positions": [{"end": {"year": null, "month": null}, "org": "Southeastern Louisiana University", "level": "Fresher-level", "start": {"year": 2020, "month": 8}, "title": "Student Athlete", "location": "Hammond, LA", "description": "Selected as 1 of # team members after completing a 20-hour intensive training period. Participated in # philanthropy events yearly to represent the university. Dedicated # hours per week to training and competition while balancing # academic hours."}, {"end": {"year": 2022, "month": 5}, "org": "Student-Athlete Advisory Committee", "level": "Fresher-level", "start": {"year": 2021, "month": 8}, "title": "Volleyball Representative", "location": "Hammond, LA", "description": "Attended weekly committee meetings, representing the women''s volleyball team fairly. Advocated for concerns and interests of student-athletes at Southeastern. Served as a leader to implement resolutions voted on by the board each year."}, {"end": {"year": 2021, "month": 3}, "org": "SLU Food Services", "level": "Fresher-level", "start": {"year": 2020, "month": 8}, "title": "Dining Room Attendant", "location": "Hammond, LA", "description": "Maintained clean and safe environment for dining hall serving 1,000+ patrons daily. Communicated with students and staff to resolve issues and ensure quality experience. Completed the Student Manager Training Program within the first month of work."}, {"end": {"year": 2020, "month": 6}, "org": "Self-Employed", "level": "Fresher-level", "start": {"year": 2019, "month": 8}, "title": "Babysitter", "location": "Covington, LA", "description": "Ensured the safety, health, and welfare of 2 children, ages 3 and 8, every day after school. Organized safe, fun, and educational activities such as visits to the park and crafts. Supported learning by explaining homework and working through problems together."}, {"end": {"year": 2022, "month": null}, "org": "Parks and Recreation", "level": "Fresher-level", "start": {"year": 2020, "month": 6}, "title": "Basketball Camp Coach/Coordinator", "location": "Hammond, LA", "description": "Instructed 60-70 1st – 9th grade athletes on proper athletic skills development. Created interactive sessions to engage youth and practice safe techniques and strategies. Collaborated with 4 other coaches in a team environment. Monitored and evaluated drills and activities and implemented proper safety measures. Maintained positive communication with campers and parents."}], "certificates": [], "geoDataAndExp": {"city": "Hammond", "state": "Louisiana", "country": "United States", "geolocation": "POINT(-90.46119949999999 30.5043583)", "experience_in_months": 12}}', '2024-10-16 05:31:55.589895+00', NULL, NULL, '2024-10-16 06:06:15.539803+00', NULL, '87796288-6847-4a37-aae1-26317d42c7ed'),
	('f1524e44-fb79-4975-9990-9c1f175514ca', '40d49f71-0dc8-485c-b734-dde52b323907', 'https://wkcrwjfqljwprytoiigk.supabase.co/storage/v1/object/public/resumes/resumes/40d49f71-0dc8-485c-b734-dde52b323907_1729058364646.pdf', NULL, '2024-10-16 05:59:27.9902+00', NULL, NULL, '2024-10-16 06:06:15.539803+00', '{"step": "process_resume_v1", "message": "429 You exceeded your current quota, please check your plan and billing details. For more information on this error, read the docs: https://platform.openai.com/docs/guides/error-codes/api-errors."}', '87796288-6847-4a37-aae1-26317d42c7ed'),
	('61fadca3-c4f4-44eb-926c-c275d197dad1', 'd475c90a-2563-4b31-91a6-7fb6f6860ddd', 'https://wkcrwjfqljwprytoiigk.supabase.co/storage/v1/object/public/resumes/resumes/d475c90a-2563-4b31-91a6-7fb6f6860ddd_1729056009627.pdf', NULL, '2024-10-16 05:20:12.736864+00', NULL, NULL, '2024-10-16 06:06:15.539803+00', NULL, '87796288-6847-4a37-aae1-26317d42c7ed'),
	('6cf626c3-a808-4b26-94a1-74f132bee976', '5c60aac7-784e-41bd-98db-c0b944c93fa6', 'https://wkcrwjfqljwprytoiigk.supabase.co/storage/v1/object/public/resumes/resumes/5c60aac7-784e-41bd-98db-c0b944c93fa6_1729057871953.pdf', NULL, '2024-10-16 05:51:15.071954+00', NULL, NULL, '2024-10-16 06:06:15.539803+00', '{"step": "process_resume_v1", "message": "429 You exceeded your current quota, please check your plan and billing details. For more information on this error, read the docs: https://platform.openai.com/docs/guides/error-codes/api-errors."}', '87796288-6847-4a37-aae1-26317d42c7ed'),
	('bbe54789-111d-44be-a122-750abe13ca09', '5acf67eb-c0a2-4b21-b7d3-404065db1567', 'https://wkcrwjfqljwprytoiigk.supabase.co/storage/v1/object/public/resumes/resumes/5acf67eb-c0a2-4b21-b7d3-404065db1567_1729059019706.pdf', NULL, '2024-10-16 06:10:22.769994+00', NULL, NULL, '2024-10-16 06:10:22.769994+00', NULL, NULL),
	('c08ee10b-e1d9-4b8e-a2ac-1d3c2d7afefa', '4a3d211a-e70d-4db9-bdd2-cb0cc63967c5', 'https://wkcrwjfqljwprytoiigk.supabase.co/storage/v1/object/public/resumes/resumes/4a3d211a-e70d-4db9-bdd2-cb0cc63967c5_1729059454811.pdf', '{"basics": {"email": "first.lastname@selu.edu", "phone": "9851234", "social": [], "lastName": "Lastname", "linkedIn": null, "location": {"city": "City", "state": "State", "country": "Zip Code"}, "firstName": "First", "currentCompany": "Southeastern Louisiana University", "currentJobTitle": "Student Athlete", "totalExperienceInMonths": 21}, "skills": ["CPR & First Aid Certified", "Proficient in Microsoft Word", "basic knowledge of Microsoft PowerPoint", "basic knowledge of Excel"], "schools": [{"end": {"year": 2025, "month": 5}, "gpa": 3.1, "field": "Biological Sciences", "start": {"year": null, "month": null}, "degree": "Bachelor of Science", "institution": "Southeastern Louisiana University"}], "projects": [], "languages": [], "positions": [{"end": {"year": null, "month": null}, "org": "Southeastern Louisiana University", "level": "Associate-level", "start": {"year": 2020, "month": 8}, "title": "Student Athlete", "location": "Hammond, LA", "description": "Selected as 1 of # team members after completing a 20-hour intensive training period. Participated in # philanthropy events yearly to represent the university. Dedicated # hours per week to training and competition while balancing # academic hours."}, {"end": {"year": 2021, "month": 3}, "org": "SLU Food Services", "level": "Fresher-level", "start": {"year": 2020, "month": 8}, "title": "Dining Room Attendant", "location": "Hammond, LA", "description": "Maintained clean and safe environment for dining hall serving 1,000+ patrons daily. Communicated with students and staff to resolve issues and ensure quality experience. Completed the Student Manager Training Program within the first month of work."}, {"end": {"year": 2020, "month": 6}, "org": "Self-Employed", "level": "Fresher-level", "start": {"year": 2019, "month": 8}, "title": "Babysitter", "location": "Covington, LA", "description": "Ensured the safety, health, and welfare of 2 children, ages 3 and 8, every day after school. Organized safe, fun, and educational activities such as visits to the park and crafts. Supported learning by explaining homework and working through problems together."}, {"end": {"year": 2022, "month": null}, "org": "Parks and Recreation", "level": "Fresher-level", "start": {"year": 2020, "month": 6}, "title": "Basketball Camp Coach/Coordinator", "location": "Hammond, LA", "description": "Instructed 60-70 1st – 9th grade athletes on proper athletic skills development. Created interactive sessions to engage youth and practice safe techniques and strategies. Collaborated with 4 other coaches in a team environment. Monitored and evaluated drills and activities and implemented proper safety measures. Maintained positive communication with campers and parents."}], "certificates": ["CPR & First Aid Certified"], "geoDataAndExp": {"experience_in_months": 21}}', '2024-10-16 06:17:38.317058+00', NULL, NULL, '2024-10-16 06:17:52.434886+00', NULL, NULL),
	('fc3035b8-58df-4ecf-92c7-2058713b9437', '166f1d10-bce3-40ce-9ac2-4d115598d27f', 'https://wkcrwjfqljwprytoiigk.supabase.co/storage/v1/object/public/resumes/resumes/166f1d10-bce3-40ce-9ac2-4d115598d27f_1729099809788.pdf', NULL, '2024-10-16 17:30:14.50862+00', NULL, NULL, '2024-10-16 17:30:22.0117+00', '{"step": "process_resume_v1", "type": "SYSTEM_ERROR", "message": "Resume to text:No text or images found in response"}', '87796288-6847-4a37-aae1-26317d42c7ed'),
	('0442e34b-d438-4923-bf75-6aaeb78a283e', 'dcfb88f8-c65f-4fd2-8f2b-c2f5e44733fe', 'https://wkcrwjfqljwprytoiigk.supabase.co/storage/v1/object/public/resumes/resumes/dcfb88f8-c65f-4fd2-8f2b-c2f5e44733fe_1729100058063.pdf', NULL, '2024-10-16 17:34:21.809223+00', NULL, NULL, '2024-10-16 17:34:21.809223+00', NULL, '87796288-6847-4a37-aae1-26317d42c7ed');


--
-- Data for Name: roles; Type: TABLE DATA; Schema: public; Owner: postgres
--

INSERT INTO "public"."roles" ("id", "user_id", "role") VALUES
	('b38b5c94-2966-453b-a50a-a7bcefee039f', 'b5d4c5f2-2265-493a-8970-08eea132f63f', 'nurse'),
	('d403429e-8807-4250-87df-8dc98d9d97a2', '10ece31b-a932-4e3b-bcbf-b5a6ff356224', 'nurse'),
	('eb80d894-54e3-4705-9a53-3c98e8504978', 'd475c90a-2563-4b31-91a6-7fb6f6860ddd', 'nurse'),
	('a00c6cf3-7d19-42e7-8230-b421d1cace13', '7eca8cc3-2d39-41fc-8f58-42153fc4f2b3', 'nurse'),
	('fd7ebf35-167c-48bd-b736-1fc9d9c111f4', '5c60aac7-784e-41bd-98db-c0b944c93fa6', 'nurse'),
	('5b4446c1-1d9c-4a39-a874-d5d4c82631aa', '40d49f71-0dc8-485c-b734-dde52b323907', 'nurse'),
	('d7353655-bc11-47d1-aed6-d3ab683f052f', '5acf67eb-c0a2-4b21-b7d3-404065db1567', 'nurse'),
	('9ae46e2e-668e-4b65-a9d5-fb38917d7083', '4a3d211a-e70d-4db9-bdd2-cb0cc63967c5', 'nurse'),
	('54ce8b54-4e7a-4ada-b381-b23dac1f46c4', '7a844993-3383-422d-80c7-fbaa59498556', 'nurse'),
	('95bc0578-dd39-4cff-9885-496ca1f17842', '56b77f45-7449-4a02-b139-7921c60435d3', 'nurse'),
	('d611bfde-b4be-40f8-b776-888ad8ec8011', 'b27f8d46-90c0-403c-a78f-56eb152e9c89', 'nurse'),
	('1b608b85-3531-4c97-83f4-a0bc8795fb09', 'abc5cbe2-303f-47dc-aec1-f71cfee88642', 'nurse'),
	('64d5b5f3-5147-4fbf-a08a-0f7de8dba77e', '21afb6e4-a256-43cc-a334-6ec2839057d8', 'nurse'),
	('56d5a2bd-1a0b-4bf4-bfa3-0cd3e163f0cd', '24bcd469-62e4-41fd-b8a4-78f9f81bafe0', 'nurse'),
	('aee239e7-fcf9-46b8-9dbc-789e15421bc3', '071615f6-6d45-4ab9-a937-24fc384d2f01', 'nurse'),
	('70d7d107-3f6d-4f94-b517-4c5eb1b2a348', 'f86c8d2a-a9fd-4a5e-b62e-db473fe7dc8f', 'nurse'),
	('e1383038-33e7-4083-aacc-eee361ecb1cc', 'd1bc8b83-cc8b-4051-a2c9-2fcfb1397e1e', 'nurse'),
	('e73cdacd-20ec-466f-9af5-a523e33f10ab', '4b4dbacf-1d3e-4ddb-ad60-0980cd2bd72d', 'nurse'),
	('d551e5a8-d849-4af7-8f15-631dccbecd4d', '0933f6b3-db9c-4bd0-8cc5-c4e9062af9a1', 'nurse'),
	('60e48556-7043-4596-929c-02075e9694cc', 'cc7707d6-671a-4f0b-a9b8-f6d05896a3b9', 'nurse'),
	('93ba8c25-417b-4d6c-ade9-8c051e5cdf53', 'b7b7987b-d34b-4336-b9f4-c8e7b693e90a', 'nurse'),
	('44609378-37d6-489b-8a9f-167d158570e8', '93fc538d-fd03-4eb2-8953-7b1bdcfe7265', 'nurse'),
	('38bff381-7967-4a6c-9f08-e9e520cc5844', 'dd5333d0-3a02-491f-b1b7-ad053f5321cd', 'hospital'),
	('4c777d5a-5f01-4f24-8ce8-ca182e69e244', '2af1fb19-fc3b-4b8d-9446-d9a45ff5b52a', 'nurse'),
	('2c068b29-6d60-447b-8fb6-b237401f75c2', '0cf3d057-e1cf-4f18-9ba8-dfe467944631', 'nurse'),
	('1f9bbcf8-465a-4627-a3fc-256b41f6b6e9', 'bd9ff50d-2ce4-4f1e-9422-3c580a236b12', 'nurse'),
	('3e0ed664-6406-469c-bdd3-0808176ddbee', 'b3d44017-6b55-46f9-999d-0eed1084f873', 'nurse'),
	('17a992f2-e2b8-44d7-a666-00abcefc7893', '95fd239d-d500-4330-b546-faf7980d426f', 'nurse'),
	('5b46bed6-e333-4f56-b4d0-e5077097dd93', 'd1fe12df-9a69-4804-93ff-4b9cdb470c64', 'nurse'),
	('a1f79721-c5dd-46eb-bf18-75cf80434c88', '166f1d10-bce3-40ce-9ac2-4d115598d27f', 'nurse'),
	('b8f76fa5-eca6-434d-8820-044e0e43e29d', 'dcfb88f8-c65f-4fd2-8f2b-c2f5e44733fe', 'nurse');


--
-- Data for Name: tenant; Type: TABLE DATA; Schema: public; Owner: postgres
--

INSERT INTO "public"."tenant" ("user_id", "created_at", "first_name", "last_name", "email", "hospital_id") VALUES
	('dd5333d0-3a02-491f-b1b7-ad053f5321cd', '2024-10-16 12:23:43.564857+00', 'Chinmai ', 'C R', 'hospital@aglinthq.com', 'e7d5ff76-fab3-444b-be00-9fca3e0185c2');


--
-- Data for Name: buckets; Type: TABLE DATA; Schema: storage; Owner: supabase_storage_admin
--

INSERT INTO "storage"."buckets" ("id", "name", "owner", "created_at", "updated_at", "public", "avif_autodetection", "file_size_limit", "allowed_mime_types", "owner_id") VALUES
	('resumes', 'resumes', NULL, '2024-10-11 05:05:59.327135+00', '2024-10-11 05:05:59.327135+00', true, false, NULL, NULL, NULL),
	('videos', 'videos', NULL, '2024-10-12 19:35:17.287836+00', '2024-10-12 19:35:17.287836+00', true, false, NULL, NULL, NULL),
	('seed_resume', 'seed_resume', NULL, '2024-10-16 06:24:07.772503+00', '2024-10-16 06:24:07.772503+00', true, false, NULL, NULL, NULL),
	('audio', 'audio', NULL, '2024-10-15 09:02:54.832408+00', '2024-10-15 09:02:54.832408+00', false, false, 20971520, '{audio/*}', NULL);


--
-- Data for Name: objects; Type: TABLE DATA; Schema: storage; Owner: supabase_storage_admin
--

INSERT INTO "storage"."objects" ("id", "bucket_id", "name", "owner", "created_at", "updated_at", "last_accessed_at", "metadata", "version", "owner_id", "user_metadata") VALUES
	('05bcde3a-b554-4c18-951f-72104fb344c5', 'resumes', '.emptyFolderPlaceholder', NULL, '2024-10-11 05:18:45.750619+00', '2024-10-11 05:18:45.750619+00', '2024-10-11 05:18:45.750619+00', '{"eTag": "\"d41d8cd98f00b204e9800998ecf8427e\"", "size": 0, "mimetype": "application/octet-stream", "cacheControl": "max-age=3600", "lastModified": "2024-10-11T05:18:46.000Z", "contentLength": 0, "httpStatusCode": 200}', '58e94b26-7c26-4b5d-a073-36b5ddb5bb7a', NULL, '{}'),
	('a52611aa-69df-4dd7-8d6e-bbb7ec06348f', 'resumes', 'resumes/147cf135-c642-4421-b098-b89f5f88c1fb_1728826936043.pdf', NULL, '2024-10-13 13:42:19.342621+00', '2024-10-13 13:42:19.342621+00', '2024-10-13 13:42:19.342621+00', '{"eTag": "\"fdb289e2176452055e2d9caadc722e1c\"", "size": 1650768, "mimetype": "application/pdf", "cacheControl": "max-age=3600", "lastModified": "2024-10-13T13:42:19.000Z", "contentLength": 1650768, "httpStatusCode": 200}', '357ee0f3-c5f7-45af-b575-835f129ff996', NULL, '{}'),
	('f6d4828f-2d3f-4255-8580-a209bfb26005', 'resumes', 'resumes/f49d9874-42d6-4c03-aed6-95582215e7fc_1728904196606.pdf', NULL, '2024-10-14 11:09:57.954854+00', '2024-10-14 11:09:57.954854+00', '2024-10-14 11:09:57.954854+00', '{"eTag": "\"c54cda725f799e438b94806915eb7318\"", "size": 3536, "mimetype": "application/pdf", "cacheControl": "max-age=3600", "lastModified": "2024-10-14T11:09:58.000Z", "contentLength": 3536, "httpStatusCode": 200}', '43351b6a-553e-4303-a8e5-66fd0414b528', NULL, '{}'),
	('37dab30d-dfee-4c49-a0bd-751378e672b2', 'resumes', 'resumes/c0b50bde-a44b-4bfa-8865-8ead541e7308_1728838912081.pdf', NULL, '2024-10-13 17:01:58.557847+00', '2024-10-13 17:01:58.557847+00', '2024-10-13 17:01:58.557847+00', '{"eTag": "\"fdb289e2176452055e2d9caadc722e1c\"", "size": 1650768, "mimetype": "application/pdf", "cacheControl": "max-age=3600", "lastModified": "2024-10-13T17:01:59.000Z", "contentLength": 1650768, "httpStatusCode": 200}', '1e93174a-2690-449d-84fb-c6a047b3d306', NULL, '{}'),
	('1ae85a04-6604-46b1-839e-0ba385b68e3e', 'resumes', 'resumes/0dc0157a-99f1-439f-a320-a31e87293338_1729060051125.pdf', '7e998099-db08-4acc-b49e-95418b3f02b4', '2024-10-16 06:27:32.576369+00', '2024-10-16 06:27:32.576369+00', '2024-10-16 06:27:32.576369+00', '{"eTag": "\"c8b92dca165a6381c3c5e68b577f0f03\"", "size": 2217, "mimetype": "application/pdf", "cacheControl": "max-age=3600", "lastModified": "2024-10-16T06:27:33.000Z", "contentLength": 2217, "httpStatusCode": 200}', 'f5b67ce2-87d8-4ff4-a2d1-68577a23ef89', '7e998099-db08-4acc-b49e-95418b3f02b4', '{}'),
	('dbe3e42f-8463-4622-b00f-3829e1f08c21', 'resumes', 'resumes/c0b50bde-a44b-4bfa-8865-8ead541e7308_1728840323425.pdf', NULL, '2024-10-13 17:25:25.167683+00', '2024-10-13 17:25:25.167683+00', '2024-10-13 17:25:25.167683+00', '{"eTag": "\"6a17086c600998a3cf651711ee971e7b\"", "size": 62848, "mimetype": "application/pdf", "cacheControl": "max-age=3600", "lastModified": "2024-10-13T17:25:25.000Z", "contentLength": 62848, "httpStatusCode": 200}', 'ccbd6639-6b0d-4378-aa51-ab6c5be0888c', NULL, '{}'),
	('7cc5e51e-2782-4c27-bed5-724d13327697', 'resumes', 'resumes/.emptyFolderPlaceholder', NULL, '2024-10-13 12:59:58.460628+00', '2024-10-13 12:59:58.460628+00', '2024-10-13 12:59:58.460628+00', '{"eTag": "\"d41d8cd98f00b204e9800998ecf8427e\"", "size": 0, "mimetype": "application/octet-stream", "cacheControl": "max-age=3600", "lastModified": "2024-10-13T12:59:59.000Z", "contentLength": 0, "httpStatusCode": 200}', '36234aad-7a77-48a4-b2ff-0fa1f31be54c', NULL, '{}'),
	('073a0cc9-a654-406d-b3f1-285858dd9689', 'resumes', 'resumes/08bb3796-a5d0-4a7f-a12d-007c08595c53_1728854088920.pdf', NULL, '2024-10-13 21:14:50.620338+00', '2024-10-13 21:14:50.620338+00', '2024-10-13 21:14:50.620338+00', '{"eTag": "\"8c8be85756141fe741df8583449615fb\"", "size": 89064, "mimetype": "application/pdf", "cacheControl": "max-age=3600", "lastModified": "2024-10-13T21:14:51.000Z", "contentLength": 89064, "httpStatusCode": 200}', '58cdb79b-48e2-46c7-8c3b-9af642899ca5', NULL, '{}'),
	('8e800df6-3dad-4bfa-9a6e-9d08f8ebf548', 'videos', 'interviews/.emptyFolderPlaceholder', NULL, '2024-10-13 13:00:19.782827+00', '2024-10-13 13:00:19.782827+00', '2024-10-13 13:00:19.782827+00', '{"eTag": "\"d41d8cd98f00b204e9800998ecf8427e\"", "size": 0, "mimetype": "application/octet-stream", "cacheControl": "max-age=3600", "lastModified": "2024-10-13T13:00:20.000Z", "contentLength": 0, "httpStatusCode": 200}', 'aad1de2e-09cb-431b-bda4-7dbec38fbcbc', NULL, '{}'),
	('6a49f337-0a8e-4d54-9f0d-20480867240b', 'videos', 'interviews/1728854118354_f5m9cc6vepf.webm', NULL, '2024-10-13 21:15:21.308871+00', '2024-10-13 21:15:21.308871+00', '2024-10-13 21:15:21.308871+00', '{"eTag": "\"1091eacb2265ad3f6a31b5c29a2c047d\"", "size": 1635754, "mimetype": "video/webm", "cacheControl": "max-age=3600", "lastModified": "2024-10-13T21:15:22.000Z", "contentLength": 1635754, "httpStatusCode": 200}', '65145a7c-714a-4e10-be8b-101660309723', NULL, '{}'),
	('9f85ca00-e6c4-4ff5-ad26-52b89ab56226', 'resumes', 'resumes/0f7e1387-e95a-4a62-8cb3-453854741a13_1728878546819.pdf', NULL, '2024-10-14 04:02:28.330314+00', '2024-10-14 04:02:28.330314+00', '2024-10-14 04:02:28.330314+00', '{"eTag": "\"8c8be85756141fe741df8583449615fb\"", "size": 89064, "mimetype": "application/pdf", "cacheControl": "max-age=3600", "lastModified": "2024-10-14T04:02:29.000Z", "contentLength": 89064, "httpStatusCode": 200}', '3e03a219-2b19-47fc-976f-2b9f3f49bf7d', NULL, '{}'),
	('dfd5791e-e210-40f2-ab3a-b0894fc8f43b', 'resumes', 'resumes/352ca7d3-fa4f-4169-9444-ed1bcc5db6a7_1728880623497.pdf', NULL, '2024-10-14 04:37:04.884754+00', '2024-10-14 04:37:04.884754+00', '2024-10-14 04:37:04.884754+00', '{"eTag": "\"8861136928975b870f29da069c719397\"", "size": 3305, "mimetype": "application/pdf", "cacheControl": "max-age=3600", "lastModified": "2024-10-14T04:37:05.000Z", "contentLength": 3305, "httpStatusCode": 200}', '159cadf2-cf6f-4c3e-9ac3-594e1830bb5e', NULL, '{}'),
	('d8e1677c-38de-46e6-911c-a98f5b7cc5ba', 'videos', 'interviews/1728880650168_i6ibwn6wck.webm', NULL, '2024-10-14 04:37:32.604314+00', '2024-10-14 04:37:32.604314+00', '2024-10-14 04:37:32.604314+00', '{"eTag": "\"94b9f8a6c655307c369154c62c2de2a0\"", "size": 1694275, "mimetype": "video/webm", "cacheControl": "max-age=3600", "lastModified": "2024-10-14T04:37:33.000Z", "contentLength": 1694275, "httpStatusCode": 200}', '6df462eb-6178-449d-a674-e3587c27853b', NULL, '{}'),
	('b634a0c9-b9e9-458d-9385-01dea77cf038', 'resumes', 'resumes/352ca7d3-fa4f-4169-9444-ed1bcc5db6a7_1728881398255.pdf', NULL, '2024-10-14 04:49:59.707415+00', '2024-10-14 04:49:59.707415+00', '2024-10-14 04:49:59.707415+00', '{"eTag": "\"1a507663a7790fea835692d814ec0b34\"", "size": 73825, "mimetype": "application/pdf", "cacheControl": "max-age=3600", "lastModified": "2024-10-14T04:50:00.000Z", "contentLength": 73825, "httpStatusCode": 200}', 'adea6a24-ee48-48fb-9e79-7a32166c7585', NULL, '{}'),
	('fb168a64-784e-4547-8d6a-60288fb3f0d3', 'resumes', 'resumes/352ca7d3-fa4f-4169-9444-ed1bcc5db6a7_1728884185072.pdf', NULL, '2024-10-14 05:36:26.550649+00', '2024-10-14 05:36:26.550649+00', '2024-10-14 05:36:26.550649+00', '{"eTag": "\"ee74af3ad4a36a86db55cef28a5db803\"", "size": 64321, "mimetype": "application/pdf", "cacheControl": "max-age=3600", "lastModified": "2024-10-14T05:36:27.000Z", "contentLength": 64321, "httpStatusCode": 200}', '23a6cee2-63c6-42e4-84e0-08b52e38f559', NULL, '{}'),
	('b056a531-88c6-487a-b885-4efcabc55621', 'resumes', 'resumes/3bc3bb92-3604-4a27-8b2c-be615f6f7eaf_1728833413366.pdf', NULL, '2024-10-13 15:30:14.899552+00', '2024-10-13 15:30:14.899552+00', '2024-10-13 15:30:14.899552+00', '{"eTag": "\"3c658d06c8285b9ef2c8e2443a32554d\"", "size": 1572421, "mimetype": "application/pdf", "cacheControl": "max-age=3600", "lastModified": "2024-10-13T15:30:15.000Z", "contentLength": 1572421, "httpStatusCode": 200}', 'b6cef7da-1e23-44ef-b90d-bc4183d71feb', NULL, '{}'),
	('3d9537d1-ecdb-4a27-a176-667bba7f0abf', 'resumes', 'resumes/c0b50bde-a44b-4bfa-8865-8ead541e7308_1728839750065.pdf', NULL, '2024-10-13 17:15:52.444823+00', '2024-10-13 17:15:52.444823+00', '2024-10-13 17:15:52.444823+00', '{"eTag": "\"82ac9a53aa2f310d46ce863fc1670a4c\"", "size": 39831, "mimetype": "application/pdf", "cacheControl": "max-age=3600", "lastModified": "2024-10-13T17:15:53.000Z", "contentLength": 39831, "httpStatusCode": 200}', '1eb726b7-31fa-4820-9f62-ee68dd16bd02', NULL, '{}'),
	('9adb5fd0-bbde-43a9-8f5b-6bb17f1f9f48', 'resumes', 'resumes/c0b50bde-a44b-4bfa-8865-8ead541e7308_1728839795886.pdf', NULL, '2024-10-13 17:16:37.858557+00', '2024-10-13 17:16:37.858557+00', '2024-10-13 17:16:37.858557+00', '{"eTag": "\"82ac9a53aa2f310d46ce863fc1670a4c\"", "size": 39831, "mimetype": "application/pdf", "cacheControl": "max-age=3600", "lastModified": "2024-10-13T17:16:38.000Z", "contentLength": 39831, "httpStatusCode": 200}', 'e669e4cb-fa06-4abe-970f-f945b6a41b85', NULL, '{}'),
	('6a78692c-8242-4cde-928e-9fb3ee6a5ed8', 'resumes', 'resumes/c0b50bde-a44b-4bfa-8865-8ead541e7308_1728840505157.pdf', NULL, '2024-10-13 17:28:26.789726+00', '2024-10-13 17:28:26.789726+00', '2024-10-13 17:28:26.789726+00', '{"eTag": "\"cb8905fb6f195cf9382240c9cb5c6b40\"", "size": 80708, "mimetype": "application/pdf", "cacheControl": "max-age=3600", "lastModified": "2024-10-13T17:28:27.000Z", "contentLength": 80708, "httpStatusCode": 200}', 'c66968ad-776d-4b89-b2ab-b4496a9d1691', NULL, '{}'),
	('84257a4b-7254-479d-aaa1-decda756cccd', 'resumes', 'resumes/c0b50bde-a44b-4bfa-8865-8ead541e7308_1728840556916.pdf', NULL, '2024-10-13 17:29:20.781327+00', '2024-10-13 17:29:20.781327+00', '2024-10-13 17:29:20.781327+00', '{"eTag": "\"c868e8f1a054b05f7753e7f08b9fa460\"", "size": 1514576, "mimetype": "application/pdf", "cacheControl": "max-age=3600", "lastModified": "2024-10-13T17:29:21.000Z", "contentLength": 1514576, "httpStatusCode": 200}', 'd678642e-b43e-456a-9a29-a040ad363da1', NULL, '{}'),
	('f6d23d42-f6c6-488b-8e18-ee39435b701d', 'resumes', 'resumes/c0b50bde-a44b-4bfa-8865-8ead541e7308_1728848532415.pdf', NULL, '2024-10-13 19:42:13.911428+00', '2024-10-13 19:42:13.911428+00', '2024-10-13 19:42:13.911428+00', '{"eTag": "\"def5cc0b2e885c63b359bad2b291906b\"", "size": 77509, "mimetype": "application/pdf", "cacheControl": "max-age=3600", "lastModified": "2024-10-13T19:42:14.000Z", "contentLength": 77509, "httpStatusCode": 200}', '6bbb0242-858f-43d4-a746-16592752f7e5', NULL, '{}'),
	('b95574d0-97fc-4d63-9b75-dbef54f8a044', 'resumes', 'resumes/c0b50bde-a44b-4bfa-8865-8ead541e7308_1728848553663.pdf', NULL, '2024-10-13 19:42:35.074424+00', '2024-10-13 19:42:35.074424+00', '2024-10-13 19:42:35.074424+00', '{"eTag": "\"def5cc0b2e885c63b359bad2b291906b\"", "size": 77509, "mimetype": "application/pdf", "cacheControl": "max-age=3600", "lastModified": "2024-10-13T19:42:36.000Z", "contentLength": 77509, "httpStatusCode": 200}', '8f50baf7-514d-4f7a-a921-4103b9b45316', NULL, '{}'),
	('4e4b3863-299b-462d-87c7-02ccdca95b16', 'resumes', 'resumes/f7dc7924-7908-4cf9-a2f4-3c6dc9054617_1728824447364.pdf', 'f7dc7924-7908-4cf9-a2f4-3c6dc9054617', '2024-10-13 13:00:50.960259+00', '2024-10-13 13:00:50.960259+00', '2024-10-13 13:00:50.960259+00', '{"eTag": "\"4c901fdf857bf396cd10b4f198eb264f\"", "size": 2042221, "mimetype": "application/pdf", "cacheControl": "max-age=3600", "lastModified": "2024-10-13T13:00:51.000Z", "contentLength": 2042221, "httpStatusCode": 200}', 'fdfb3591-1e9c-4775-9ad2-482891c48162', 'f7dc7924-7908-4cf9-a2f4-3c6dc9054617', '{}'),
	('f0cb0326-4540-4c2d-81eb-a873bdd45105', 'resumes', 'resumes/08bb3796-a5d0-4a7f-a12d-007c08595c53_1728854425582.pdf', NULL, '2024-10-13 21:20:26.928047+00', '2024-10-13 21:20:26.928047+00', '2024-10-13 21:20:26.928047+00', '{"eTag": "\"8861136928975b870f29da069c719397\"", "size": 3305, "mimetype": "application/pdf", "cacheControl": "max-age=3600", "lastModified": "2024-10-13T21:20:27.000Z", "contentLength": 3305, "httpStatusCode": 200}', '15a4c6eb-3fb7-4925-a88d-229997b6f048', NULL, '{}'),
	('ce260844-0ef4-4bc2-ba52-0f6e441c86d7', 'resumes', 'resumes/352ca7d3-fa4f-4169-9444-ed1bcc5db6a7_1728880887328.pdf', NULL, '2024-10-14 04:41:28.827487+00', '2024-10-14 04:41:28.827487+00', '2024-10-14 04:41:28.827487+00', '{"eTag": "\"1a507663a7790fea835692d814ec0b34\"", "size": 73825, "mimetype": "application/pdf", "cacheControl": "max-age=3600", "lastModified": "2024-10-14T04:41:29.000Z", "contentLength": 73825, "httpStatusCode": 200}', '1a299a07-f1b2-4f81-a4b8-4d36c9b760e0', NULL, '{}'),
	('ccd447bc-830e-4885-b25a-0f19e6741707', 'videos', 'interviews/1728880905550_9o5ibs06nu.webm', NULL, '2024-10-14 04:41:48.693966+00', '2024-10-14 04:41:48.693966+00', '2024-10-14 04:41:48.693966+00', '{"eTag": "\"200b8fc10433808b26b5724c039105d6\"", "size": 1656305, "mimetype": "video/webm", "cacheControl": "max-age=3600", "lastModified": "2024-10-14T04:41:49.000Z", "contentLength": 1656305, "httpStatusCode": 200}', 'c1a8c9c6-882d-45e3-8590-b4fa7c50ab5a', NULL, '{}'),
	('2616e62a-ebf7-4d88-9e43-3cb853579d62', 'videos', 'interviews/1728881549921_qrdw08hjq7q.webm', NULL, '2024-10-14 04:52:37.677425+00', '2024-10-14 04:52:37.677425+00', '2024-10-14 04:52:37.677425+00', '{"eTag": "\"c6c0674b49461d07cec1fc2a62013862\"", "size": 2115806, "mimetype": "video/webm", "cacheControl": "max-age=3600", "lastModified": "2024-10-14T04:52:38.000Z", "contentLength": 2115806, "httpStatusCode": 200}', '04408cf3-784c-4f40-9d90-beec8f719862', NULL, '{}'),
	('35be4095-ba77-4fe4-82ab-5c05a9c98dd3', 'videos', 'interviews/1728884244028_7h1fmotxpcf.webm', NULL, '2024-10-14 05:37:28.240374+00', '2024-10-14 05:37:28.240374+00', '2024-10-14 05:37:28.240374+00', '{"eTag": "\"0f3f529152d3869a14fcc1e4516092d5-2\"", "size": 9813298, "mimetype": "video/webm", "cacheControl": "max-age=3600", "lastModified": "2024-10-14T05:37:28.000Z", "contentLength": 9813298, "httpStatusCode": 200}', '064cf9eb-bbd2-44a0-b2c2-4a109810015e', NULL, '{}'),
	('59bb93e2-7279-42ff-a5bc-878f943048e3', 'resumes', 'resumes/352ca7d3-fa4f-4169-9444-ed1bcc5db6a7_1728886300354.pdf', NULL, '2024-10-14 06:11:41.795255+00', '2024-10-14 06:11:41.795255+00', '2024-10-14 06:11:41.795255+00', '{"eTag": "\"1b33e59b8d426caa591b920bbd6ad675\"", "size": 70423, "mimetype": "application/pdf", "cacheControl": "max-age=3600", "lastModified": "2024-10-14T06:11:42.000Z", "contentLength": 70423, "httpStatusCode": 200}', 'fa3d3e69-3d0b-46f5-84b1-0a6ca7615a83', NULL, '{}'),
	('aaa13a87-caa4-48d9-afed-0433759773a5', 'resumes', 'resumes/5286442d-1d44-4410-a600-74a3f84215e0_1728904589077.pdf', NULL, '2024-10-14 11:16:29.701558+00', '2024-10-14 11:16:29.701558+00', '2024-10-14 11:16:29.701558+00', '{"eTag": "\"c54cda725f799e438b94806915eb7318\"", "size": 3536, "mimetype": "application/pdf", "cacheControl": "max-age=3600", "lastModified": "2024-10-14T11:16:30.000Z", "contentLength": 3536, "httpStatusCode": 200}', '3b234677-2f6e-4dd2-b861-1005161056e3', NULL, '{}'),
	('5d6a0540-621f-4f51-acc1-822e07d522ba', 'resumes', 'resumes/c0b50bde-a44b-4bfa-8865-8ead541e7308_1728838778268.pdf', NULL, '2024-10-13 16:59:46.036461+00', '2024-10-13 16:59:46.036461+00', '2024-10-13 16:59:46.036461+00', '{"eTag": "\"fdb289e2176452055e2d9caadc722e1c\"", "size": 1650768, "mimetype": "application/pdf", "cacheControl": "max-age=3600", "lastModified": "2024-10-13T16:59:46.000Z", "contentLength": 1650768, "httpStatusCode": 200}', '4aab2c47-7d7f-452e-bfd1-e3d7955890fb', NULL, '{}'),
	('49fb3259-0a68-47c8-949f-87657f5dfb2d', 'resumes', 'resumes/3ed66d88-c8b7-4632-856a-5074cf78818a_1729060669901.pdf', NULL, '2024-10-16 06:37:51.371883+00', '2024-10-16 06:37:51.371883+00', '2024-10-16 06:37:51.371883+00', '{"eTag": "\"c8b92dca165a6381c3c5e68b577f0f03\"", "size": 2217, "mimetype": "application/pdf", "cacheControl": "max-age=3600", "lastModified": "2024-10-16T06:37:52.000Z", "contentLength": 2217, "httpStatusCode": 200}', '2e4f3494-fcbc-4f3b-b5dc-e88eec0c6307', NULL, '{}'),
	('27e8be71-6940-4343-9efd-a1c776c75959', 'resumes', 'resumes/c0b50bde-a44b-4bfa-8865-8ead541e7308_1728840186821.pdf', NULL, '2024-10-13 17:23:08.467682+00', '2024-10-13 17:23:08.467682+00', '2024-10-13 17:23:08.467682+00', '{"eTag": "\"fb51a2536f1b1c6d476edd39e9f5e94f\"", "size": 39755, "mimetype": "application/pdf", "cacheControl": "max-age=3600", "lastModified": "2024-10-13T17:23:09.000Z", "contentLength": 39755, "httpStatusCode": 200}', '803b15f8-dcec-462a-b959-247433675ea9', NULL, '{}'),
	('6586bfc1-2949-4257-a447-58559d62aeb1', 'resumes', 'resumes/c0b50bde-a44b-4bfa-8865-8ead541e7308_1728840964542.pdf', NULL, '2024-10-13 17:36:07.178346+00', '2024-10-13 17:36:07.178346+00', '2024-10-13 17:36:07.178346+00', '{"eTag": "\"6e8d2ea34b60451d9987a17b44b2d717\"", "size": 102671, "mimetype": "application/pdf", "cacheControl": "max-age=3600", "lastModified": "2024-10-13T17:36:07.000Z", "contentLength": 102671, "httpStatusCode": 200}', '655d46a2-bcca-41e1-86db-c74185619162', NULL, '{}'),
	('bde78a9b-97c8-4ca4-8cf1-04704d55ec58', 'resumes', 'resumes/c0b50bde-a44b-4bfa-8865-8ead541e7308_1728848018501.pdf', NULL, '2024-10-13 19:33:41.650918+00', '2024-10-13 19:33:41.650918+00', '2024-10-13 19:33:41.650918+00', '{"eTag": "\"ca91e2fb6d3cbb31bf70f866dfc8a207\"", "size": 1769331, "mimetype": "application/pdf", "cacheControl": "max-age=3600", "lastModified": "2024-10-13T19:33:42.000Z", "contentLength": 1769331, "httpStatusCode": 200}', '0d123d20-8ff7-47c2-beca-8df6c3a3a39e', NULL, '{}'),
	('48b6b591-2155-4417-94ab-a094a4d0aa33', 'resumes', 'resumes/147cf135-c642-4421-b098-b89f5f88c1fb_1728826840638.pdf', NULL, '2024-10-13 13:40:41.728182+00', '2024-10-13 13:40:41.728182+00', '2024-10-13 13:40:41.728182+00', '{"eTag": "\"fb51a2536f1b1c6d476edd39e9f5e94f\"", "size": 39755, "mimetype": "application/pdf", "cacheControl": "max-age=3600", "lastModified": "2024-10-13T13:40:42.000Z", "contentLength": 39755, "httpStatusCode": 200}', '6b42e87b-b5f1-409d-874d-20ab88f372ad', NULL, '{}'),
	('81262276-252b-4e8b-a283-4c9445d670f6', 'resumes', 'resumes/c0b50bde-a44b-4bfa-8865-8ead541e7308_1728848028974.pdf', NULL, '2024-10-13 19:33:52.26984+00', '2024-10-13 19:33:52.26984+00', '2024-10-13 19:33:52.26984+00', '{"eTag": "\"ca91e2fb6d3cbb31bf70f866dfc8a207\"", "size": 1769331, "mimetype": "application/pdf", "cacheControl": "max-age=3600", "lastModified": "2024-10-13T19:33:53.000Z", "contentLength": 1769331, "httpStatusCode": 200}', '95957dc0-3895-4d78-9641-80d5d68bc4c5', NULL, '{}'),
	('6cfade28-5369-403b-89af-169ed98ae013', 'resumes', 'resumes/c0b50bde-a44b-4bfa-8865-8ead541e7308_1728849477889.pdf', NULL, '2024-10-13 19:58:01.470504+00', '2024-10-13 19:58:01.470504+00', '2024-10-13 19:58:01.470504+00', '{"eTag": "\"a02809fad6de433b0ec1ea24542e6fcb\"", "size": 93818, "mimetype": "application/pdf", "cacheControl": "max-age=3600", "lastModified": "2024-10-13T19:58:02.000Z", "contentLength": 93818, "httpStatusCode": 200}', '53325fe1-e666-49ec-ab64-41f0da1b7eb5', NULL, '{}'),
	('6346d8d0-6c06-4b8c-9078-e3fa8fcebd3e', 'resumes', 'resumes/bc3ba824-c505-4dbb-84c0-44344e32080c_1728877407698.pdf', NULL, '2024-10-14 03:43:29.15747+00', '2024-10-14 03:43:29.15747+00', '2024-10-14 03:43:29.15747+00', '{"eTag": "\"bb0a92e72d50c6b68dd0f6fb24609ada\"", "size": 83650, "mimetype": "application/pdf", "cacheControl": "max-age=3600", "lastModified": "2024-10-14T03:43:30.000Z", "contentLength": 83650, "httpStatusCode": 200}', '29bcfc66-c0ad-4c7e-9947-3dbd6c7e5270', NULL, '{}'),
	('291e64bd-9b11-4a07-ba73-3c87f716d8e5', 'videos', 'interviews/1728877439226_lcmelhdk5h.webm', NULL, '2024-10-14 03:44:02.587985+00', '2024-10-14 03:44:02.587985+00', '2024-10-14 03:44:02.587985+00', '{"eTag": "\"550a1b7e1ac13f2056cdb1b672cf1db9\"", "size": 2216665, "mimetype": "video/webm", "cacheControl": "max-age=3600", "lastModified": "2024-10-14T03:44:03.000Z", "contentLength": 2216665, "httpStatusCode": 200}', 'd0b89901-133a-49c0-8b6b-695691bcc659', NULL, '{}'),
	('1047b67a-f28c-4fc3-a1e3-ce612214db40', 'videos', 'interviews/1728880397241_ae9jme4xzxa.webm', NULL, '2024-10-14 04:33:23.290956+00', '2024-10-14 04:33:23.290956+00', '2024-10-14 04:33:23.290956+00', '{"eTag": "\"1e9e76b70e0a167615596c675f750dd7\"", "size": 672359, "mimetype": "video/webm", "cacheControl": "max-age=3600", "lastModified": "2024-10-14T04:33:24.000Z", "contentLength": 672359, "httpStatusCode": 200}', '36e44cc6-3762-4b56-88d6-169b31bd59cf', NULL, '{}'),
	('8bd4921a-c5f5-48ab-af05-3c10c92c1f1d', 'videos', 'interviews/1728880478937_l71c3guxgso.webm', NULL, '2024-10-14 04:34:42.743955+00', '2024-10-14 04:34:42.743955+00', '2024-10-14 04:34:42.743955+00', '{"eTag": "\"efcbbb678983c41c3506d4a1fbd0d3dd\"", "size": 1057799, "mimetype": "video/webm", "cacheControl": "max-age=3600", "lastModified": "2024-10-14T04:34:43.000Z", "contentLength": 1057799, "httpStatusCode": 200}', '1d2ec0ba-e67b-4f35-9e69-e0f2e8d8445d', NULL, '{}'),
	('4720529f-486f-4e60-8825-9fa66e60b97b', 'resumes', 'resumes/352ca7d3-fa4f-4169-9444-ed1bcc5db6a7_1728881139826.pdf', NULL, '2024-10-14 04:45:40.674496+00', '2024-10-14 04:45:40.674496+00', '2024-10-14 04:45:40.674496+00', '{"eTag": "\"148263e00cffba3fcb809ddc0b760ec9\"", "size": 72118, "mimetype": "application/pdf", "cacheControl": "max-age=3600", "lastModified": "2024-10-14T04:45:41.000Z", "contentLength": 72118, "httpStatusCode": 200}', '05d807e8-390c-4f91-a932-40b50e62ae32', NULL, '{}'),
	('1bc719a8-c78b-4ed2-88d3-35388b78ff68', 'resumes', 'resumes/e905b9dd-ad32-41d0-a62a-abac24d6fc1d_1728883929874.pdf', NULL, '2024-10-14 05:32:10.400641+00', '2024-10-14 05:32:10.400641+00', '2024-10-14 05:32:10.400641+00', '{"eTag": "\"0a262904b0e30059c3abffbb17495c31\"", "size": 53021, "mimetype": "application/pdf", "cacheControl": "max-age=3600", "lastModified": "2024-10-14T05:32:11.000Z", "contentLength": 53021, "httpStatusCode": 200}', '4136d27c-8265-46b3-a86a-9c8c3869e4d8', NULL, '{}'),
	('7192e3ea-7c15-4365-843c-86752a332a37', 'videos', 'interviews/1728886364273_5l6lh62tbs4.webm', NULL, '2024-10-14 06:12:47.806909+00', '2024-10-14 06:12:47.806909+00', '2024-10-14 06:12:47.806909+00', '{"eTag": "\"c876e9ab9a2a0ad23336db51f123ecc7\"", "size": 2650682, "mimetype": "video/webm", "cacheControl": "max-age=3600", "lastModified": "2024-10-14T06:12:48.000Z", "contentLength": 2650682, "httpStatusCode": 200}', '3bc18a91-f453-4142-9e21-af7436247561', NULL, '{}'),
	('4a3c7937-a6f1-449d-b606-823e24aac002', 'resumes', 'resumes/129054bb-c0f6-48ca-9fbd-d6a0d5b62a3d_1728904627728.pdf', NULL, '2024-10-14 11:17:08.356829+00', '2024-10-14 11:17:08.356829+00', '2024-10-14 11:17:08.356829+00', '{"eTag": "\"c54cda725f799e438b94806915eb7318\"", "size": 3536, "mimetype": "application/pdf", "cacheControl": "max-age=3600", "lastModified": "2024-10-14T11:17:09.000Z", "contentLength": 3536, "httpStatusCode": 200}', '7b6e84a7-9832-4135-91b9-1115db7b2397', NULL, '{}'),
	('8e98f3a5-8b4a-4a42-ada3-c45ad02d06a3', 'resumes', 'resumes/352ca7d3-fa4f-4169-9444-ed1bcc5db6a7_1728886441014.pdf', NULL, '2024-10-14 06:14:02.603053+00', '2024-10-14 06:14:02.603053+00', '2024-10-14 06:14:02.603053+00', '{"eTag": "\"148263e00cffba3fcb809ddc0b760ec9\"", "size": 72118, "mimetype": "application/pdf", "cacheControl": "max-age=3600", "lastModified": "2024-10-14T06:14:03.000Z", "contentLength": 72118, "httpStatusCode": 200}', 'c8402bcf-f082-42a2-9d9a-77dd7065abda', NULL, '{}'),
	('1028a2f0-4ba6-492d-b97f-0609c98dc16f', 'resumes', 'resumes/4dddcba6-e8ef-49fa-9e1a-17ce332f0f90_1728913830664.pdf', NULL, '2024-10-14 13:50:32.226664+00', '2024-10-14 13:50:32.226664+00', '2024-10-14 13:50:32.226664+00', '{"eTag": "\"c32e1fcd9aeb3eac4e6643b0631b7310\"", "size": 96506, "mimetype": "application/pdf", "cacheControl": "max-age=3600", "lastModified": "2024-10-14T13:50:33.000Z", "contentLength": 96506, "httpStatusCode": 200}', '7e5c8450-6b73-4843-937f-dc66e8fef7e8', NULL, '{}'),
	('1ef6e83e-0d9f-4d76-9ab9-616bd0775ac2', 'videos', 'interviews/1728886495257_1214vcjq5v0a.webm', NULL, '2024-10-14 06:14:58.202477+00', '2024-10-14 06:14:58.202477+00', '2024-10-14 06:14:58.202477+00', '{"eTag": "\"540eb783466b498eef0ed0c4e9914c6b\"", "size": 4326874, "mimetype": "video/webm", "cacheControl": "max-age=3600", "lastModified": "2024-10-14T06:14:58.000Z", "contentLength": 4326874, "httpStatusCode": 200}', '45b55ebd-116a-4026-b1d9-c1bdd7b6d367', NULL, '{}'),
	('a15988df-b0a4-4858-8722-12a54711a889', 'videos', 'interviews/1728915166373_wlntq3if6w.webm', NULL, '2024-10-14 14:12:55.862866+00', '2024-10-14 14:12:55.862866+00', '2024-10-14 14:12:55.862866+00', '{"eTag": "\"9deb2ffc5627bc1b477e68bd5b4df65f-7\"", "size": 34641579, "mimetype": "video/webm", "cacheControl": "max-age=3600", "lastModified": "2024-10-14T14:12:55.000Z", "contentLength": 34641579, "httpStatusCode": 200}', 'fb2365f6-237e-47ca-b6a5-62f7faab5ac0', NULL, '{}'),
	('ebef9ead-5e66-4674-9a0d-24438a343a32', 'resumes', 'resumes/4dddcba6-e8ef-49fa-9e1a-17ce332f0f90_1728917493082.pdf', NULL, '2024-10-14 14:51:34.540902+00', '2024-10-14 14:51:34.540902+00', '2024-10-14 14:51:34.540902+00', '{"eTag": "\"c32e1fcd9aeb3eac4e6643b0631b7310\"", "size": 96506, "mimetype": "application/pdf", "cacheControl": "max-age=3600", "lastModified": "2024-10-14T14:51:35.000Z", "contentLength": 96506, "httpStatusCode": 200}', '3c9710cd-c93b-443b-8872-90e6e8947fd7', NULL, '{}'),
	('11f5b890-0156-4574-b905-4f46815ab427', 'resumes', 'resumes/5d83f1b0-2f84-43d9-b5dd-03b0a790e0c9_1729060835943.pdf', NULL, '2024-10-16 06:40:37.737717+00', '2024-10-16 06:40:37.737717+00', '2024-10-16 06:40:37.737717+00', '{"eTag": "\"c8b92dca165a6381c3c5e68b577f0f03\"", "size": 2217, "mimetype": "application/pdf", "cacheControl": "max-age=3600", "lastModified": "2024-10-16T06:40:38.000Z", "contentLength": 2217, "httpStatusCode": 200}', 'fc8bdaa7-e65e-432d-9592-b65a8d6fea5d', NULL, '{}'),
	('f4330a7d-f09b-4b19-819d-664c458e06e1', 'resumes', 'resumes/7725a4ed-b2de-41a7-8d83-9123076bdfab_1729065801904.pdf', '7564b097-2174-417f-911b-9ff22f393755', '2024-10-16 08:03:23.43808+00', '2024-10-16 08:03:23.43808+00', '2024-10-16 08:03:23.43808+00', '{"eTag": "\"c8b92dca165a6381c3c5e68b577f0f03\"", "size": 2217, "mimetype": "application/pdf", "cacheControl": "max-age=3600", "lastModified": "2024-10-16T08:03:24.000Z", "contentLength": 2217, "httpStatusCode": 200}', 'bca7d6b6-53b5-42b7-87d5-3d46fe889628', '7564b097-2174-417f-911b-9ff22f393755', '{}'),
	('dd474097-ef87-4abb-9952-152564e7e900', 'resumes', 'resumes/3082a398-8de2-45dc-bb66-9665a3e63c57_1729004590135.pdf', '3082a398-8de2-45dc-bb66-9665a3e63c57', '2024-10-15 15:03:11.866074+00', '2024-10-15 15:03:11.866074+00', '2024-10-15 15:03:11.866074+00', '{"eTag": "\"c8b92dca165a6381c3c5e68b577f0f03\"", "size": 2217, "mimetype": "application/pdf", "cacheControl": "max-age=3600", "lastModified": "2024-10-15T15:03:12.000Z", "contentLength": 2217, "httpStatusCode": 200}', 'f5c4b8fe-7cc8-41ff-b682-c6608c767cf4', '3082a398-8de2-45dc-bb66-9665a3e63c57', '{}'),
	('d76a482f-1adb-4851-a7eb-d31abdfa9b01', 'resumes', 'resumes/3082a398-8de2-45dc-bb66-9665a3e63c57_1729004618766.pdf', '3082a398-8de2-45dc-bb66-9665a3e63c57', '2024-10-15 15:03:39.389834+00', '2024-10-15 15:03:39.389834+00', '2024-10-15 15:03:39.389834+00', '{"eTag": "\"c8b92dca165a6381c3c5e68b577f0f03\"", "size": 2217, "mimetype": "application/pdf", "cacheControl": "max-age=3600", "lastModified": "2024-10-15T15:03:40.000Z", "contentLength": 2217, "httpStatusCode": 200}', '16e7c817-5628-45d6-b464-a99f37e18d5c', '3082a398-8de2-45dc-bb66-9665a3e63c57', '{}'),
	('59506bb6-ed01-4622-8223-96903bec675b', 'resumes', 'resumes/c35d42f0-2a6f-4100-91ad-ee6b513402f4_1729006264861.pdf', '3082a398-8de2-45dc-bb66-9665a3e63c57', '2024-10-15 15:31:06.363399+00', '2024-10-15 15:31:06.363399+00', '2024-10-15 15:31:06.363399+00', '{"eTag": "\"c8b92dca165a6381c3c5e68b577f0f03\"", "size": 2217, "mimetype": "application/pdf", "cacheControl": "max-age=3600", "lastModified": "2024-10-15T15:31:07.000Z", "contentLength": 2217, "httpStatusCode": 200}', '191bc3af-1d6b-41d4-8fb6-dc358aa414da', '3082a398-8de2-45dc-bb66-9665a3e63c57', '{}'),
	('a0c4092e-a7a8-4fd4-abe7-2d88c70f7bb7', 'audio', 'interviews/551a34b8-5013-442d-b261-cc4036dcb7cd.wav', NULL, '2024-10-15 13:12:28.374306+00', '2024-10-15 14:39:06.329051+00', '2024-10-15 13:12:28.374306+00', '{"eTag": "\"cb0e0648dc467a4f49eb945de9c60623-2\"", "size": 8679918, "mimetype": "audio/wav", "cacheControl": "max-age=3600", "lastModified": "2024-10-15T14:39:06.000Z", "contentLength": 8679918, "httpStatusCode": 200}', '0a924431-f153-475b-ae22-360e363a1637', NULL, '{}'),
	('fa0c3c28-b780-4acb-ae97-4dd7c99e2d48', 'resumes', 'resumes/c35d42f0-2a6f-4100-91ad-ee6b513402f4_1729006417322.pdf', '3082a398-8de2-45dc-bb66-9665a3e63c57', '2024-10-15 15:33:38.983937+00', '2024-10-15 15:33:38.983937+00', '2024-10-15 15:33:38.983937+00', '{"eTag": "\"c8b92dca165a6381c3c5e68b577f0f03\"", "size": 2217, "mimetype": "application/pdf", "cacheControl": "max-age=3600", "lastModified": "2024-10-15T15:33:39.000Z", "contentLength": 2217, "httpStatusCode": 200}', '0b30df2b-00a7-4f8d-957b-a13c948aed12', '3082a398-8de2-45dc-bb66-9665a3e63c57', '{}'),
	('04997510-90e1-4b5c-99c8-ce94316d4d73', 'resumes', 'resumes/d6b2cf82-3f60-4886-893e-b472fb56b9e8_1728900760102.pdf', NULL, '2024-10-14 10:12:41.448608+00', '2024-10-14 10:12:41.448608+00', '2024-10-14 10:12:41.448608+00', '{"eTag": "\"c8b92dca165a6381c3c5e68b577f0f03\"", "size": 2217, "mimetype": "application/pdf", "cacheControl": "max-age=3600", "lastModified": "2024-10-14T10:12:42.000Z", "contentLength": 2217, "httpStatusCode": 200}', 'd61de95a-42ed-466f-87a6-16c1ae58114b', NULL, '{}'),
	('8b9eeef8-f538-4818-8bca-2f88d7e8dfa3', 'resumes', 'resumes/4dddcba6-e8ef-49fa-9e1a-17ce332f0f90_1728913039672.pdf', NULL, '2024-10-14 13:37:21.241892+00', '2024-10-14 13:37:21.241892+00', '2024-10-14 13:37:21.241892+00', '{"eTag": "\"c32e1fcd9aeb3eac4e6643b0631b7310\"", "size": 96506, "mimetype": "application/pdf", "cacheControl": "max-age=3600", "lastModified": "2024-10-14T13:37:22.000Z", "contentLength": 96506, "httpStatusCode": 200}', '0bd9dd56-780a-4eb9-822e-c8f409e05d18', NULL, '{}'),
	('a9b3f3f6-9020-4e04-8d1b-6b6bbb6a82f5', 'resumes', 'resumes/146cd92d-7859-498f-a4d3-2fbc7c88bb8c_1729061082288.pdf', NULL, '2024-10-16 06:44:43.770427+00', '2024-10-16 06:44:43.770427+00', '2024-10-16 06:44:43.770427+00', '{"eTag": "\"c8b92dca165a6381c3c5e68b577f0f03\"", "size": 2217, "mimetype": "application/pdf", "cacheControl": "max-age=3600", "lastModified": "2024-10-16T06:44:44.000Z", "contentLength": 2217, "httpStatusCode": 200}', '6d164a3e-d15e-4cb5-a865-8ae87dcb82fd', NULL, '{}'),
	('e82debdb-52ee-4c90-907f-68c4d209bd26', 'resumes', 'resumes/4dddcba6-e8ef-49fa-9e1a-17ce332f0f90_1728914322726.pdf', NULL, '2024-10-14 13:58:44.24973+00', '2024-10-14 13:58:44.24973+00', '2024-10-14 13:58:44.24973+00', '{"eTag": "\"c32e1fcd9aeb3eac4e6643b0631b7310\"", "size": 96506, "mimetype": "application/pdf", "cacheControl": "max-age=3600", "lastModified": "2024-10-14T13:58:45.000Z", "contentLength": 96506, "httpStatusCode": 200}', '08631098-42cf-414a-b789-aeddd2c3fd21', NULL, '{}'),
	('2dc57047-85d9-4f15-a5f4-28a54715fdbc', 'resumes', 'resumes/4dddcba6-e8ef-49fa-9e1a-17ce332f0f90_1728916798762.pdf', NULL, '2024-10-14 14:39:59.447716+00', '2024-10-14 14:39:59.447716+00', '2024-10-14 14:39:59.447716+00', '{"eTag": "\"c32e1fcd9aeb3eac4e6643b0631b7310\"", "size": 96506, "mimetype": "application/pdf", "cacheControl": "max-age=3600", "lastModified": "2024-10-14T14:40:00.000Z", "contentLength": 96506, "httpStatusCode": 200}', 'f411ff84-03ba-4957-8369-07ddf6d1921a', NULL, '{}'),
	('b5c3a215-29cf-4763-99d8-07d65ff09ce8', 'videos', 'interviews/1729061192030_7gdt0fi7kxk.webm', NULL, '2024-10-16 06:46:36.498626+00', '2024-10-16 06:46:36.498626+00', '2024-10-16 06:46:36.498626+00', '{"eTag": "\"b182495bf0ee3596bee68f3a5f8157de-2\"", "size": 8533284, "mimetype": "video/webm", "cacheControl": "max-age=3600", "lastModified": "2024-10-16T06:46:36.000Z", "contentLength": 8533284, "httpStatusCode": 200}', 'bf43b38b-59a5-407c-82a0-163f29882f7f', NULL, '{}'),
	('8022e7a3-1083-4587-a581-e708e322f29b', 'resumes', 'resumes/4dddcba6-e8ef-49fa-9e1a-17ce332f0f90_1728917967717.pdf', NULL, '2024-10-14 14:59:31.656506+00', '2024-10-14 14:59:31.656506+00', '2024-10-14 14:59:31.656506+00', '{"eTag": "\"c32e1fcd9aeb3eac4e6643b0631b7310\"", "size": 96506, "mimetype": "application/pdf", "cacheControl": "max-age=3600", "lastModified": "2024-10-14T14:59:32.000Z", "contentLength": 96506, "httpStatusCode": 200}', 'a393569d-b4ca-45ee-bb65-a065be7d96e0', NULL, '{}'),
	('e434eb5e-2585-4f87-8fed-6bfcc5aaaba3', 'audio', 'interviews/9ec87f4f-5e84-4b4d-8463-166e7636c338.wav', NULL, '2024-10-16 06:46:40.092523+00', '2024-10-16 06:46:40.092523+00', '2024-10-16 06:46:40.092523+00', '{"eTag": "\"98727a75e2bdfa698dfee55146d58eec\"", "size": 1408254, "mimetype": "audio/wav", "cacheControl": "max-age=3600", "lastModified": "2024-10-16T06:46:40.000Z", "contentLength": 1408254, "httpStatusCode": 200}', '71a11d82-21ab-401c-9dc7-85c5348b44d2', NULL, '{}'),
	('1155aff4-6c89-4df6-bdf9-bca1d1b46f29', 'resumes', 'resumes/c35d42f0-2a6f-4100-91ad-ee6b513402f4_1729005911282.pdf', '3082a398-8de2-45dc-bb66-9665a3e63c57', '2024-10-15 15:25:12.690544+00', '2024-10-15 15:25:12.690544+00', '2024-10-15 15:25:12.690544+00', '{"eTag": "\"c8b92dca165a6381c3c5e68b577f0f03\"", "size": 2217, "mimetype": "application/pdf", "cacheControl": "max-age=3600", "lastModified": "2024-10-15T15:25:13.000Z", "contentLength": 2217, "httpStatusCode": 200}', '4086811c-1dfb-4290-be40-e21b81b0d5fe', '3082a398-8de2-45dc-bb66-9665a3e63c57', '{}'),
	('fb77ca64-8b73-4eb0-affc-b23b235f2412', 'resumes', 'resumes/c35d42f0-2a6f-4100-91ad-ee6b513402f4_1729006428621.pdf', '3082a398-8de2-45dc-bb66-9665a3e63c57', '2024-10-15 15:33:50.006254+00', '2024-10-15 15:33:50.006254+00', '2024-10-15 15:33:50.006254+00', '{"eTag": "\"c8b92dca165a6381c3c5e68b577f0f03\"", "size": 2217, "mimetype": "application/pdf", "cacheControl": "max-age=3600", "lastModified": "2024-10-15T15:33:50.000Z", "contentLength": 2217, "httpStatusCode": 200}', 'd5d948fd-b049-4f76-ba63-d4aad67867d1', '3082a398-8de2-45dc-bb66-9665a3e63c57', '{}'),
	('e203f60e-43eb-43ed-8a1c-dcda36631560', 'resumes', 'resumes/c35d42f0-2a6f-4100-91ad-ee6b513402f4_1729006501257.pdf', '3082a398-8de2-45dc-bb66-9665a3e63c57', '2024-10-15 15:35:02.799869+00', '2024-10-15 15:35:02.799869+00', '2024-10-15 15:35:02.799869+00', '{"eTag": "\"c8b92dca165a6381c3c5e68b577f0f03\"", "size": 2217, "mimetype": "application/pdf", "cacheControl": "max-age=3600", "lastModified": "2024-10-15T15:35:03.000Z", "contentLength": 2217, "httpStatusCode": 200}', 'f07977b1-2421-41bf-8ebf-180228d75aef', '3082a398-8de2-45dc-bb66-9665a3e63c57', '{}'),
	('98702468-0467-498f-811c-6978e056b758', 'resumes', 'resumes/c35d42f0-2a6f-4100-91ad-ee6b513402f4_1729006632285.pdf', '3082a398-8de2-45dc-bb66-9665a3e63c57', '2024-10-15 15:37:13.939347+00', '2024-10-15 15:37:13.939347+00', '2024-10-15 15:37:13.939347+00', '{"eTag": "\"c8b92dca165a6381c3c5e68b577f0f03\"", "size": 2217, "mimetype": "application/pdf", "cacheControl": "max-age=3600", "lastModified": "2024-10-15T15:37:14.000Z", "contentLength": 2217, "httpStatusCode": 200}', 'ad42f592-275f-4e73-9a25-6f6206629956', '3082a398-8de2-45dc-bb66-9665a3e63c57', '{}'),
	('87e6ec47-ec46-4482-8998-b47d61c7278a', 'resumes', 'resumes/c35d42f0-2a6f-4100-91ad-ee6b513402f4_1729006643644.pdf', '3082a398-8de2-45dc-bb66-9665a3e63c57', '2024-10-15 15:37:24.985257+00', '2024-10-15 15:37:24.985257+00', '2024-10-15 15:37:24.985257+00', '{"eTag": "\"c8b92dca165a6381c3c5e68b577f0f03\"", "size": 2217, "mimetype": "application/pdf", "cacheControl": "max-age=3600", "lastModified": "2024-10-15T15:37:25.000Z", "contentLength": 2217, "httpStatusCode": 200}', 'b22b4f83-6b41-4ea5-959d-d1fc79a6d272', '3082a398-8de2-45dc-bb66-9665a3e63c57', '{}'),
	('df356401-7fcc-4886-a022-8ef7de8fb64e', 'videos', 'interviews/1728900976438_1twqwbvkicb.webm', NULL, '2024-10-14 10:16:25.438798+00', '2024-10-14 10:16:25.438798+00', '2024-10-14 10:16:25.438798+00', '{"eTag": "\"749f87aec3b4b5829e9aec96e769d72c-7\"", "size": 33198709, "mimetype": "video/webm", "cacheControl": "max-age=3600", "lastModified": "2024-10-14T10:16:24.000Z", "contentLength": 33198709, "httpStatusCode": 200}', '0ea4ad45-7d1a-4873-97b4-23c9686efb2c', NULL, '{}'),
	('f06a9ff9-e857-4417-8c46-884b2f73f87d', 'resumes', 'resumes/8080325c-efbe-4f37-bbd3-01ad3c8e705b_1728902692371.pdf', NULL, '2024-10-14 10:44:52.961099+00', '2024-10-14 10:44:52.961099+00', '2024-10-14 10:44:52.961099+00', '{"eTag": "\"c54cda725f799e438b94806915eb7318\"", "size": 3536, "mimetype": "application/pdf", "cacheControl": "max-age=3600", "lastModified": "2024-10-14T10:44:53.000Z", "contentLength": 3536, "httpStatusCode": 200}', '4e051bb0-9f9b-4f71-a529-f0b9b811a223', NULL, '{}'),
	('df38de67-b2ec-436e-a8f5-a33c8f793420', 'resumes', 'resumes/4dddcba6-e8ef-49fa-9e1a-17ce332f0f90_1728913481327.pdf', NULL, '2024-10-14 13:44:42.893236+00', '2024-10-14 13:44:42.893236+00', '2024-10-14 13:44:42.893236+00', '{"eTag": "\"c32e1fcd9aeb3eac4e6643b0631b7310\"", "size": 96506, "mimetype": "application/pdf", "cacheControl": "max-age=3600", "lastModified": "2024-10-14T13:44:43.000Z", "contentLength": 96506, "httpStatusCode": 200}', '7df16051-f940-4d2b-8c20-86eb7d4e46e4', NULL, '{}'),
	('02425dca-60df-4ebe-b4ed-29e350e11fb4', 'resumes', 'resumes/67e59dc5-cf30-4c8b-9196-93cf16717281_1728902991035.pdf', NULL, '2024-10-14 10:49:51.737116+00', '2024-10-14 10:49:51.737116+00', '2024-10-14 10:49:51.737116+00', '{"eTag": "\"c54cda725f799e438b94806915eb7318\"", "size": 3536, "mimetype": "application/pdf", "cacheControl": "max-age=3600", "lastModified": "2024-10-14T10:49:52.000Z", "contentLength": 3536, "httpStatusCode": 200}', '04ad763a-7373-49d9-ba1a-2bb0480aa98b', NULL, '{}'),
	('a4f29daa-7e90-41cb-b8e7-ac8652bdf7e3', 'resumes', 'resumes/6ce404cf-9ce1-4099-9a05-557ddf5c99fe_1729061518169.pdf', NULL, '2024-10-16 06:51:59.534872+00', '2024-10-16 06:51:59.534872+00', '2024-10-16 06:51:59.534872+00', '{"eTag": "\"c8b92dca165a6381c3c5e68b577f0f03\"", "size": 2217, "mimetype": "application/pdf", "cacheControl": "max-age=3600", "lastModified": "2024-10-16T06:52:00.000Z", "contentLength": 2217, "httpStatusCode": 200}', '2a29a143-9319-4645-abc0-9a4e7413e9e5', NULL, '{}'),
	('c47eaf5c-fa82-40a8-a757-616ea5250688', 'resumes', 'resumes/7ae0f187-7976-467d-9f93-cea0c5889d47_1728903070935.pdf', NULL, '2024-10-14 10:51:12.513832+00', '2024-10-14 10:51:12.513832+00', '2024-10-14 10:51:12.513832+00', '{"eTag": "\"c54cda725f799e438b94806915eb7318\"", "size": 3536, "mimetype": "application/pdf", "cacheControl": "max-age=3600", "lastModified": "2024-10-14T10:51:13.000Z", "contentLength": 3536, "httpStatusCode": 200}', '23f81968-981b-45d7-99fc-b76af0ce0024', NULL, '{}'),
	('b2186a98-d259-4348-980b-f89673db051f', 'resumes', 'resumes/f0671a29-20cb-4fbc-8be4-0dcde3abc0dd_1728915044401.pdf', NULL, '2024-10-14 14:10:45.057209+00', '2024-10-14 14:10:45.057209+00', '2024-10-14 14:10:45.057209+00', '{"eTag": "\"0a262904b0e30059c3abffbb17495c31\"", "size": 53021, "mimetype": "application/pdf", "cacheControl": "max-age=3600", "lastModified": "2024-10-14T14:10:45.000Z", "contentLength": 53021, "httpStatusCode": 200}', 'afb8265c-1c1f-46ad-9c30-9e851c02cd70', NULL, '{}'),
	('cf22ed16-f2ee-426e-95b0-576c6c4a93f2', 'resumes', 'resumes/fa044a11-3274-4fc8-8d89-9aa6b6c1d98d_1728903346001.pdf', NULL, '2024-10-14 10:55:47.400008+00', '2024-10-14 10:55:47.400008+00', '2024-10-14 10:55:47.400008+00', '{"eTag": "\"c54cda725f799e438b94806915eb7318\"", "size": 3536, "mimetype": "application/pdf", "cacheControl": "max-age=3600", "lastModified": "2024-10-14T10:55:48.000Z", "contentLength": 3536, "httpStatusCode": 200}', '7b89704c-aeb2-4245-987a-76414f241e09', NULL, '{}'),
	('c6e886fc-7650-4ae6-b752-9ed4a3392adb', 'resumes', 'resumes/723fcf8b-db84-482b-89a6-f8296aad228d_1728903650278.pdf', NULL, '2024-10-14 11:00:50.844325+00', '2024-10-14 11:00:50.844325+00', '2024-10-14 11:00:50.844325+00', '{"eTag": "\"c54cda725f799e438b94806915eb7318\"", "size": 3536, "mimetype": "application/pdf", "cacheControl": "max-age=3600", "lastModified": "2024-10-14T11:00:51.000Z", "contentLength": 3536, "httpStatusCode": 200}', '7470e0c3-8fbd-4c89-9b3c-46f8f025fd7e', NULL, '{}'),
	('e5ef1b57-fb91-41c5-ab84-38456d95b26f', 'resumes', 'resumes/4dddcba6-e8ef-49fa-9e1a-17ce332f0f90_1728917174743.pdf', NULL, '2024-10-14 14:46:15.746309+00', '2024-10-14 14:46:15.746309+00', '2024-10-14 14:46:15.746309+00', '{"eTag": "\"c32e1fcd9aeb3eac4e6643b0631b7310\"", "size": 96506, "mimetype": "application/pdf", "cacheControl": "max-age=3600", "lastModified": "2024-10-14T14:46:16.000Z", "contentLength": 96506, "httpStatusCode": 200}', '8167ddf3-6226-45e6-b6b0-a030dc5753a0', NULL, '{}'),
	('9b6f06b1-7cc7-47de-a3e2-d2b1111f658f', 'resumes', 'resumes/2d137a63-4422-4957-9f34-b5c880b96982_1728903767041.pdf', NULL, '2024-10-14 11:02:48.30491+00', '2024-10-14 11:02:48.30491+00', '2024-10-14 11:02:48.30491+00', '{"eTag": "\"c54cda725f799e438b94806915eb7318\"", "size": 3536, "mimetype": "application/pdf", "cacheControl": "max-age=3600", "lastModified": "2024-10-14T11:02:49.000Z", "contentLength": 3536, "httpStatusCode": 200}', 'bf9f40fb-88ef-4c4a-8446-8acdcde65962', NULL, '{}'),
	('5d1eaa7c-b8d9-474b-a016-79834537093a', 'resumes', 'resumes/e37a0cfd-dad5-460b-957b-d271b480451e_1729061609230.pdf', NULL, '2024-10-16 06:53:30.620774+00', '2024-10-16 06:53:30.620774+00', '2024-10-16 06:53:30.620774+00', '{"eTag": "\"c8b92dca165a6381c3c5e68b577f0f03\"", "size": 2217, "mimetype": "application/pdf", "cacheControl": "max-age=3600", "lastModified": "2024-10-16T06:53:31.000Z", "contentLength": 2217, "httpStatusCode": 200}', '7140cc65-0ee0-4b32-b2e9-ff35c474449d', NULL, '{}'),
	('8904f50f-a03e-4f89-bdd8-86a2b46ca5e8', 'resumes', 'resumes/b2fe5f1e-6c38-43ef-820c-c2fef988cbd4_1728921678015.pdf', NULL, '2024-10-14 16:01:19.391767+00', '2024-10-14 16:01:19.391767+00', '2024-10-14 16:01:19.391767+00', '{"eTag": "\"c54cda725f799e438b94806915eb7318\"", "size": 3536, "mimetype": "application/pdf", "cacheControl": "max-age=3600", "lastModified": "2024-10-14T16:01:20.000Z", "contentLength": 3536, "httpStatusCode": 200}', '086e8f62-aeae-4fb7-913c-4513a87935e7', NULL, '{}'),
	('d50b0b69-6037-4d34-bcca-ed0a9a48bfa8', 'resumes', 'resumes/3082a398-8de2-45dc-bb66-9665a3e63c57_1729001359247.pdf', '3082a398-8de2-45dc-bb66-9665a3e63c57', '2024-10-15 14:09:20.617029+00', '2024-10-15 14:09:20.617029+00', '2024-10-15 14:09:20.617029+00', '{"eTag": "\"c8b92dca165a6381c3c5e68b577f0f03\"", "size": 2217, "mimetype": "application/pdf", "cacheControl": "max-age=3600", "lastModified": "2024-10-15T14:09:21.000Z", "contentLength": 2217, "httpStatusCode": 200}', '58f040b7-dcc3-4d00-8718-da25b3d654d2', '3082a398-8de2-45dc-bb66-9665a3e63c57', '{}'),
	('edb382e5-a6ac-4d1f-b8d5-2c672cad4fec', 'resumes', 'resumes/c35d42f0-2a6f-4100-91ad-ee6b513402f4_1729006702134.pdf', '3082a398-8de2-45dc-bb66-9665a3e63c57', '2024-10-15 15:38:23.580999+00', '2024-10-15 15:38:23.580999+00', '2024-10-15 15:38:23.580999+00', '{"eTag": "\"c8b92dca165a6381c3c5e68b577f0f03\"", "size": 2217, "mimetype": "application/pdf", "cacheControl": "max-age=3600", "lastModified": "2024-10-15T15:38:24.000Z", "contentLength": 2217, "httpStatusCode": 200}', 'f2e21837-01fe-4c6a-b50f-3ffdddcb6aff', '3082a398-8de2-45dc-bb66-9665a3e63c57', '{}'),
	('efab047c-c2c7-4c01-9a7b-27e0835de868', 'resumes', 'resumes/d3658639-5599-4d76-94d0-8c44d7d8a0f0_1729006931391.pdf', '3082a398-8de2-45dc-bb66-9665a3e63c57', '2024-10-15 15:42:12.814323+00', '2024-10-15 15:42:12.814323+00', '2024-10-15 15:42:12.814323+00', '{"eTag": "\"c8b92dca165a6381c3c5e68b577f0f03\"", "size": 2217, "mimetype": "application/pdf", "cacheControl": "max-age=3600", "lastModified": "2024-10-15T15:42:13.000Z", "contentLength": 2217, "httpStatusCode": 200}', '58b81771-e45c-4e41-bfae-f24f9c60e656', '3082a398-8de2-45dc-bb66-9665a3e63c57', '{}'),
	('d11ae6db-1ed6-4d06-b385-db5d4b8cc6f5', 'resumes', 'resumes/2dfc9222-34f2-4f02-8c68-fd8cfde2a519_1729061815127.pdf', NULL, '2024-10-16 06:56:56.571017+00', '2024-10-16 06:56:56.571017+00', '2024-10-16 06:56:56.571017+00', '{"eTag": "\"c8b92dca165a6381c3c5e68b577f0f03\"", "size": 2217, "mimetype": "application/pdf", "cacheControl": "max-age=3600", "lastModified": "2024-10-16T06:56:57.000Z", "contentLength": 2217, "httpStatusCode": 200}', 'ca233c12-468e-4de7-a06c-5e5c9e8cd732', NULL, '{}'),
	('d7bd33d5-bc6b-41ab-bd6a-581b79d6b7a0', 'resumes', 'resumes/d3658639-5599-4d76-94d0-8c44d7d8a0f0_1729007778489.pdf', '3082a398-8de2-45dc-bb66-9665a3e63c57', '2024-10-15 15:56:20.064921+00', '2024-10-15 15:56:20.064921+00', '2024-10-15 15:56:20.064921+00', '{"eTag": "\"c8b92dca165a6381c3c5e68b577f0f03\"", "size": 2217, "mimetype": "application/pdf", "cacheControl": "max-age=3600", "lastModified": "2024-10-15T15:56:21.000Z", "contentLength": 2217, "httpStatusCode": 200}', '344fad18-3086-44c0-892f-322f005ee811', '3082a398-8de2-45dc-bb66-9665a3e63c57', '{}'),
	('ca6bc27d-8742-4980-b180-5ecb26713e02', 'resumes', 'resumes/67d953e3-b6e7-449c-a005-461fed225dd2_1729008435585.pdf', NULL, '2024-10-15 16:07:16.274053+00', '2024-10-15 16:07:16.274053+00', '2024-10-15 16:07:16.274053+00', '{"eTag": "\"c8b92dca165a6381c3c5e68b577f0f03\"", "size": 2217, "mimetype": "application/pdf", "cacheControl": "max-age=3600", "lastModified": "2024-10-15T16:07:17.000Z", "contentLength": 2217, "httpStatusCode": 200}', '3a503b0b-ffbe-4025-95a4-62f768e00835', NULL, '{}'),
	('d9ce13a5-a218-4535-ba27-90f0063ee30d', 'resumes', 'resumes/bc54f822-5bbc-4801-bfc9-ccf50f1ddc1f_1729061846132.pdf', NULL, '2024-10-16 06:57:26.661571+00', '2024-10-16 06:57:26.661571+00', '2024-10-16 06:57:26.661571+00', '{"eTag": "\"c8b92dca165a6381c3c5e68b577f0f03\"", "size": 2217, "mimetype": "application/pdf", "cacheControl": "max-age=3600", "lastModified": "2024-10-16T06:57:27.000Z", "contentLength": 2217, "httpStatusCode": 200}', 'e414f18c-4f72-4f6c-9254-30d84db7ce5a', NULL, '{}'),
	('b0e795aa-0e61-4d5c-bb4d-3f7b58dc53ee', 'resumes', 'resumes/67d953e3-b6e7-449c-a005-461fed225dd2_1729008478075.pdf', NULL, '2024-10-15 16:07:58.678583+00', '2024-10-15 16:07:58.678583+00', '2024-10-15 16:07:58.678583+00', '{"eTag": "\"c8b92dca165a6381c3c5e68b577f0f03\"", "size": 2217, "mimetype": "application/pdf", "cacheControl": "max-age=3600", "lastModified": "2024-10-15T16:07:59.000Z", "contentLength": 2217, "httpStatusCode": 200}', 'acc32732-1e8a-4ebd-8ff6-8379d53b6126', NULL, '{}'),
	('879e70d1-1a5c-4a62-a53f-14947d10637a', 'resumes', 'resumes/9c4d9d14-9264-4679-850d-1675f4242e35_1729066182954.pdf', NULL, '2024-10-16 08:09:47.542549+00', '2024-10-16 08:09:47.542549+00', '2024-10-16 08:09:47.542549+00', '{"eTag": "\"c8b92dca165a6381c3c5e68b577f0f03\"", "size": 2217, "mimetype": "application/pdf", "cacheControl": "max-age=3600", "lastModified": "2024-10-16T08:09:48.000Z", "contentLength": 2217, "httpStatusCode": 200}', '6f7bc543-3070-4099-b386-6862e2a2eb9d', NULL, '{}'),
	('e4bb6b57-6312-45e9-a250-338a863a0083', 'resumes', 'resumes/97f4f0d5-45df-4c9b-8f6b-23234ed5c3b8_1729008510678.pdf', NULL, '2024-10-15 16:08:32.368942+00', '2024-10-15 16:08:32.368942+00', '2024-10-15 16:08:32.368942+00', '{"eTag": "\"c8b92dca165a6381c3c5e68b577f0f03\"", "size": 2217, "mimetype": "application/pdf", "cacheControl": "max-age=3600", "lastModified": "2024-10-15T16:08:33.000Z", "contentLength": 2217, "httpStatusCode": 200}', 'd7d3bd06-7973-4fd7-b6a6-7699d3cfd3ef', NULL, '{}'),
	('fe1a42ad-8021-4e23-b983-8c962c6bc6af', 'resumes', 'resumes/c0a8b4c8-1272-40d9-a0de-a90857b0fd36_1729008605878.pdf', NULL, '2024-10-15 16:10:07.376595+00', '2024-10-15 16:10:07.376595+00', '2024-10-15 16:10:07.376595+00', '{"eTag": "\"c8b92dca165a6381c3c5e68b577f0f03\"", "size": 2217, "mimetype": "application/pdf", "cacheControl": "max-age=3600", "lastModified": "2024-10-15T16:10:08.000Z", "contentLength": 2217, "httpStatusCode": 200}', '471399f0-4120-4ddb-849e-5699686730fa', NULL, '{}'),
	('237184a2-2191-458e-b216-2ec911ea3776', 'resumes', 'resumes/afa18df9-c6e0-4333-b5c3-6f6eef855638_1729008699875.pdf', NULL, '2024-10-15 16:11:40.556432+00', '2024-10-15 16:11:40.556432+00', '2024-10-15 16:11:40.556432+00', '{"eTag": "\"c8b92dca165a6381c3c5e68b577f0f03\"", "size": 2217, "mimetype": "application/pdf", "cacheControl": "max-age=3600", "lastModified": "2024-10-15T16:11:41.000Z", "contentLength": 2217, "httpStatusCode": 200}', '15d582b6-2652-458f-b35a-a20d869ac84a', NULL, '{}'),
	('acc75a3d-d3f2-44b9-b31d-b958f410fb41', 'resumes', 'resumes/c0a8b4c8-1272-40d9-a0de-a90857b0fd36_1729009222285.pdf', NULL, '2024-10-15 16:20:23.637446+00', '2024-10-15 16:20:23.637446+00', '2024-10-15 16:20:23.637446+00', '{"eTag": "\"c8b92dca165a6381c3c5e68b577f0f03\"", "size": 2217, "mimetype": "application/pdf", "cacheControl": "max-age=3600", "lastModified": "2024-10-15T16:20:24.000Z", "contentLength": 2217, "httpStatusCode": 200}', '739b4e0e-3926-4bd5-a532-a9660f03596f', NULL, '{}'),
	('7202930e-28ea-437a-8082-8cf64d110d90', 'resumes', 'resumes/76b81ab2-dd26-49d8-b8bd-f58ccf5c7ecd_1729009650361.pdf', NULL, '2024-10-15 16:27:31.806934+00', '2024-10-15 16:27:31.806934+00', '2024-10-15 16:27:31.806934+00', '{"eTag": "\"c8b92dca165a6381c3c5e68b577f0f03\"", "size": 2217, "mimetype": "application/pdf", "cacheControl": "max-age=3600", "lastModified": "2024-10-15T16:27:32.000Z", "contentLength": 2217, "httpStatusCode": 200}', 'ba0c4eb1-309b-4f05-bf4e-c63ea2b009d0', NULL, '{}'),
	('4dc6b9d8-02bc-499e-b1e9-5fa2027365a2', 'resumes', 'resumes/a21a00a5-03cf-4cc5-bc7f-be06640852f8_1729010321571.pdf', NULL, '2024-10-15 16:38:43.132078+00', '2024-10-15 16:38:43.132078+00', '2024-10-15 16:38:43.132078+00', '{"eTag": "\"c8b92dca165a6381c3c5e68b577f0f03\"", "size": 2217, "mimetype": "application/pdf", "cacheControl": "max-age=3600", "lastModified": "2024-10-15T16:38:44.000Z", "contentLength": 2217, "httpStatusCode": 200}', 'bafa983d-9389-4ba8-b6cf-8357d79adcc0', NULL, '{}'),
	('64a7ff5c-ed93-468c-af53-4efc8bd1daa9', 'resumes', 'resumes/0d3f5d46-eb99-4884-ba3d-b077c0cd76cc_1729062423752.pdf', NULL, '2024-10-16 07:07:05.219386+00', '2024-10-16 07:07:05.219386+00', '2024-10-16 07:07:05.219386+00', '{"eTag": "\"c8b92dca165a6381c3c5e68b577f0f03\"", "size": 2217, "mimetype": "application/pdf", "cacheControl": "max-age=3600", "lastModified": "2024-10-16T07:07:06.000Z", "contentLength": 2217, "httpStatusCode": 200}', '03fd26f3-482d-438d-9333-42f0c81f6ca9', NULL, '{}'),
	('df923871-f939-4e3f-a6b6-830566352570', 'resumes', 'resumes/56b77f45-7449-4a02-b139-7921c60435d3_1729066305132.pdf', NULL, '2024-10-16 08:11:46.012964+00', '2024-10-16 08:11:46.012964+00', '2024-10-16 08:11:46.012964+00', '{"eTag": "\"c8b92dca165a6381c3c5e68b577f0f03\"", "size": 2217, "mimetype": "application/pdf", "cacheControl": "max-age=3600", "lastModified": "2024-10-16T08:11:46.000Z", "contentLength": 2217, "httpStatusCode": 200}', 'dd90cb1c-c178-4986-9b82-4aecfadb3bfc', NULL, '{}'),
	('3bd4a082-aa94-4da1-8f31-b9d8f7df3440', 'resumes', 'resumes/b27f8d46-90c0-403c-a78f-56eb152e9c89_1729066352772.pdf', NULL, '2024-10-16 08:12:34.120947+00', '2024-10-16 08:12:34.120947+00', '2024-10-16 08:12:34.120947+00', '{"eTag": "\"c8b92dca165a6381c3c5e68b577f0f03\"", "size": 2217, "mimetype": "application/pdf", "cacheControl": "max-age=3600", "lastModified": "2024-10-16T08:12:35.000Z", "contentLength": 2217, "httpStatusCode": 200}', 'c297f247-6196-4ec8-9979-30bbd5aeec02', NULL, '{}'),
	('f94d51e0-7021-43e6-be4b-2aadf548a14b', 'resumes', 'resumes/0933f6b3-db9c-4bd0-8cc5-c4e9062af9a1_1729069305448.pdf', NULL, '2024-10-16 09:01:46.083534+00', '2024-10-16 09:01:46.083534+00', '2024-10-16 09:01:46.083534+00', '{"eTag": "\"872e47b0755c13013e47e2498010fb21\"", "size": 2289, "mimetype": "application/pdf", "cacheControl": "max-age=3600", "lastModified": "2024-10-16T09:01:47.000Z", "contentLength": 2289, "httpStatusCode": 200}', 'c6c7261e-afd6-4d63-8539-89931e611e08', NULL, '{}'),
	('8c40bc9c-abb8-4066-a266-f1dbef04eba3', 'resumes', 'resumes/2af1fb19-fc3b-4b8d-9446-d9a45ff5b52a_1729083387467.pdf', NULL, '2024-10-16 12:56:28.961633+00', '2024-10-16 12:56:28.961633+00', '2024-10-16 12:56:28.961633+00', '{"eTag": "\"4f176b0b315ff3b4d803754e8e3bb27f\"", "size": 2104, "mimetype": "application/pdf", "cacheControl": "max-age=3600", "lastModified": "2024-10-16T12:56:29.000Z", "contentLength": 2104, "httpStatusCode": 200}', '8801e5c4-0ca2-46d7-bb20-84c5d3d0c157', NULL, '{}'),
	('ae77da58-3f0d-4a01-9259-78b996416c3b', 'videos', 'interviews/1729083498297_hmgr5wugurj.webm', NULL, '2024-10-16 12:58:22.583846+00', '2024-10-16 12:58:22.583846+00', '2024-10-16 12:58:22.583846+00', '{"eTag": "\"cb4a0be3c657f058dd58e624a2b8d578-3\"", "size": 12191406, "mimetype": "video/webm", "cacheControl": "max-age=3600", "lastModified": "2024-10-16T12:58:22.000Z", "contentLength": 12191406, "httpStatusCode": 200}', '3fcee535-8e2b-4b0b-bf17-de53a5db56f0', NULL, '{}'),
	('55ef4da5-7463-46ab-b61e-247d73d9347f', 'audio', 'interviews/02f821b4-b0cb-4331-8c04-a44c0a9121e5.wav', NULL, '2024-10-16 11:26:15.498428+00', '2024-10-16 13:14:11.937043+00', '2024-10-16 11:26:15.498428+00', '{"eTag": "\"df6ecb6a8801dd4ad7e05009d59fac2f\"", "size": 3775422, "mimetype": "audio/wav", "cacheControl": "max-age=3600", "lastModified": "2024-10-16T13:14:12.000Z", "contentLength": 3775422, "httpStatusCode": 200}', '52f0041e-a445-44eb-a785-55bba7cdb89e', NULL, '{}'),
	('1ef07dfe-8801-4503-b6f9-ca8631ec1d65', 'resumes', 'resumes/bd9ff50d-2ce4-4f1e-9422-3c580a236b12_1729089661740.pdf', NULL, '2024-10-16 14:41:02.607527+00', '2024-10-16 14:41:02.607527+00', '2024-10-16 14:41:02.607527+00', '{"eTag": "\"3152fedd98df8ef6b8ad7ed76a10b3bc\"", "size": 1658, "mimetype": "application/pdf", "cacheControl": "max-age=3600", "lastModified": "2024-10-16T14:41:03.000Z", "contentLength": 1658, "httpStatusCode": 200}', 'e28ca0a0-8b7e-4e51-bc93-c31fcc26d180', NULL, '{}'),
	('ab5b7fce-ad97-43ac-8c00-0b4f9694ee11', 'resumes', 'resumes/95fd239d-d500-4330-b546-faf7980d426f_1729092007070.pdf', 'bd9ff50d-2ce4-4f1e-9422-3c580a236b12', '2024-10-16 15:20:08.435209+00', '2024-10-16 15:20:08.435209+00', '2024-10-16 15:20:08.435209+00', '{"eTag": "\"3bdb0bcc7e4feb41a3b940d93c00a653\"", "size": 1659, "mimetype": "application/pdf", "cacheControl": "max-age=3600", "lastModified": "2024-10-16T15:20:09.000Z", "contentLength": 1659, "httpStatusCode": 200}', '86affac4-52ab-4dd6-8ff8-fcfba18ff280', 'bd9ff50d-2ce4-4f1e-9422-3c580a236b12', '{}'),
	('7a074738-4e98-458e-8220-a1b22d927273', 'resumes', 'resumes/166f1d10-bce3-40ce-9ac2-4d115598d27f_1729099809788.pdf', NULL, '2024-10-16 17:30:13.333404+00', '2024-10-16 17:30:13.333404+00', '2024-10-16 17:30:13.333404+00', '{"eTag": "\"4f176b0b315ff3b4d803754e8e3bb27f\"", "size": 2104, "mimetype": "application/pdf", "cacheControl": "max-age=3600", "lastModified": "2024-10-16T17:30:14.000Z", "contentLength": 2104, "httpStatusCode": 200}', '056c1d9c-8656-4888-a19e-1b1ded255842', NULL, '{}'),
	('668a92b1-e9ed-4f0d-9b1f-70644623bba5', 'resumes', 'resumes/2fcac2e5-460d-4b9f-b9c2-9ae067ea555e_1729062948184.pdf', '0d3f5d46-eb99-4884-ba3d-b077c0cd76cc', '2024-10-16 07:15:49.574385+00', '2024-10-16 07:15:49.574385+00', '2024-10-16 07:15:49.574385+00', '{"eTag": "\"c8b92dca165a6381c3c5e68b577f0f03\"", "size": 2217, "mimetype": "application/pdf", "cacheControl": "max-age=3600", "lastModified": "2024-10-16T07:15:50.000Z", "contentLength": 2217, "httpStatusCode": 200}', '855c0dc8-4142-4b83-9b6a-c3a72b681868', '0d3f5d46-eb99-4884-ba3d-b077c0cd76cc', '{}'),
	('8081acdf-1cf8-40e6-89a1-19c1f5ce3a10', 'resumes', 'interviews/Registered_Nurse_Resume.pdf', NULL, '2024-10-15 16:42:06.511827+00', '2024-10-15 16:42:06.511827+00', '2024-10-15 16:42:06.511827+00', '{"eTag": "\"1bdb24f4113777ac36fcef8d13e5d0e0-1\"", "size": 1422, "mimetype": "application/pdf", "cacheControl": "max-age=3600", "lastModified": "2024-10-15T16:42:07.000Z", "contentLength": 1422, "httpStatusCode": 200}', '37390f1d-078c-4e93-9346-2cd7476a1efd', NULL, NULL),
	('1e87fea6-1859-45f6-b569-e82bb271bc71', 'videos', 'interviews/1729066915656_tkxu18aohs.webm', NULL, '2024-10-16 08:22:00.810948+00', '2024-10-16 08:22:00.810948+00', '2024-10-16 08:22:00.810948+00', '{"eTag": "\"403efdd785f309f31bd5aac5ffab676f-2\"", "size": 7250838, "mimetype": "video/webm", "cacheControl": "max-age=3600", "lastModified": "2024-10-16T08:22:01.000Z", "contentLength": 7250838, "httpStatusCode": 200}', '81ad31c7-f33b-40a5-bbf6-78a499c1d491', NULL, '{}'),
	('cabfd021-6e32-4466-b1d2-8b38564adf68', 'resumes', 'interviews/Travel_Nurse_Resume.pdf', NULL, '2024-10-15 16:41:48.501302+00', '2024-10-15 16:43:06.135973+00', '2024-10-15 16:41:48.501302+00', '{"eTag": "\"381855a6884b7025b6e07ef9c3221561\"", "size": 1426, "mimetype": "application/pdf", "cacheControl": "max-age=3600", "lastModified": "2024-10-15T16:43:07.000Z", "contentLength": 1426, "httpStatusCode": 200}', '8e625815-ca84-4b13-ab21-af8d151a898d', NULL, NULL),
	('f4842a84-e244-4afe-b10b-d59cdda5e34b', 'resumes', 'resumes/a21a00a5-03cf-4cc5-bc7f-be06640852f8_1729010613393.pdf', NULL, '2024-10-15 16:43:34.852721+00', '2024-10-15 16:43:34.852721+00', '2024-10-15 16:43:34.852721+00', '{"eTag": "\"c8b92dca165a6381c3c5e68b577f0f03\"", "size": 2217, "mimetype": "application/pdf", "cacheControl": "max-age=3600", "lastModified": "2024-10-15T16:43:35.000Z", "contentLength": 2217, "httpStatusCode": 200}', '804ced83-73e5-45b6-9e60-8417761f9633', NULL, '{}'),
	('bf7dea56-e461-439d-b47b-78c36b433bfb', 'resumes', 'resumes/a21a00a5-03cf-4cc5-bc7f-be06640852f8_1729010650854.pdf', NULL, '2024-10-15 16:44:12.331921+00', '2024-10-15 16:44:12.331921+00', '2024-10-15 16:44:12.331921+00', '{"eTag": "\"c8b92dca165a6381c3c5e68b577f0f03\"", "size": 2217, "mimetype": "application/pdf", "cacheControl": "max-age=3600", "lastModified": "2024-10-15T16:44:13.000Z", "contentLength": 2217, "httpStatusCode": 200}', 'b88a5dca-4685-42c6-8404-70266511bbe8', NULL, '{}'),
	('44c15096-cdf3-428d-80c0-729e495286ce', 'resumes', 'resumes/a21a00a5-03cf-4cc5-bc7f-be06640852f8_1729010666990.pdf', NULL, '2024-10-15 16:44:28.41313+00', '2024-10-15 16:44:28.41313+00', '2024-10-15 16:44:28.41313+00', '{"eTag": "\"c8b92dca165a6381c3c5e68b577f0f03\"", "size": 2217, "mimetype": "application/pdf", "cacheControl": "max-age=3600", "lastModified": "2024-10-15T16:44:29.000Z", "contentLength": 2217, "httpStatusCode": 200}', '290a042b-ba1c-4e42-98b4-549e17225d43', NULL, '{}'),
	('2aaa0bb4-5f27-434d-a676-4dfd0d15220b', 'resumes', 'resumes/a21a00a5-03cf-4cc5-bc7f-be06640852f8_1729010748269.pdf', NULL, '2024-10-15 16:45:49.206403+00', '2024-10-15 16:45:49.206403+00', '2024-10-15 16:45:49.206403+00', '{"eTag": "\"c8b92dca165a6381c3c5e68b577f0f03\"", "size": 2217, "mimetype": "application/pdf", "cacheControl": "max-age=3600", "lastModified": "2024-10-15T16:45:50.000Z", "contentLength": 2217, "httpStatusCode": 200}', '3fa849cb-28b4-4d0c-bb87-f20044c40a36', NULL, '{}'),
	('d2d3cf56-3ee2-42f2-b6c5-16a5529a8bf1', 'resumes', 'resumes/a90901f9-7ea2-4193-8b30-f72f2d4d75f8_1729010988987.pdf', NULL, '2024-10-15 16:49:50.656643+00', '2024-10-15 16:49:50.656643+00', '2024-10-15 16:49:50.656643+00', '{"eTag": "\"c8b92dca165a6381c3c5e68b577f0f03\"", "size": 2217, "mimetype": "application/pdf", "cacheControl": "max-age=3600", "lastModified": "2024-10-15T16:49:51.000Z", "contentLength": 2217, "httpStatusCode": 200}', '7df50dfe-81bc-4508-8e44-a2c795c41163', NULL, '{}'),
	('77bb698a-09aa-49de-8362-98d137eb4dd7', 'resumes', 'resumes/4e2e0a7f-610a-4ac4-889f-9b24a82f42cf_1729011529932.pdf', 'e44d6dab-6e60-452c-b683-c7431a8b26c4', '2024-10-15 16:58:50.62995+00', '2024-10-15 16:58:50.62995+00', '2024-10-15 16:58:50.62995+00', '{"eTag": "\"b185f1f6adf5cc6e88fa37d486453020\"", "size": 2227, "mimetype": "application/pdf", "cacheControl": "max-age=3600", "lastModified": "2024-10-15T16:58:51.000Z", "contentLength": 2227, "httpStatusCode": 200}', '4dfed809-2d30-4795-9737-511f8a1b3068', 'e44d6dab-6e60-452c-b683-c7431a8b26c4', '{}'),
	('9c678a32-f097-4e9a-96ef-6bd418f374fc', 'resumes', 'resumes/7e998099-db08-4acc-b49e-95418b3f02b4_1729012709116.pdf', NULL, '2024-10-15 17:18:30.561536+00', '2024-10-15 17:18:30.561536+00', '2024-10-15 17:18:30.561536+00', '{"eTag": "\"c8b92dca165a6381c3c5e68b577f0f03\"", "size": 2217, "mimetype": "application/pdf", "cacheControl": "max-age=3600", "lastModified": "2024-10-15T17:18:31.000Z", "contentLength": 2217, "httpStatusCode": 200}', 'e76cc6eb-bb6b-4ec2-ac0c-9233b1cc0d3d', NULL, '{}'),
	('9e1781ec-d78e-4ab7-9e11-a84e71e470bf', 'resumes', 'resumes/b5d4c5f2-2265-493a-8970-08eea132f63f_1729052316724.pdf', NULL, '2024-10-16 04:18:38.272786+00', '2024-10-16 04:18:38.272786+00', '2024-10-16 04:18:38.272786+00', '{"eTag": "\"b185f1f6adf5cc6e88fa37d486453020\"", "size": 2227, "mimetype": "application/pdf", "cacheControl": "max-age=3600", "lastModified": "2024-10-16T04:18:39.000Z", "contentLength": 2227, "httpStatusCode": 200}', 'b8f261f2-1765-45f4-86c2-f0011a1839f5', NULL, '{}'),
	('3695164e-d7da-4873-b7cc-1bd1c084085d', 'resumes', 'resumes/10ece31b-a932-4e3b-bcbf-b5a6ff356224_1729052947115.pdf', NULL, '2024-10-16 04:29:08.625922+00', '2024-10-16 04:29:08.625922+00', '2024-10-16 04:29:08.625922+00', '{"eTag": "\"b185f1f6adf5cc6e88fa37d486453020\"", "size": 2227, "mimetype": "application/pdf", "cacheControl": "max-age=3600", "lastModified": "2024-10-16T04:29:09.000Z", "contentLength": 2227, "httpStatusCode": 200}', '2e292ee8-415f-4b10-a71a-c0b5037aac75', NULL, '{}'),
	('0a050d79-269d-438f-a6a9-acd33051d531', 'resumes', 'resumes/d475c90a-2563-4b31-91a6-7fb6f6860ddd_1729056009627.pdf', NULL, '2024-10-16 05:20:11.09031+00', '2024-10-16 05:20:11.09031+00', '2024-10-16 05:20:11.09031+00', '{"eTag": "\"b185f1f6adf5cc6e88fa37d486453020\"", "size": 2227, "mimetype": "application/pdf", "cacheControl": "max-age=3600", "lastModified": "2024-10-16T05:20:12.000Z", "contentLength": 2227, "httpStatusCode": 200}', '1efd383a-72bc-44c5-bb10-d3010a7f26c1', NULL, '{}'),
	('1c5855a3-211a-402c-ac0f-0c94e7fc9e59', 'videos', 'interviews/1729056473081_qw939k6j16.webm', NULL, '2024-10-16 05:27:55.375818+00', '2024-10-16 05:27:55.375818+00', '2024-10-16 05:27:55.375818+00', '{"eTag": "\"690866bb2a6b1b858d241e46f094fa10\"", "size": 519863, "mimetype": "video/webm", "cacheControl": "max-age=3600", "lastModified": "2024-10-16T05:27:56.000Z", "contentLength": 519863, "httpStatusCode": 200}', 'f17015fd-a69f-4c31-93f2-5f5b32423e06', NULL, '{}'),
	('309a45be-ce07-404d-bb1a-e11794b00143', 'audio', 'interviews/c817b974-3eef-4081-a48c-6c9759cbbe27.wav', NULL, '2024-10-16 05:27:59.185218+00', '2024-10-16 05:27:59.185218+00', '2024-10-16 05:27:59.185218+00', '{"eTag": "\"ca05dbd10490516ff8173f6a50e68c76\"", "size": 257454, "mimetype": "audio/wav", "cacheControl": "max-age=3600", "lastModified": "2024-10-16T05:28:00.000Z", "contentLength": 257454, "httpStatusCode": 200}', '775f1f84-448c-4212-9f0e-497ef47023ab', NULL, '{}'),
	('fad1a0a7-aba1-4c2b-8c6e-8bbb12222475', 'resumes', 'resumes/ed9e719e-dfd0-444b-a18e-2b4a11dcabd9_1729063088487.pdf', NULL, '2024-10-16 07:18:09.912903+00', '2024-10-16 07:18:09.912903+00', '2024-10-16 07:18:09.912903+00', '{"eTag": "\"c8b92dca165a6381c3c5e68b577f0f03\"", "size": 2217, "mimetype": "application/pdf", "cacheControl": "max-age=3600", "lastModified": "2024-10-16T07:18:10.000Z", "contentLength": 2217, "httpStatusCode": 200}', 'c919fbe9-b272-4f4b-9ec3-2fea588c9fe9', NULL, '{}'),
	('1362f64b-332e-46b5-ab7b-1e5a317456fc', 'resumes', 'resumes/7eca8cc3-2d39-41fc-8f58-42153fc4f2b3_1729056712247.pdf', NULL, '2024-10-16 05:31:53.781089+00', '2024-10-16 05:31:53.781089+00', '2024-10-16 05:31:53.781089+00', '{"eTag": "\"c32e1fcd9aeb3eac4e6643b0631b7310\"", "size": 96506, "mimetype": "application/pdf", "cacheControl": "max-age=3600", "lastModified": "2024-10-16T05:31:54.000Z", "contentLength": 96506, "httpStatusCode": 200}', '25bc88ff-7970-49f1-b040-4212397b9087', NULL, '{}'),
	('30456a62-7923-4428-9971-ddbe227d6373', 'resumes', 'resumes/abc5cbe2-303f-47dc-aec1-f71cfee88642_1729067035306.pdf', NULL, '2024-10-16 08:23:56.759478+00', '2024-10-16 08:23:56.759478+00', '2024-10-16 08:23:56.759478+00', '{"eTag": "\"506189aee84f37f2c986886edfa0f738\"", "size": 2184, "mimetype": "application/pdf", "cacheControl": "max-age=3600", "lastModified": "2024-10-16T08:23:57.000Z", "contentLength": 2184, "httpStatusCode": 200}', 'd82158a7-31c9-458e-8a34-13a7c4be66b3', NULL, '{}'),
	('3e4aeb4b-5a59-46b1-a399-be474fbfaca7', 'resumes', 'resumes/5c60aac7-784e-41bd-98db-c0b944c93fa6_1729057871953.pdf', NULL, '2024-10-16 05:51:13.531902+00', '2024-10-16 05:51:13.531902+00', '2024-10-16 05:51:13.531902+00', '{"eTag": "\"c32e1fcd9aeb3eac4e6643b0631b7310\"", "size": 96506, "mimetype": "application/pdf", "cacheControl": "max-age=3600", "lastModified": "2024-10-16T05:51:14.000Z", "contentLength": 96506, "httpStatusCode": 200}', '50040070-3377-4e7c-86be-689a86aaf0c3', NULL, '{}'),
	('a7c7180c-80df-4ab1-ab01-90c5f5f9659b', 'resumes', 'resumes/40d49f71-0dc8-485c-b734-dde52b323907_1729058364646.pdf', NULL, '2024-10-16 05:59:26.288958+00', '2024-10-16 05:59:26.288958+00', '2024-10-16 05:59:26.288958+00', '{"eTag": "\"c32e1fcd9aeb3eac4e6643b0631b7310\"", "size": 96506, "mimetype": "application/pdf", "cacheControl": "max-age=3600", "lastModified": "2024-10-16T05:59:27.000Z", "contentLength": 96506, "httpStatusCode": 200}', '503d10bc-3dc6-4088-8bde-691aa9b94ccf', NULL, '{}'),
	('34a8b98e-68bb-4a0b-8a0f-2cb71f1bdffa', 'resumes', 'resumes/21afb6e4-a256-43cc-a334-6ec2839057d8_1729067083806.pdf', NULL, '2024-10-16 08:24:45.170456+00', '2024-10-16 08:24:45.170456+00', '2024-10-16 08:24:45.170456+00', '{"eTag": "\"872e47b0755c13013e47e2498010fb21\"", "size": 2289, "mimetype": "application/pdf", "cacheControl": "max-age=3600", "lastModified": "2024-10-16T08:24:46.000Z", "contentLength": 2289, "httpStatusCode": 200}', '67ce82e6-0d17-47c6-8e64-c357ea47466b', NULL, '{}'),
	('1f6a7569-2373-416b-848c-bab1fded1921', 'resumes', 'resumes/5acf67eb-c0a2-4b21-b7d3-404065db1567_1729059019706.pdf', NULL, '2024-10-16 06:10:20.991504+00', '2024-10-16 06:10:20.991504+00', '2024-10-16 06:10:20.991504+00', '{"eTag": "\"7c1f6eb4be2abbd1ca4a177dbb62139a\"", "size": 2161, "mimetype": "application/pdf", "cacheControl": "max-age=3600", "lastModified": "2024-10-16T06:10:21.000Z", "contentLength": 2161, "httpStatusCode": 200}', 'd73360fb-af43-4be1-a6ad-4e2ce0b2bd84', NULL, '{}'),
	('a84d5f1a-4962-4b77-bb9e-a1bd3ad3f227', 'resumes', 'resumes/4a3d211a-e70d-4db9-bdd2-cb0cc63967c5_1729059454811.pdf', NULL, '2024-10-16 06:17:36.42337+00', '2024-10-16 06:17:36.42337+00', '2024-10-16 06:17:36.42337+00', '{"eTag": "\"c32e1fcd9aeb3eac4e6643b0631b7310\"", "size": 96506, "mimetype": "application/pdf", "cacheControl": "max-age=3600", "lastModified": "2024-10-16T06:17:37.000Z", "contentLength": 96506, "httpStatusCode": 200}', '9f82ea16-b708-4cd8-8e7b-45f7bb9facfb', NULL, '{}'),
	('110b66d5-d37e-434b-a8ca-d50b36a02da8', 'resumes', 'resumes/24bcd469-62e4-41fd-b8a4-78f9f81bafe0_1729067133786.pdf', NULL, '2024-10-16 08:25:35.139411+00', '2024-10-16 08:25:35.139411+00', '2024-10-16 08:25:35.139411+00', '{"eTag": "\"872e47b0755c13013e47e2498010fb21\"", "size": 2289, "mimetype": "application/pdf", "cacheControl": "max-age=3600", "lastModified": "2024-10-16T08:25:36.000Z", "contentLength": 2289, "httpStatusCode": 200}', '42d15d2a-e952-4be9-83bf-9a4f2411bf3c', NULL, '{}'),
	('8a13d30d-072a-4ab3-8b06-f2f7b19e23e1', 'resumes', 'resumes/071615f6-6d45-4ab9-a937-24fc384d2f01_1729067239619.pdf', NULL, '2024-10-16 08:27:20.907497+00', '2024-10-16 08:27:20.907497+00', '2024-10-16 08:27:20.907497+00', '{"eTag": "\"506189aee84f37f2c986886edfa0f738\"", "size": 2184, "mimetype": "application/pdf", "cacheControl": "max-age=3600", "lastModified": "2024-10-16T08:27:21.000Z", "contentLength": 2184, "httpStatusCode": 200}', '06e709e7-3b52-4729-9849-8328b6d3a9d7', NULL, '{}'),
	('a0d4471b-2de0-488f-8beb-b544792c0f90', 'resumes', 'resumes/cc7707d6-671a-4f0b-a9b8-f6d05896a3b9_1729069984883.pdf', NULL, '2024-10-16 09:13:06.184268+00', '2024-10-16 09:13:06.184268+00', '2024-10-16 09:13:06.184268+00', '{"eTag": "\"7c1f6eb4be2abbd1ca4a177dbb62139a\"", "size": 2161, "mimetype": "application/pdf", "cacheControl": "max-age=3600", "lastModified": "2024-10-16T09:13:07.000Z", "contentLength": 2161, "httpStatusCode": 200}', '5d7f4821-d72e-4d32-8b5a-fb19eae9f3bc', NULL, '{}'),
	('4ce9b042-b367-402c-b94e-ba9cc1bbb4dc', 'resumes', 'resumes/7564b097-2174-417f-911b-9ff22f393755_1729063309113.pdf', 'ed9e719e-dfd0-444b-a18e-2b4a11dcabd9', '2024-10-16 07:21:49.870245+00', '2024-10-16 07:21:49.870245+00', '2024-10-16 07:21:49.870245+00', '{"eTag": "\"c8b92dca165a6381c3c5e68b577f0f03\"", "size": 2217, "mimetype": "application/pdf", "cacheControl": "max-age=3600", "lastModified": "2024-10-16T07:21:50.000Z", "contentLength": 2217, "httpStatusCode": 200}', '74a4b969-ffba-4f6c-bd3e-f20c224eca2a', 'ed9e719e-dfd0-444b-a18e-2b4a11dcabd9', '{}'),
	('79a861f0-993f-4111-b085-7e71b32fa820', 'resumes', 'resumes/f86c8d2a-a9fd-4a5e-b62e-db473fe7dc8f_1729067360349.pdf', NULL, '2024-10-16 08:29:21.791186+00', '2024-10-16 08:29:21.791186+00', '2024-10-16 08:29:21.791186+00', '{"eTag": "\"506189aee84f37f2c986886edfa0f738\"", "size": 2184, "mimetype": "application/pdf", "cacheControl": "max-age=3600", "lastModified": "2024-10-16T08:29:22.000Z", "contentLength": 2184, "httpStatusCode": 200}', '86c2efe2-3ea0-4d7e-811a-fcbe0ea51f25', NULL, '{}'),
	('11906750-6fe0-4995-a6e8-5619b99e848d', 'resumes', 'resumes/b7b7987b-d34b-4336-b9f4-c8e7b693e90a_1729070121688.pdf', NULL, '2024-10-16 09:15:23.083732+00', '2024-10-16 09:15:23.083732+00', '2024-10-16 09:15:23.083732+00', '{"eTag": "\"7c1f6eb4be2abbd1ca4a177dbb62139a\"", "size": 2161, "mimetype": "application/pdf", "cacheControl": "max-age=3600", "lastModified": "2024-10-16T09:15:24.000Z", "contentLength": 2161, "httpStatusCode": 200}', 'dba96646-6174-482f-aafc-8b851f4c07f1', NULL, '{}'),
	('80266901-3d54-4520-aaf8-4d9878bb8fa3', 'videos', 'interviews/1729079803773_wetae6qyoxe.webm', NULL, '2024-10-16 11:56:49.535283+00', '2024-10-16 11:56:49.535283+00', '2024-10-16 11:56:49.535283+00', '{"eTag": "\"f28d14ac9f8ce3626287addbedd03f9c-3\"", "size": 11655613, "mimetype": "video/webm", "cacheControl": "max-age=3600", "lastModified": "2024-10-16T11:56:49.000Z", "contentLength": 11655613, "httpStatusCode": 200}', '8a62fdb5-85f2-4b1f-964d-8fa4bc7f5b09', NULL, '{}'),
	('60905fe0-ac12-43d5-a3b6-05af71a93b26', 'seed_resume', 'Laura_Anderson_detailed_resume.pdf', NULL, '2024-10-16 06:24:18.411102+00', '2024-10-16 06:24:18.411102+00', '2024-10-16 06:24:18.411102+00', '{"eTag": "\"3ab3748e0906f18818ffa7ce88f1d101-1\"", "size": 2033, "mimetype": "application/pdf", "cacheControl": "max-age=3600", "lastModified": "2024-10-16T06:24:18.000Z", "contentLength": 2033, "httpStatusCode": 200}', 'f56fb8bd-5a95-43e3-9c35-8777d4a1508f', NULL, NULL),
	('a4c970a4-7219-4c61-adbb-4fe3fc80e49c', 'seed_resume', 'James_Clark_detailed_resume.pdf', NULL, '2024-10-16 06:24:18.486438+00', '2024-10-16 06:24:18.486438+00', '2024-10-16 06:24:18.486438+00', '{"eTag": "\"1cc2f99b207900147495ba7ee0568881-1\"", "size": 1961, "mimetype": "application/pdf", "cacheControl": "max-age=3600", "lastModified": "2024-10-16T06:24:19.000Z", "contentLength": 1961, "httpStatusCode": 200}', '6a5f20ad-2b13-454f-9516-a0a226c7037c', NULL, NULL),
	('32b5a551-9b26-4de5-b9ca-a841aa0fcf30', 'seed_resume', 'Sophia_Lewis_detailed_resume.pdf', NULL, '2024-10-16 06:24:18.496286+00', '2024-10-16 06:24:18.496286+00', '2024-10-16 06:24:18.496286+00', '{"eTag": "\"3f16bb689e51801e06e34e2ad26b8f52-1\"", "size": 2104, "mimetype": "application/pdf", "cacheControl": "max-age=3600", "lastModified": "2024-10-16T06:24:19.000Z", "contentLength": 2104, "httpStatusCode": 200}', 'fddea704-a0fa-4945-9df4-ce85bb62a3fd', NULL, NULL),
	('cd1ae4e7-21b6-49e0-a99a-48cba5496db0', 'seed_resume', 'Michael_Brown_detailed_resume.pdf', NULL, '2024-10-16 06:24:18.546107+00', '2024-10-16 06:24:18.546107+00', '2024-10-16 06:24:18.546107+00', '{"eTag": "\"2f56385a21fa6996c6badc69c51aa13f-1\"", "size": 1697, "mimetype": "application/pdf", "cacheControl": "max-age=3600", "lastModified": "2024-10-16T06:24:19.000Z", "contentLength": 1697, "httpStatusCode": 200}', '653fb8f0-9362-4fc9-acb7-9ac43743cb46', NULL, NULL),
	('63e6799a-95e1-4be4-9bc5-3d96993e78f4', 'seed_resume', 'Jessica_Davis_detailed_resume.pdf', NULL, '2024-10-16 06:24:18.787057+00', '2024-10-16 06:24:18.787057+00', '2024-10-16 06:24:18.787057+00', '{"eTag": "\"34baea33b342d2860db8f6885723f45a-1\"", "size": 1972, "mimetype": "application/pdf", "cacheControl": "max-age=3600", "lastModified": "2024-10-16T06:24:19.000Z", "contentLength": 1972, "httpStatusCode": 200}', '687ed889-180b-4997-b215-8bbe4a57abde', NULL, NULL),
	('ff0a1ea5-f0a2-4b41-9246-39fd21030e07', 'seed_resume', 'Daniel_Taylor_detailed_resume.pdf', NULL, '2024-10-16 06:24:18.826643+00', '2024-10-16 06:24:18.826643+00', '2024-10-16 06:24:18.826643+00', '{"eTag": "\"d3fa09db5cf4fab102b9d61a6cc9da4c-1\"", "size": 1959, "mimetype": "application/pdf", "cacheControl": "max-age=3600", "lastModified": "2024-10-16T06:24:19.000Z", "contentLength": 1959, "httpStatusCode": 200}', '0a179f6b-dcd5-4504-a2bc-75d7823e5a11', NULL, NULL),
	('aa09bef7-57c8-4df9-b673-572d58d24523', 'seed_resume', 'Sarah_Smith_detailed_resume.pdf', NULL, '2024-10-16 06:24:18.846663+00', '2024-10-16 06:24:18.846663+00', '2024-10-16 06:24:18.846663+00', '{"eTag": "\"ad3997359a0e6d929b11101b08802bbd-1\"", "size": 1636, "mimetype": "application/pdf", "cacheControl": "max-age=3600", "lastModified": "2024-10-16T06:24:19.000Z", "contentLength": 1636, "httpStatusCode": 200}', '0f1f60aa-c76d-4d45-8f9a-feb3ce2b5c1d', NULL, NULL),
	('71eea8c5-aa35-4357-a206-e1f2cb40d14f', 'seed_resume', 'David_Wilson_detailed_resume.pdf', NULL, '2024-10-16 06:24:18.915247+00', '2024-10-16 06:24:18.915247+00', '2024-10-16 06:24:18.915247+00', '{"eTag": "\"42d8ff86e912ba8df3c1e23980de6097-1\"", "size": 1659, "mimetype": "application/pdf", "cacheControl": "max-age=3600", "lastModified": "2024-10-16T06:24:19.000Z", "contentLength": 1659, "httpStatusCode": 200}', '7e7f1a01-e583-4407-a6c3-f23d8e673de9', NULL, NULL),
	('427c90b6-bc77-4396-941b-25776b485265', 'resumes', 'resumes/0cf3d057-e1cf-4f18-9ba8-dfe467944631_1729087102271.pdf', '5acf67eb-c0a2-4b21-b7d3-404065db1567', '2024-10-16 13:58:23.716275+00', '2024-10-16 13:58:23.716275+00', '2024-10-16 13:58:23.716275+00', '{"eTag": "\"506189aee84f37f2c986886edfa0f738\"", "size": 2184, "mimetype": "application/pdf", "cacheControl": "max-age=3600", "lastModified": "2024-10-16T13:58:24.000Z", "contentLength": 2184, "httpStatusCode": 200}', '77a6b543-f58c-4b05-b08a-6dcc6ea0c4d7', '5acf67eb-c0a2-4b21-b7d3-404065db1567', '{}'),
	('4e3771f2-df68-4cb0-adf1-7156f8fb2a28', 'seed_resume', 'Ashley_Moore_detailed_resume.pdf', NULL, '2024-10-16 06:24:18.418079+00', '2024-10-16 06:24:18.418079+00', '2024-10-16 06:24:18.418079+00', '{"eTag": "\"fd8e0a82b6af29d0237ca8e53954e1f5-1\"", "size": 1658, "mimetype": "application/pdf", "cacheControl": "max-age=3600", "lastModified": "2024-10-16T06:24:19.000Z", "contentLength": 1658, "httpStatusCode": 200}', '933fe3a9-588f-4a0e-b172-041ffc369efb', NULL, NULL),
	('b3a7f6a2-6a9f-47e5-b01b-1eabe4cf123f', 'resumes', 'resumes/7c67336f-4439-486e-bff0-9e52d11fe013_1729065287815.pdf', NULL, '2024-10-16 07:54:49.223567+00', '2024-10-16 07:54:49.223567+00', '2024-10-16 07:54:49.223567+00', '{"eTag": "\"872e47b0755c13013e47e2498010fb21\"", "size": 2289, "mimetype": "application/pdf", "cacheControl": "max-age=3600", "lastModified": "2024-10-16T07:54:50.000Z", "contentLength": 2289, "httpStatusCode": 200}', '1d5a2336-c268-4e6b-b240-a757a61c944c', NULL, '{}'),
	('cebc12e1-e3dc-480b-ac75-b186f478a00e', 'resumes', 'resumes/fc60a5b5-1cf3-4110-9587-21ff0b7c2670_1729065314621.pdf', NULL, '2024-10-16 07:55:15.186385+00', '2024-10-16 07:55:15.186385+00', '2024-10-16 07:55:15.186385+00', '{"eTag": "\"872e47b0755c13013e47e2498010fb21\"", "size": 2289, "mimetype": "application/pdf", "cacheControl": "max-age=3600", "lastModified": "2024-10-16T07:55:16.000Z", "contentLength": 2289, "httpStatusCode": 200}', '6f0b71d1-2b27-4b01-a03b-06e53688aa86', NULL, '{}'),
	('072563ff-f153-4e61-a7c7-425f928f9582', 'resumes', 'resumes/80fc95fc-fdbf-425b-827e-24d6828d0369_1729065322490.pdf', NULL, '2024-10-16 07:55:23.771154+00', '2024-10-16 07:55:23.771154+00', '2024-10-16 07:55:23.771154+00', '{"eTag": "\"872e47b0755c13013e47e2498010fb21\"", "size": 2289, "mimetype": "application/pdf", "cacheControl": "max-age=3600", "lastModified": "2024-10-16T07:55:24.000Z", "contentLength": 2289, "httpStatusCode": 200}', '1add5eea-a227-4d5e-bbb1-32ce9e10b936', NULL, '{}'),
	('9787fa65-8c5b-4637-b092-9dbba7c4e309', 'resumes', 'resumes/c3f7e2ba-0e66-4420-8098-d728121f64e5_1729065356086.pdf', NULL, '2024-10-16 07:55:56.672501+00', '2024-10-16 07:55:56.672501+00', '2024-10-16 07:55:56.672501+00', '{"eTag": "\"7c1f6eb4be2abbd1ca4a177dbb62139a\"", "size": 2161, "mimetype": "application/pdf", "cacheControl": "max-age=3600", "lastModified": "2024-10-16T07:55:57.000Z", "contentLength": 2161, "httpStatusCode": 200}', '8bcbec28-5127-4bdc-9cf0-f5f63b7c36dc', NULL, '{}'),
	('79bcf5eb-b16f-4000-84ce-c2894d8fa6ce', 'resumes', 'resumes/12ee93c2-a325-458d-a8a7-939147b7f632_1729065395920.pdf', NULL, '2024-10-16 07:56:37.275615+00', '2024-10-16 07:56:37.275615+00', '2024-10-16 07:56:37.275615+00', '{"eTag": "\"24f67d3ac7114a4d69fcbf3fdc8915cc\"", "size": 2350, "mimetype": "application/pdf", "cacheControl": "max-age=3600", "lastModified": "2024-10-16T07:56:38.000Z", "contentLength": 2350, "httpStatusCode": 200}', 'b22acd8e-4f61-4f81-9b8b-8924825ba213', NULL, '{}'),
	('3996997a-3062-4c34-9000-51e5077d2f9b', 'resumes', 'resumes/d1bc8b83-cc8b-4051-a2c9-2fcfb1397e1e_1729067876035.pdf', NULL, '2024-10-16 08:37:56.660908+00', '2024-10-16 08:37:56.660908+00', '2024-10-16 08:37:56.660908+00', '{"eTag": "\"872e47b0755c13013e47e2498010fb21\"", "size": 2289, "mimetype": "application/pdf", "cacheControl": "max-age=3600", "lastModified": "2024-10-16T08:37:57.000Z", "contentLength": 2289, "httpStatusCode": 200}', '92ca57ab-b5a1-4610-b14f-040525c9ae9a', NULL, '{}'),
	('a82a78c1-efd2-414c-8abc-6106867f1fe0', 'resumes', 'resumes/93fc538d-fd03-4eb2-8953-7b1bdcfe7265_1729070827487.pdf', NULL, '2024-10-16 09:27:09.165135+00', '2024-10-16 09:27:09.165135+00', '2024-10-16 09:27:09.165135+00', '{"eTag": "\"872e47b0755c13013e47e2498010fb21\"", "size": 2289, "mimetype": "application/pdf", "cacheControl": "max-age=3600", "lastModified": "2024-10-16T09:27:10.000Z", "contentLength": 2289, "httpStatusCode": 200}', '8f95d679-65a9-49ca-ad6d-d442d2756573', NULL, '{}'),
	('4615ee0e-c3f9-4fab-a2ed-75fcc969c181', 'videos', 'interviews/1729080280011_1jzuc21sku9.webm', NULL, '2024-10-16 12:04:48.152768+00', '2024-10-16 12:04:48.152768+00', '2024-10-16 12:04:48.152768+00', '{"eTag": "\"3eb102e325b68a9ab8a3e5e4662e320a-5\"", "size": 25234682, "mimetype": "video/webm", "cacheControl": "max-age=3600", "lastModified": "2024-10-16T12:04:47.000Z", "contentLength": 25234682, "httpStatusCode": 200}', '0dc75e49-4f16-4d3f-bcf7-461658bc0219', NULL, '{}'),
	('5c67aef6-88e1-4615-9c48-592e35e77916', 'videos', 'interviews/1729087160542_0h9f7se1ostw.webm', '5acf67eb-c0a2-4b21-b7d3-404065db1567', '2024-10-16 13:59:22.161731+00', '2024-10-16 13:59:22.161731+00', '2024-10-16 13:59:22.161731+00', '{"eTag": "\"c91a1a41e46c8af70d7f448c0e402413\"", "size": 3830356, "mimetype": "video/webm", "cacheControl": "max-age=3600", "lastModified": "2024-10-16T13:59:22.000Z", "contentLength": 3830356, "httpStatusCode": 200}', '373fd7b6-83fa-419e-9432-661775ce954d', '5acf67eb-c0a2-4b21-b7d3-404065db1567', '{}'),
	('fe6ed633-4fa4-40b8-bc04-b35054269881', 'videos', 'interviews/1729090195655_63fay4wv21l.webm', 'bd9ff50d-2ce4-4f1e-9422-3c580a236b12', '2024-10-16 14:50:03.699049+00', '2024-10-16 14:50:03.699049+00', '2024-10-16 14:50:03.699049+00', '{"eTag": "\"e95ecc4ac49ae169a75096e8ac21eec7-4\"", "size": 19814296, "mimetype": "video/webm", "cacheControl": "max-age=3600", "lastModified": "2024-10-16T14:50:03.000Z", "contentLength": 19814296, "httpStatusCode": 200}', 'cdf73c21-326c-4440-804f-c509d48e173f', 'bd9ff50d-2ce4-4f1e-9422-3c580a236b12', '{}'),
	('c95008af-a00b-489a-93b3-16686c2657c9', 'seed_resume', 'Emily_Johnson_detailed_resume.pdf', NULL, '2024-10-16 06:24:18.418674+00', '2024-10-16 06:24:18.418674+00', '2024-10-16 06:24:18.418674+00', '{"eTag": "\"f30f2ff090c1a5abd9167c3abd985b7f-1\"", "size": 2029, "mimetype": "application/pdf", "cacheControl": "max-age=3600", "lastModified": "2024-10-16T06:24:19.000Z", "contentLength": 2029, "httpStatusCode": 200}', '0c3063c3-8f4f-492d-abc0-7a30f8209adf', NULL, NULL),
	('ddd810eb-e10a-4cff-be00-a372c0d52715', 'resumes', 'resumes/7a844993-3383-422d-80c7-fbaa59498556_1729065585860.pdf', NULL, '2024-10-16 07:59:47.227325+00', '2024-10-16 07:59:47.227325+00', '2024-10-16 07:59:47.227325+00', '{"eTag": "\"872e47b0755c13013e47e2498010fb21\"", "size": 2289, "mimetype": "application/pdf", "cacheControl": "max-age=3600", "lastModified": "2024-10-16T07:59:48.000Z", "contentLength": 2289, "httpStatusCode": 200}', '1cc5fe60-1612-44aa-93e6-6bae14f004c7', NULL, '{}'),
	('c705f697-546a-493e-9575-6a33e62c86c9', 'resumes', 'resumes/4b4dbacf-1d3e-4ddb-ad60-0980cd2bd72d_1729068215209.pdf', NULL, '2024-10-16 08:43:36.664937+00', '2024-10-16 08:43:36.664937+00', '2024-10-16 08:43:36.664937+00', '{"eTag": "\"872e47b0755c13013e47e2498010fb21\"", "size": 2289, "mimetype": "application/pdf", "cacheControl": "max-age=3600", "lastModified": "2024-10-16T08:43:37.000Z", "contentLength": 2289, "httpStatusCode": 200}', '4b609eea-f73f-48b0-a5e2-0b6ea79718df', NULL, '{}'),
	('d212f4d1-79e5-4a4f-932f-c23d77d615eb', 'videos', 'interviews/1729072740030_kvcu9nucx2.webm', NULL, '2024-10-16 09:59:03.598694+00', '2024-10-16 09:59:03.598694+00', '2024-10-16 09:59:03.598694+00', '{"eTag": "\"0a309ad119b35d87b6f319026e0a445c\"", "size": 2981837, "mimetype": "video/webm", "cacheControl": "max-age=3600", "lastModified": "2024-10-16T09:59:04.000Z", "contentLength": 2981837, "httpStatusCode": 200}', '5eaebdf8-177b-4b1a-b16c-9372a7481f15', NULL, '{}'),
	('473770fa-5315-44d0-a9ba-6ac2ee2136a4', 'videos', 'interviews/1729081948543_vhl26hfni6d.webm', NULL, '2024-10-16 12:32:37.358531+00', '2024-10-16 12:32:37.358531+00', '2024-10-16 12:32:37.358531+00', '{"eTag": "\"ebac48064746847fd5214a562bbfa651-6\"", "size": 29500909, "mimetype": "video/webm", "cacheControl": "max-age=3600", "lastModified": "2024-10-16T12:32:36.000Z", "contentLength": 29500909, "httpStatusCode": 200}', '792f4323-1f00-43fc-914e-211fe573e043', NULL, '{}'),
	('215145a7-b855-4d97-bb7a-1e107a7f118e', 'resumes', 'resumes/0ff58c2c-9b97-4011-9b70-44d2a23895de_1729089352264.pdf', NULL, '2024-10-16 14:35:53.032453+00', '2024-10-16 14:35:53.032453+00', '2024-10-16 14:35:53.032453+00', '{"eTag": "\"3152fedd98df8ef6b8ad7ed76a10b3bc\"", "size": 1658, "mimetype": "application/pdf", "cacheControl": "max-age=3600", "lastModified": "2024-10-16T14:35:53.000Z", "contentLength": 1658, "httpStatusCode": 200}', '767b9e7f-1169-4660-95ab-55741a41586e', NULL, '{}'),
	('23faacf3-8a64-451a-b313-d2e229674f04', 'resumes', 'resumes/b3d44017-6b55-46f9-999d-0eed1084f873_1729090527172.pdf', 'bd9ff50d-2ce4-4f1e-9422-3c580a236b12', '2024-10-16 14:55:30.725173+00', '2024-10-16 14:55:30.725173+00', '2024-10-16 14:55:30.725173+00', '{"eTag": "\"109cf59e6ad127ed867b9e30d1b9b691\"", "size": 1959, "mimetype": "application/pdf", "cacheControl": "max-age=3600", "lastModified": "2024-10-16T14:55:31.000Z", "contentLength": 1959, "httpStatusCode": 200}', '3e04f288-6849-4879-aeeb-a31337b3a519', 'bd9ff50d-2ce4-4f1e-9422-3c580a236b12', '{}'),
	('270ca911-6c25-4f71-948e-e175eb9b38fe', 'resumes', 'resumes/d1fe12df-9a69-4804-93ff-4b9cdb470c64_1729092658470.pdf', NULL, '2024-10-16 15:30:59.114575+00', '2024-10-16 15:30:59.114575+00', '2024-10-16 15:30:59.114575+00', '{"eTag": "\"3152fedd98df8ef6b8ad7ed76a10b3bc\"", "size": 1658, "mimetype": "application/pdf", "cacheControl": "max-age=3600", "lastModified": "2024-10-16T15:31:00.000Z", "contentLength": 1658, "httpStatusCode": 200}', '2908099f-7dcc-47b3-a77f-3e73542dd48b', NULL, '{}'),
	('a45d2767-af44-4bac-9133-dd3f5221668c', 'resumes', 'resumes/dcfb88f8-c65f-4fd2-8f2b-c2f5e44733fe_1729100058063.pdf', NULL, '2024-10-16 17:34:19.484846+00', '2024-10-16 17:34:19.484846+00', '2024-10-16 17:34:19.484846+00', '{"eTag": "\"bcb758f37ae1bf50125217fb206b70f8\"", "size": 1972, "mimetype": "application/pdf", "cacheControl": "max-age=3600", "lastModified": "2024-10-16T17:34:20.000Z", "contentLength": 1972, "httpStatusCode": 200}', 'e1afc3b2-2d1f-46bc-bd9c-dc96d9591f49', NULL, '{}');


--
-- Data for Name: s3_multipart_uploads; Type: TABLE DATA; Schema: storage; Owner: supabase_storage_admin
--



--
-- Data for Name: s3_multipart_uploads_parts; Type: TABLE DATA; Schema: storage; Owner: supabase_storage_admin
--



--
-- Data for Name: secrets; Type: TABLE DATA; Schema: vault; Owner: supabase_admin
--



--
-- Name: refresh_tokens_id_seq; Type: SEQUENCE SET; Schema: auth; Owner: supabase_auth_admin
--

SELECT pg_catalog.setval('"auth"."refresh_tokens_id_seq"', 821, true);


--
-- Name: key_key_id_seq; Type: SEQUENCE SET; Schema: pgsodium; Owner: supabase_admin
--

SELECT pg_catalog.setval('"pgsodium"."key_key_id_seq"', 1, false);


--
-- PostgreSQL database dump complete
--

RESET ALL;
