SET session_replication_role = replica;

--
-- PostgreSQL database dump
--

-- Dumped from database version 15.6
-- Dumped by pg_dump version 15.7 (Ubuntu 15.7-1.pgdg20.04+1)

SET statement_timeout = 0;
SET lock_timeout = 0;
SET idle_in_transaction_session_timeout = 0;
SET client_encoding = 'UTF8';
SET standard_conforming_strings = on;
SELECT pg_catalog.set_config('search_path', '', false);
SET check_function_bodies = false;
SET xmloption = content;
SET client_min_messages = warning;
SET row_security = off;

--
-- Data for Name: users; Type: TABLE DATA; Schema: auth; Owner: supabase_auth_admin
--

INSERT INTO "auth"."users" ("instance_id", "id", "aud", "role", "email", "encrypted_password", "email_confirmed_at", "invited_at", "confirmation_token", "confirmation_sent_at", "recovery_token", "recovery_sent_at", "email_change_token_new", "email_change", "email_change_sent_at", "last_sign_in_at", "raw_app_meta_data", "raw_user_meta_data", "is_super_admin", "created_at", "updated_at", "phone", "phone_confirmed_at", "phone_change", "phone_change_token", "phone_change_sent_at", "email_change_token_current", "email_change_confirm_status", "banned_until", "reauthentication_token", "reauthentication_sent_at", "is_sso_user", "deleted_at", "is_anonymous") VALUES
	('00000000-0000-0000-0000-000000000000', '7b83fd6e-623a-4fbe-858f-f0fad1166bc9', 'authenticated', 'authenticated', 'dheeraj+504@aglinthq.com', '$2a$10$x.pyBOqZRP9wRPhmBI1Ex.ypvHDEyT8bveyFkU3Vy3uQhgkb90SLa', '2024-10-25 06:15:20.844968+00', NULL, '', '2024-10-25 06:15:05.700831+00', '', NULL, '', '', NULL, '2024-10-25 06:15:21.387646+00', '{"provider": "email", "providers": ["email"]}', '{}', NULL, '2024-10-25 06:15:03.520197+00', '2024-10-25 06:15:21.390929+00', NULL, NULL, '', '', NULL, '', 0, NULL, '', NULL, false, NULL, false),
	('00000000-0000-0000-0000-000000000000', '65d29206-cc02-43c5-8cc4-1302f1cc847d', 'authenticated', 'authenticated', 'dheeraj+501@aglinthq.com', '$2a$10$B1vdIkPLq/yUJPDjAs/6o.0vnKj4Zhr7zVBVyoZzyF2o4T6sSq3S.', '2024-10-24 14:55:21.805367+00', NULL, '', '2024-10-24 14:55:06.444922+00', '', NULL, '', '', NULL, '2024-10-24 14:55:23.02066+00', '{"provider": "email", "providers": ["email"]}', '{}', NULL, '2024-10-24 14:55:03.870084+00', '2024-10-25 03:18:04.956587+00', NULL, NULL, '', '', NULL, '', 0, NULL, '', NULL, false, NULL, false),
	('00000000-0000-0000-0000-000000000000', '4694e152-cb0f-46e5-b4db-0c5079b90338', 'authenticated', 'authenticated', 'dheeraj@aglinthq.com', '$2a$10$YM4F5631VrKiMVA/fZAcDuw0CiDCelep.fbqsGMTGsHFL5y1c4DqW', NULL, NULL, 'pkce_0de4e9530775bcafc83bf439b834c74e737f4ac45974ee20a0b22947', '2024-10-25 06:04:31.935824+00', '', NULL, '', '', NULL, NULL, '{"provider": "email", "providers": ["email"]}', '{}', NULL, '2024-10-25 06:04:29.449218+00', '2024-10-25 06:04:34.416807+00', NULL, NULL, '', '', NULL, '', 0, NULL, '', NULL, false, NULL, false),
	('00000000-0000-0000-0000-000000000000', '1897534a-ef34-41c7-b6ec-d4fcf44ac2ad', 'authenticated', 'authenticated', 'dheeraj+505@aglinthq.com', '$2a$10$IjwE0EULH4PvtYlrARGVFuVWxoIrXCjzMFGBH9iyGMwA0k9yYQmTO', '2024-10-25 06:23:06.762897+00', NULL, '', '2024-10-25 06:22:17.236145+00', '', NULL, '', '', NULL, '2024-10-25 06:23:07.367261+00', '{"provider": "email", "providers": ["email"]}', '{}', NULL, '2024-10-25 06:22:14.805295+00', '2024-10-25 06:23:07.368907+00', NULL, NULL, '', '', NULL, '', 0, NULL, '', NULL, false, NULL, false),
	('00000000-0000-0000-0000-000000000000', '9d8e47a1-8ee8-4245-98fc-caa1a0558d7c', 'authenticated', 'authenticated', 'dheeraj+503@aglinthq.com', '$2a$10$ke6F6Sddu1A37vVgvzJ.1uHf0V.b05cZtylyXlm28LMVzzw/rae/m', '2024-10-25 06:14:19.891118+00', NULL, '', '2024-10-25 06:13:20.616377+00', '', NULL, '', '', NULL, '2024-10-25 06:14:20.542341+00', '{"provider": "email", "providers": ["email"]}', '{}', NULL, '2024-10-25 06:13:18.048842+00', '2024-10-25 06:14:20.547899+00', NULL, NULL, '', '', NULL, '', 0, NULL, '', NULL, false, NULL, false),
	('00000000-0000-0000-0000-000000000000', '7c47f1b4-8aa0-43b7-8050-11d4a8f14fc4', 'authenticated', 'authenticated', 'ravi@aglinthq.com', '$2a$10$.klQ3winkbtjgZW1Xun3iuDyMwYGBK20nNHHaGI/nN4BOojyQAxl6', '2024-10-17 10:52:28.253663+00', NULL, '', NULL, '', NULL, '', '', NULL, '2024-10-20 06:16:58.065682+00', '{"provider": "email", "providers": ["email"]}', '{"sub": "7c47f1b4-8aa0-43b7-8050-11d4a8f14fc4", "email": "ravi@aglinthq.com", "email_verified": false, "phone_verified": false}', NULL, '2024-10-17 10:52:28.24779+00', '2024-10-21 03:34:59.312751+00', NULL, NULL, '', '', NULL, '', 0, NULL, '', NULL, false, NULL, false),
	('00000000-0000-0000-0000-000000000000', '72d21dd6-0370-4528-8d80-bb2fb578bd3b', 'authenticated', 'authenticated', 'dheeraj+506@aglinthq.com', '$2a$10$z6fqao7NYuv.mX9pY4cPheEpBRFqNXI8ctYjf7C4fqpvsEcHPNFHi', '2024-10-25 06:28:18.910275+00', NULL, '', '2024-10-25 06:28:09.497956+00', '', NULL, '', '', NULL, '2024-10-25 06:28:19.466051+00', '{"provider": "email", "providers": ["email"]}', '{}', NULL, '2024-10-25 06:28:07.031181+00', '2024-10-25 06:28:19.476485+00', NULL, NULL, '', '', NULL, '', 0, NULL, '', NULL, false, NULL, false),
	('00000000-0000-0000-0000-000000000000', 'ed297184-1262-4cc1-8f12-51d36de7a58e', 'authenticated', 'authenticated', 'punithg+abc@aglinthq.com', '$2a$10$pkzhx0sLFV8E7dzNBzKt0uS8.r73QG69JsD/p3vRXYQJvG/zSIXTi', '2024-10-18 06:05:11.733788+00', NULL, '', NULL, '', NULL, '', '', NULL, '2024-10-18 10:50:06.441776+00', '{"provider": "email", "providers": ["email"]}', '{"sub": "ed297184-1262-4cc1-8f12-51d36de7a58e", "email": "punithg+abc@aglinthq.com", "email_verified": false, "phone_verified": false}', NULL, '2024-10-18 06:05:11.724692+00', '2024-10-23 11:46:50.38522+00', NULL, NULL, '', '', NULL, '', 0, NULL, '', NULL, false, NULL, false),
	('00000000-0000-0000-0000-000000000000', '4bffd303-f3bf-4409-bc88-07f3584c4b5a', 'authenticated', 'authenticated', 'dheeraj+507@aglinthq.com', '$2a$10$QV01lqpAlvLrPFshp7fIR.m6anusSbm27n44OYSojnFgcAw5V8p7G', '2024-10-25 07:21:04.645612+00', NULL, '', '2024-10-25 07:20:36.809867+00', '', '2024-10-25 07:24:41.802302+00', '', '', NULL, '2024-10-25 07:24:53.981018+00', '{"provider": "email", "providers": ["email"]}', '{}', NULL, '2024-10-25 07:20:34.505547+00', '2024-10-25 07:24:53.985291+00', NULL, NULL, '', '', NULL, '', 0, NULL, '', NULL, false, NULL, false),
	('00000000-0000-0000-0000-000000000000', '43f467ce-9a96-49a6-bbc5-251d33ad7be1', 'authenticated', 'authenticated', 'hospital+1@aglinthq.com', '$2a$10$vlqU4n/v8kfUtLtoxVPZyOufmQohe4/B0KXbPCzWrMvQe850.inre', '2024-10-17 09:17:55.132253+00', NULL, '', NULL, '', NULL, '', '', NULL, '2024-10-17 09:17:55.136057+00', '{"provider": "email", "providers": ["email"]}', '{"sub": "43f467ce-9a96-49a6-bbc5-251d33ad7be1", "email": "hospital+1@aglinthq.com", "email_verified": false, "phone_verified": false}', NULL, '2024-10-17 09:17:55.124224+00', '2024-10-17 09:17:55.137971+00', NULL, NULL, '', '', NULL, '', 0, NULL, '', NULL, false, NULL, false),
	('00000000-0000-0000-0000-000000000000', 'f10446c9-8bb2-4c35-866d-3db2cdcdd1d5', 'authenticated', 'authenticated', 'dheeraj+508@aglinthq.com', '$2a$10$sEfFwySLp2myeWl/aXkbzuyfE7mR5oeZhh1IEbQiC0tBMqkUYyx9e', '2024-10-25 08:24:16.521668+00', NULL, '', '2024-10-25 08:21:19.551723+00', '', NULL, '', '', NULL, '2024-10-25 08:24:17.733633+00', '{"provider": "email", "providers": ["email"]}', '{}', NULL, '2024-10-25 08:21:17.11623+00', '2024-10-25 09:24:28.966446+00', NULL, NULL, '', '', NULL, '', 0, NULL, '', NULL, false, NULL, false),
	('00000000-0000-0000-0000-000000000000', '9d28d88c-980c-41db-8382-cdf8b8492578', 'authenticated', 'authenticated', 'hospital+2@aglinthq.com', '$2a$10$AVcrOj9gU7waYtMCj.WIYOCBmgJVtE3jsLb7.yIKOw7tUUTi2cjdu', '2024-10-17 09:25:59.790193+00', NULL, '', NULL, '', NULL, '', '', NULL, '2024-10-17 09:25:59.793228+00', '{"provider": "email", "providers": ["email"]}', '{"sub": "9d28d88c-980c-41db-8382-cdf8b8492578", "email": "hospital+2@aglinthq.com", "email_verified": false, "phone_verified": false}', NULL, '2024-10-17 09:25:59.782353+00', '2024-10-17 09:26:29.274769+00', NULL, NULL, '', '', NULL, '', 0, NULL, '', NULL, false, NULL, false),
	('00000000-0000-0000-0000-000000000000', '3f3d25f4-a07a-4896-a42e-8893e247798b', 'authenticated', 'authenticated', 'dheeraj+509@aglinthq.com', '$2a$10$gKemOUc08FJs2uaIIeN8AeACT1XZ5BQmgCd6IeX4lgai71An0jW8m', '2024-10-25 09:27:21.136102+00', NULL, '', '2024-10-25 09:27:08.675227+00', '', NULL, '', '', NULL, '2024-10-25 09:27:22.399639+00', '{"provider": "email", "providers": ["email"]}', '{}', NULL, '2024-10-25 09:27:06.109668+00', '2024-10-25 09:27:22.403546+00', NULL, NULL, '', '', NULL, '', 0, NULL, '', NULL, false, NULL, false),
	('00000000-0000-0000-0000-000000000000', '74053640-ffa5-4147-9a68-692413df6e93', 'authenticated', 'authenticated', 'chinmai@aglinthq.com', '$2a$10$KSfWcVRxpQ98LnYkhN48oO5fIXZO23iYhMRNKrBoKhe/5pBU1Z4iq', '2024-10-24 16:03:40.918598+00', NULL, '', '2024-10-24 16:03:22.785756+00', 'pkce_bb8f24b824c069f4d3c35f8300f4593fee7e1e4e3c976c920b46ccda', '2024-10-25 04:50:45.19564+00', '', '', NULL, '2024-10-24 16:03:42.067234+00', '{"provider": "email", "providers": ["email"]}', '{}', NULL, '2024-10-24 16:03:20.821249+00', '2024-10-25 05:18:25.724196+00', NULL, NULL, '', '', NULL, '', 0, NULL, '', NULL, false, NULL, false),
	('00000000-0000-0000-0000-000000000000', '79336f0c-2287-4426-afa7-e298497cdcc6', 'authenticated', 'authenticated', 'chinmai+1@aglinthq.com', '$2a$10$Ls9W0lCzvb.aBGlxo.uDO.GjakjNhaOCkoB4u6R0JSk85iyjjr2na', '2024-10-24 16:05:56.222011+00', NULL, '', '2024-10-24 16:05:47.615509+00', '', NULL, '', '', NULL, '2024-10-24 16:05:56.75981+00', '{"provider": "email", "providers": ["email"]}', '{}', NULL, '2024-10-24 16:05:43.600994+00', '2024-10-25 05:16:33.393871+00', NULL, NULL, '', '', NULL, '', 0, NULL, '', NULL, false, NULL, false),
	('00000000-0000-0000-0000-000000000000', 'dd5333d0-3a02-491f-b1b7-ad053f5321cd', 'authenticated', 'authenticated', 'hospital@aglinthq.com', '$2a$10$RCC8aYcALnmdYg0fTPAGu.E2cSv49SfTZBU9vnBrSiU.iAyaVwy1e', '2024-10-16 12:23:43.108671+00', NULL, '', NULL, '', NULL, '', '', NULL, '2024-10-25 08:09:06.775367+00', '{"provider": "email", "providers": ["email"]}', '{"sub": "dd5333d0-3a02-491f-b1b7-ad053f5321cd", "email": "hospital@aglinthq.com", "email_verified": false, "phone_verified": false}', NULL, '2024-10-16 12:23:43.099825+00', '2024-10-25 09:49:16.375744+00', NULL, NULL, '', '', NULL, '', 0, NULL, '', NULL, false, NULL, false);


--
-- Data for Name: identities; Type: TABLE DATA; Schema: auth; Owner: supabase_auth_admin
--

INSERT INTO "auth"."identities" ("provider_id", "user_id", "identity_data", "provider", "last_sign_in_at", "created_at", "updated_at", "id") VALUES
	('65d29206-cc02-43c5-8cc4-1302f1cc847d', '65d29206-cc02-43c5-8cc4-1302f1cc847d', '{"sub": "65d29206-cc02-43c5-8cc4-1302f1cc847d", "email": "dheeraj+501@aglinthq.com", "email_verified": false, "phone_verified": false}', 'email', '2024-10-24 14:55:03.871183+00', '2024-10-24 14:55:03.871238+00', '2024-10-24 14:55:03.871238+00', '6109e200-5b43-4e8b-afbe-759cb3e2fb0c'),
	('79336f0c-2287-4426-afa7-e298497cdcc6', '79336f0c-2287-4426-afa7-e298497cdcc6', '{"sub": "79336f0c-2287-4426-afa7-e298497cdcc6", "email": "chinmai+1@aglinthq.com", "email_verified": false, "phone_verified": false}', 'email', '2024-10-24 16:05:43.604814+00', '2024-10-24 16:05:43.604902+00', '2024-10-24 16:05:43.604902+00', '4545d24f-c805-4b90-9eed-9689dcb27122'),
	('f10446c9-8bb2-4c35-866d-3db2cdcdd1d5', 'f10446c9-8bb2-4c35-866d-3db2cdcdd1d5', '{"sub": "f10446c9-8bb2-4c35-866d-3db2cdcdd1d5", "email": "dheeraj+508@aglinthq.com", "email_verified": false, "phone_verified": false}', 'email', '2024-10-25 08:21:17.12022+00', '2024-10-25 08:21:17.120282+00', '2024-10-25 08:21:17.120282+00', '9522ea04-43ad-42ea-8819-bca0a1e4b21d'),
	('7c47f1b4-8aa0-43b7-8050-11d4a8f14fc4', '7c47f1b4-8aa0-43b7-8050-11d4a8f14fc4', '{"sub": "7c47f1b4-8aa0-43b7-8050-11d4a8f14fc4", "email": "ravi@aglinthq.com", "email_verified": false, "phone_verified": false}', 'email', '2024-10-17 10:52:28.250812+00', '2024-10-17 10:52:28.250859+00', '2024-10-17 10:52:28.250859+00', '9c24ad4d-23fa-4992-9724-cbf194b85eb1'),
	('4694e152-cb0f-46e5-b4db-0c5079b90338', '4694e152-cb0f-46e5-b4db-0c5079b90338', '{"sub": "4694e152-cb0f-46e5-b4db-0c5079b90338", "email": "dheeraj@aglinthq.com", "email_verified": false, "phone_verified": false}', 'email', '2024-10-25 06:04:29.459483+00', '2024-10-25 06:04:29.459562+00', '2024-10-25 06:04:29.459562+00', '08eb3af4-7213-4dd1-9eba-febfbb5e279b'),
	('3f3d25f4-a07a-4896-a42e-8893e247798b', '3f3d25f4-a07a-4896-a42e-8893e247798b', '{"sub": "3f3d25f4-a07a-4896-a42e-8893e247798b", "email": "dheeraj+509@aglinthq.com", "email_verified": false, "phone_verified": false}', 'email', '2024-10-25 09:27:06.114843+00', '2024-10-25 09:27:06.114895+00', '2024-10-25 09:27:06.114895+00', '079aa0cf-4d1d-4f5c-95f6-a77c401ca928'),
	('9d8e47a1-8ee8-4245-98fc-caa1a0558d7c', '9d8e47a1-8ee8-4245-98fc-caa1a0558d7c', '{"sub": "9d8e47a1-8ee8-4245-98fc-caa1a0558d7c", "email": "dheeraj+503@aglinthq.com", "email_verified": false, "phone_verified": false}', 'email', '2024-10-25 06:13:18.052615+00', '2024-10-25 06:13:18.052672+00', '2024-10-25 06:13:18.052672+00', '3d441cbc-4692-41f5-be40-f839ea218d09'),
	('7b83fd6e-623a-4fbe-858f-f0fad1166bc9', '7b83fd6e-623a-4fbe-858f-f0fad1166bc9', '{"sub": "7b83fd6e-623a-4fbe-858f-f0fad1166bc9", "email": "dheeraj+504@aglinthq.com", "email_verified": false, "phone_verified": false}', 'email', '2024-10-25 06:15:03.52137+00', '2024-10-25 06:15:03.521426+00', '2024-10-25 06:15:03.521426+00', '97839646-d8aa-4954-a8e4-5994765225f5'),
	('dd5333d0-3a02-491f-b1b7-ad053f5321cd', 'dd5333d0-3a02-491f-b1b7-ad053f5321cd', '{"sub": "dd5333d0-3a02-491f-b1b7-ad053f5321cd", "email": "hospital@aglinthq.com", "email_verified": false, "phone_verified": false}', 'email', '2024-10-16 12:23:43.105046+00', '2024-10-16 12:23:43.105096+00', '2024-10-16 12:23:43.105096+00', '613b81d9-c38e-41e3-bbde-22c6e9c26065'),
	('43f467ce-9a96-49a6-bbc5-251d33ad7be1', '43f467ce-9a96-49a6-bbc5-251d33ad7be1', '{"sub": "43f467ce-9a96-49a6-bbc5-251d33ad7be1", "email": "hospital+1@aglinthq.com", "email_verified": false, "phone_verified": false}', 'email', '2024-10-17 09:17:55.128928+00', '2024-10-17 09:17:55.128983+00', '2024-10-17 09:17:55.128983+00', '368de4d8-2bb2-491e-9b2c-dea95ba49508'),
	('9d28d88c-980c-41db-8382-cdf8b8492578', '9d28d88c-980c-41db-8382-cdf8b8492578', '{"sub": "9d28d88c-980c-41db-8382-cdf8b8492578", "email": "hospital+2@aglinthq.com", "email_verified": false, "phone_verified": false}', 'email', '2024-10-17 09:25:59.78699+00', '2024-10-17 09:25:59.787038+00', '2024-10-17 09:25:59.787038+00', '71541453-d6f3-4141-b58a-57681151f84f'),
	('ed297184-1262-4cc1-8f12-51d36de7a58e', 'ed297184-1262-4cc1-8f12-51d36de7a58e', '{"sub": "ed297184-1262-4cc1-8f12-51d36de7a58e", "email": "punithg+abc@aglinthq.com", "email_verified": false, "phone_verified": false}', 'email', '2024-10-18 06:05:11.730466+00', '2024-10-18 06:05:11.730517+00', '2024-10-18 06:05:11.730517+00', 'f07c008d-e911-44f1-9abb-00a7e3e72bd1'),
	('1897534a-ef34-41c7-b6ec-d4fcf44ac2ad', '1897534a-ef34-41c7-b6ec-d4fcf44ac2ad', '{"sub": "1897534a-ef34-41c7-b6ec-d4fcf44ac2ad", "email": "dheeraj+505@aglinthq.com", "email_verified": false, "phone_verified": false}', 'email', '2024-10-25 06:22:14.807984+00', '2024-10-25 06:22:14.808038+00', '2024-10-25 06:22:14.808038+00', 'dc5488ff-0af4-4e0d-9a1d-0b8445411997'),
	('72d21dd6-0370-4528-8d80-bb2fb578bd3b', '72d21dd6-0370-4528-8d80-bb2fb578bd3b', '{"sub": "72d21dd6-0370-4528-8d80-bb2fb578bd3b", "email": "dheeraj+506@aglinthq.com", "email_verified": false, "phone_verified": false}', 'email', '2024-10-25 06:28:07.056185+00', '2024-10-25 06:28:07.056254+00', '2024-10-25 06:28:07.056254+00', '4a9b2a0e-5e1b-4ede-b8fd-ea42278c7f87'),
	('74053640-ffa5-4147-9a68-692413df6e93', '74053640-ffa5-4147-9a68-692413df6e93', '{"sub": "74053640-ffa5-4147-9a68-692413df6e93", "email": "chinmai@aglinthq.com", "email_verified": false, "phone_verified": false}', 'email', '2024-10-24 16:03:20.824071+00', '2024-10-24 16:03:20.824124+00', '2024-10-24 16:03:20.824124+00', '778226b0-3eeb-4a03-955c-d549c7ffcff1'),
	('4bffd303-f3bf-4409-bc88-07f3584c4b5a', '4bffd303-f3bf-4409-bc88-07f3584c4b5a', '{"sub": "4bffd303-f3bf-4409-bc88-07f3584c4b5a", "email": "dheeraj+507@aglinthq.com", "email_verified": false, "phone_verified": false}', 'email', '2024-10-25 07:20:34.509077+00', '2024-10-25 07:20:34.509136+00', '2024-10-25 07:20:34.509136+00', '842aeac6-f7d7-48dd-b720-ba51ebb3a58a');


--
-- Data for Name: instances; Type: TABLE DATA; Schema: auth; Owner: supabase_auth_admin
--



--
-- Data for Name: mfa_factors; Type: TABLE DATA; Schema: auth; Owner: supabase_auth_admin
--



--
-- Data for Name: mfa_challenges; Type: TABLE DATA; Schema: auth; Owner: supabase_auth_admin
--



--
-- Data for Name: sso_providers; Type: TABLE DATA; Schema: auth; Owner: supabase_auth_admin
--



--
-- Data for Name: saml_providers; Type: TABLE DATA; Schema: auth; Owner: supabase_auth_admin
--



--
-- Data for Name: saml_relay_states; Type: TABLE DATA; Schema: auth; Owner: supabase_auth_admin
--



--
-- Data for Name: sso_domains; Type: TABLE DATA; Schema: auth; Owner: supabase_auth_admin
--



--
-- Data for Name: key; Type: TABLE DATA; Schema: pgsodium; Owner: supabase_admin
--



--
-- Data for Name: agency; Type: TABLE DATA; Schema: public; Owner: postgres
--

INSERT INTO "public"."agency" ("id", "name", "address", "contact_email", "created_at", "contact_number") VALUES
	('e7d5ff76-fab3-444b-be00-9fca3e0185c2', 'Appollo', 'Bla bla', 'chinmai@aglinthq.com', '2024-10-16 12:24:22.598245+00', '919482306657'),
	('a058eb6a-9d78-4ed1-bdad-df1d27bc7fa4', 'asdasd', '', 'asdasd@gmail.com', '2024-10-17 09:17:57.605988+00', ''),
	('60e9259e-0faf-4699-bb9b-1644ac0497dc', 'Test', 'Test', 'chinmai@aglinthq.com', '2024-10-17 09:26:02.313966+00', '919482306657'),
	('21aedda9-fa0b-49b0-80ab-ef90703636a6', 'Ravi''s Care', '101 Harrioson Street', 'ravi@aglinthq.com', '2024-10-17 10:52:29.237218+00', '919880201998'),
	('479cf493-13b7-4e66-a929-fe1507618959', 'Apollo', '123. ', 'punithg+abc@aglinthq.com', '2024-10-18 06:05:13.355272+00', '919999999999');


--
-- Data for Name: user; Type: TABLE DATA; Schema: public; Owner: postgres
--

INSERT INTO "public"."user" ("created_at", "first_name", "last_name", "email", "id", "user_role") VALUES
	('2024-10-24 16:05:43.855604+00', 'Chinmai C R', '', 'chinmai+1@aglinthq.com', '79336f0c-2287-4426-afa7-e298497cdcc6', 'applicant_user'),
	('2024-10-25 06:13:18.29729+00', 'Dheeraj', 'Kumar', 'dheeraj+503@aglinthq.com', '9d8e47a1-8ee8-4245-98fc-caa1a0558d7c', 'applicant_user'),
	('2024-10-25 06:22:15.074479+00', 'Dheeraj', 'Kumar', 'dheeraj+505@aglinthq.com', '1897534a-ef34-41c7-b6ec-d4fcf44ac2ad', 'applicant_user'),
	('2024-10-25 07:20:34.702863+00', 'Dheeraj', 'Kumar', 'dheeraj+507@aglinthq.com', '4bffd303-f3bf-4409-bc88-07f3584c4b5a', 'applicant_user'),
	('2024-10-25 09:27:06.377093+00', 'Dheeraj', 'Kumar', 'dheeraj+509@aglinthq.com', '3f3d25f4-a07a-4896-a42e-8893e247798b', 'applicant_user'),
	('2024-10-24 14:55:04.124588+00', 'Dheeraj', 'Kumar', 'dheeraj+501@aglinthq.com', '65d29206-cc02-43c5-8cc4-1302f1cc847d', 'applicant_user'),
	('2024-10-23 11:18:01.131854+00', 'Chinmai ', 'C R', 'hospital@aglinthq.com', 'dd5333d0-3a02-491f-b1b7-ad053f5321cd', 'agency_user'),
	('2024-10-24 16:03:21.021811+00', 'Chinmai C R', '', 'chinmai@aglinthq.com', '74053640-ffa5-4147-9a68-692413df6e93', 'applicant_user'),
	('2024-10-25 06:04:29.91286+00', 'Dheeraj', 'Kumar', 'dheeraj@aglinthq.com', '4694e152-cb0f-46e5-b4db-0c5079b90338', 'applicant_user'),
	('2024-10-25 06:15:03.708795+00', 'Dheeraj', 'Kumar', 'dheeraj+504@aglinthq.com', '7b83fd6e-623a-4fbe-858f-f0fad1166bc9', 'applicant_user'),
	('2024-10-25 06:28:07.293463+00', 'Dheeraj', 'Kumar', 'dheeraj+506@aglinthq.com', '72d21dd6-0370-4528-8d80-bb2fb578bd3b', 'applicant_user'),
	('2024-10-25 08:21:17.355915+00', 'Dheeraj', 'Kumar', 'dheeraj+508@aglinthq.com', 'f10446c9-8bb2-4c35-866d-3db2cdcdd1d5', 'applicant_user'),
	('2024-10-23 11:18:01.131854+00', 'Chinmai', 'C R', 'hospital+1@aglinthq.com', '43f467ce-9a96-49a6-bbc5-251d33ad7be1', 'agency_user'),
	('2024-10-23 11:18:01.131854+00', 'Chinmai', 'C R', 'hospital+2@aglinthq.com', '9d28d88c-980c-41db-8382-cdf8b8492578', 'agency_user'),
	('2024-10-23 11:18:01.131854+00', 'Ravi', 'K', 'ravi@aglinthq.com', '7c47f1b4-8aa0-43b7-8050-11d4a8f14fc4', 'agency_user'),
	('2024-10-23 11:18:01.131854+00', 'Punith', 'G', 'punithg+abc@aglinthq.com', 'ed297184-1262-4cc1-8f12-51d36de7a58e', 'agency_user');


--
-- Data for Name: agency_user; Type: TABLE DATA; Schema: public; Owner: postgres
--

INSERT INTO "public"."agency_user" ("id", "agency_id") VALUES
	('dd5333d0-3a02-491f-b1b7-ad053f5321cd', 'e7d5ff76-fab3-444b-be00-9fca3e0185c2'),
	('43f467ce-9a96-49a6-bbc5-251d33ad7be1', 'a058eb6a-9d78-4ed1-bdad-df1d27bc7fa4'),
	('9d28d88c-980c-41db-8382-cdf8b8492578', '60e9259e-0faf-4699-bb9b-1644ac0497dc'),
	('7c47f1b4-8aa0-43b7-8050-11d4a8f14fc4', '21aedda9-fa0b-49b0-80ab-ef90703636a6'),
	('ed297184-1262-4cc1-8f12-51d36de7a58e', '479cf493-13b7-4e66-a929-fe1507618959');


--
-- Data for Name: applicant_user; Type: TABLE DATA; Schema: public; Owner: postgres
--

INSERT INTO "public"."applicant_user" ("id", "phone_number", "created_at", "terms_accepted", "job_title", "open_to_work", "salary_range", "preferred_travel_preference") VALUES
	('65d29206-cc02-43c5-8cc4-1302f1cc847d', NULL, '2024-10-24 14:55:04.386974+00', false, 'nurse-practitioner', false, NULL, NULL),
	('74053640-ffa5-4147-9a68-692413df6e93', NULL, '2024-10-24 16:03:21.213781+00', false, 'nurse-practitioner', false, NULL, NULL),
	('79336f0c-2287-4426-afa7-e298497cdcc6', NULL, '2024-10-24 16:05:44.521837+00', false, 'nurse-practitioner', false, NULL, NULL),
	('4694e152-cb0f-46e5-b4db-0c5079b90338', NULL, '2024-10-25 06:04:30.105711+00', true, 'nurse-practitioner', false, NULL, NULL),
	('9d8e47a1-8ee8-4245-98fc-caa1a0558d7c', NULL, '2024-10-25 06:13:18.494185+00', true, 'nurse-practitioner', false, NULL, NULL),
	('7b83fd6e-623a-4fbe-858f-f0fad1166bc9', NULL, '2024-10-25 06:15:03.913833+00', true, 'nurse-practitioner', false, NULL, NULL),
	('1897534a-ef34-41c7-b6ec-d4fcf44ac2ad', NULL, '2024-10-25 06:22:15.251836+00', true, 'nurse-practitioner', false, NULL, NULL),
	('72d21dd6-0370-4528-8d80-bb2fb578bd3b', NULL, '2024-10-25 06:28:07.489412+00', true, 'nurse-practitioner', false, NULL, NULL),
	('4bffd303-f3bf-4409-bc88-07f3584c4b5a', NULL, '2024-10-25 07:20:34.878443+00', true, 'nurse-practitioner', false, NULL, NULL),
	('f10446c9-8bb2-4c35-866d-3db2cdcdd1d5', NULL, '2024-10-25 08:21:17.556431+00', true, 'nurse-practitioner', false, NULL, NULL),
	('3f3d25f4-a07a-4896-a42e-8893e247798b', NULL, '2024-10-25 09:27:06.599909+00', true, 'nurse-practitioner', false, NULL, NULL);


--
-- Data for Name: template; Type: TABLE DATA; Schema: public; Owner: postgres
--

INSERT INTO "public"."template" ("id", "created_at", "name", "agency_id") VALUES
	('d480898d-6802-4be7-a701-dd3b306eb09d', '2024-10-17 15:49:58.215103+00', 'Basic Nursing Interview', 'e7d5ff76-fab3-444b-be00-9fca3e0185c2');


--
-- Data for Name: version; Type: TABLE DATA; Schema: public; Owner: postgres
--

INSERT INTO "public"."version" ("id", "created_at", "ai_ending_message", "ai_instructions", "ai_interview_duration", "ai_questions", "ai_welcome_message", "candidate_estimated_time", "candidate_instructions", "candidate_intro_video_cover_image_url", "candidate_intro_video_url", "candidate_overview", "updated_at", "template_id", "status", "name", "agency_id") VALUES
	('b253058d-5cbc-46da-8b67-8c9b26c13b77', '2024-10-13 10:15:35.124397+00', 'Thank you for completing the interview.', '{"Can you tell me about your nursing background and what inspired you to pursue a career in nursing?","What areas of nursing have you specialized in, and why did you choose those specialties?","How do you prioritize patient care when dealing with multiple patients with different levels of acuity?","Can you describe a time when you had to handle a medical emergency? What steps did you take, and what was the outcome?","How do you stay updated with the latest medical advancements and practices in nursing?","You’re working with a patient post-surgery, and they suddenly report difficulty breathing. What immediate actions would you take?","You notice that a patient’s medication dosage is incorrect on the chart. What steps would you follow to resolve this issue?","How do you handle conflict within a healthcare team, especially when it comes to differences in patient care approaches?","Can you give an example of how you''ve collaborated with doctors or other healthcare professionals to improve patient outcomes?","How do you ensure that patients feel comfortable and cared for during their hospital stay?","Describe a time when you provided emotional support to a patient or their family during a difficult situation.","What do you think is the most important quality a nurse should possess, and how do you embody that in your work?","How do you maintain work-life balance while working in a demanding healthcare environment?","What are your career goals in nursing, and how do you see yourself growing in this profession?"}', 9, 'Background and Experience:
- Can you walk me through your most recent experience at [specific company or job]? What were your primary responsibilities in your most recent role?
- What specific patient populations have you worked with, and what challenges did you face in those settings?
- Can you describe a situation where you had to advocate for a patient? What was the outcome?
- What nursing specialties are you most passionate about? Follow-up: Why did you choose [mentioned] areas?

Skills and Competencies:
- Your resume mentions [specific skill or certification]. Can you elaborate on how you’ve applied this in your previous roles?
- How do you prioritize tasks when managing multiple patients? Can you provide an example?
- Can you discuss your experience with electronic health records (EHR) systems? Which platforms have you used?
- What strategies do you use to maintain effective communication with your team and patients?

Education and Professional Development:
- How has your education prepared you for your nursing career? Are there specific courses or experiences you found particularly valuable?
- What additional training or certifications are you currently pursuing or interested in?

Feedback and Self-Assessment:
- Reflecting on your previous roles, what feedback have you received from supervisors or peers? How have you used this feedback to improve your practice?
- What do you consider your greatest strength, and how does it benefit your patients and team?

Career Goals and Fit:
- What are you looking for in your next nursing position? Are there specific elements of a job that are particularly important to you?
- How do you envision your career progressing in the next few years? What steps are you taking to achieve those goals?
- What type of work environment do you thrive in, and why?

Location and Type of Roles:
- Are you open to traveling or relocating for your next position? If so, which locations interest you?
- Which other types of roles will you consider that may provide a career path to the [job candidate is interested in] role?

Closing:
- Is there anything else from your resume or experience that you feel is important for us to discuss?
- Do you have any questions for me?
', 'Welcome to the nursing interview!
', '10 minutes', '{"Can you tell me about your nursing background and what inspired you to pursue a career in nursing?","What areas of nursing have you specialized in, and why did you choose those specialties?","How do you prioritize patient care when dealing with multiple patients with different levels of acuity?","Can you describe a time when you had to handle a medical emergency? What steps did you take, and what was the outcome?","How do you stay updated with the latest medical advancements and practices in nursing?","You’re working with a patient post-surgery, and they suddenly report difficulty breathing. What immediate actions would you take?","You notice that a patient’s medication dosage is incorrect on the chart. What steps would you follow to resolve this issue?","How do you handle conflict within a healthcare team, especially when it comes to differences in patient care approaches?","How do you ensure that patients feel comfortable and cared for during their hospital stay?","Describe a time when you provided emotional support to a patient or their family during a difficult situation.","What do you think is the most important quality a nurse should possess, and how do you embody that in your work?","How do you maintain work-life balance while working in a demanding healthcare environment?","Can you give an example of how you''ve collaborated with doctors or other healthcare professionals to improve patient outcomes?","What are your career goals in nursing, and how do you see yourself growing in this profession?"}', '/images/instructions-cover.png', 'https://resource.heygencdn.com/AIAvatars/caption.mp4', '{"This interview will assess your skills",sfda}', '2024-10-13 10:15:35.124397+00', 'd480898d-6802-4be7-a701-dd3b306eb09d', 'active', 'Version 2', 'e7d5ff76-fab3-444b-be00-9fca3e0185c2'),
	('b253058d-5cbc-46da-8b67-8c9b26c13b76', '2024-10-13 10:15:35.124397+00', 'Thank you for completing the interview.', '{"Ask follow-up questions if needed","Provide clear instructions",asdfasd}', 10, 'Background and Experience:
- Can you walk me through your most recent experience at [specific company or job]? What were your primary responsibilities in your most recent role?
- What specific patient populations have you worked with, and what challenges did you face in those settings?
- Can you describe a situation where you had to advocate for a patient? What was the outcome?
- What nursing specialties are you most passionate about? Follow-up: Why did you choose [mentioned] areas?

Skills and Competencies:
- Your resume mentions [specific skill or certification]. Can you elaborate on how you’ve applied this in your previous roles?
- How do you prioritize tasks when managing multiple patients? Can you provide an example?
- Can you discuss your experience with electronic health records (EHR) systems? Which platforms have you used?
- What strategies do you use to maintain effective communication with your team and patients?

Education and Professional Development:
- How has your education prepared you for your nursing career? Are there specific courses or experiences you found particularly valuable?
- What additional training or certifications are you currently pursuing or interested in?

Feedback and Self-Assessment:
- Reflecting on your previous roles, what feedback have you received from supervisors or peers? How have you used this feedback to improve your practice?
- What do you consider your greatest strength, and how does it benefit your patients and team?

Career Goals and Fit:
- What are you looking for in your next nursing position? Are there specific elements of a job that are particularly important to you?
- How do you envision your career progressing in the next few years? What steps are you taking to achieve those goals?
- What type of work environment do you thrive in, and why?

Location and Type of Roles:
- Are you open to traveling or relocating for your next position? If so, which locations interest you?
- Which other types of roles will you consider that may provide a career path to the [job candidate is interested in] role?

Closing:
- Is there anything else from your resume or experience that you feel is important for us to discuss?
- Do you have any questions for me?
', 'Welcome to the nursing interview!', '10 minutes', '{"Ask follow-up questions if needed","Provide clear instructions",sfasdf,asdfasd}', '/images/instructions-cover.png', 'https://resource.heygencdn.com/AIAvatars/caption.mp4', '{"This interview will assess your skills"}', '2024-10-13 10:15:35.124397+00', 'd480898d-6802-4be7-a701-dd3b306eb09d', 'active', 'Version 1', 'e7d5ff76-fab3-444b-be00-9fca3e0185c2');


--
-- Data for Name: campaign; Type: TABLE DATA; Schema: public; Owner: postgres
--

INSERT INTO "public"."campaign" ("id", "name", "campaign_code", "created_at", "updated_at", "description", "status", "version_id", "agency_id") VALUES
	('87796288-6847-4a37-aae1-26317d42c7ee', 'Summer 2024 Nurse Recruitment', 'SUMMER24NURSE', '2024-10-13 10:15:35.124397+00', '2024-10-13 10:15:35.124397+00', NULL, 'archived', 'b253058d-5cbc-46da-8b67-8c9b26c13b77', 'e7d5ff76-fab3-444b-be00-9fca3e0185c2'),
	('87796288-6847-4a37-aae1-26317d42c7ed', 'Summer 2023 Nurse Recruitment', 'SUMMER23NURSE', '2024-10-13 10:15:35.124397+00', '2024-10-13 10:15:35.124397+00', NULL, 'archived', 'b253058d-5cbc-46da-8b67-8c9b26c13b76', 'e7d5ff76-fab3-444b-be00-9fca3e0185c2');


--
-- Data for Name: interview; Type: TABLE DATA; Schema: public; Owner: postgres
--

INSERT INTO "public"."interview" ("id", "campaign_id", "name", "ai_ending_message", "ai_instructions", "ai_interview_duration", "ai_questions", "ai_welcome_message", "candidate_estimated_time", "candidate_instructions", "candidate_intro_video_cover_image_url", "candidate_intro_video_url", "candidate_overview", "created_at", "updated_at", "interview_stage", "version_id", "agency_id", "applicant_id") VALUES
	('c6f0467a-de54-42e5-96fe-d432d4e40ec4', '87796288-6847-4a37-aae1-26317d42c7ed', 'Summer 2023 Nurse Recruitment', NULL, NULL, 30, NULL, NULL, NULL, NULL, NULL, NULL, NULL, '2024-10-24 14:55:06.035301+00', '2024-10-24 14:55:06.035301+00', 'interview_completed', 'b253058d-5cbc-46da-8b67-8c9b26c13b76', 'e7d5ff76-fab3-444b-be00-9fca3e0185c2', '65d29206-cc02-43c5-8cc4-1302f1cc847d'),
	('6f6a29fc-69e0-4096-98f1-5b0030176b2c', '87796288-6847-4a37-aae1-26317d42c7ee', 'Summer 2024 Nurse Recruitment', NULL, NULL, 30, NULL, NULL, NULL, NULL, NULL, NULL, NULL, '2024-10-24 16:03:22.453714+00', '2024-10-24 16:03:22.453714+00', 'resume_submitted', 'b253058d-5cbc-46da-8b67-8c9b26c13b77', 'e7d5ff76-fab3-444b-be00-9fca3e0185c2', '74053640-ffa5-4147-9a68-692413df6e93'),
	('12ffd900-48c0-43b3-8269-20e027d64250', '87796288-6847-4a37-aae1-26317d42c7ee', 'Summer 2024 Nurse Recruitment', NULL, NULL, 30, NULL, NULL, NULL, NULL, NULL, NULL, NULL, '2024-10-24 16:05:47.210674+00', '2024-10-24 16:05:47.210674+00', 'resume_submitted', 'b253058d-5cbc-46da-8b67-8c9b26c13b77', 'e7d5ff76-fab3-444b-be00-9fca3e0185c2', '79336f0c-2287-4426-afa7-e298497cdcc6'),
	('48f32a0b-a127-42ae-807e-4a1582e48443', '87796288-6847-4a37-aae1-26317d42c7ed', 'Summer 2023 Nurse Recruitment', NULL, NULL, 30, NULL, NULL, NULL, NULL, NULL, NULL, NULL, '2024-10-25 06:04:31.452786+00', '2024-10-25 06:04:31.452786+00', 'resume_submitted', 'b253058d-5cbc-46da-8b67-8c9b26c13b76', 'e7d5ff76-fab3-444b-be00-9fca3e0185c2', '4694e152-cb0f-46e5-b4db-0c5079b90338'),
	('66ed1e82-04d8-4244-a531-edf8aa3109c7', '87796288-6847-4a37-aae1-26317d42c7ed', 'Summer 2023 Nurse Recruitment', NULL, NULL, 30, NULL, NULL, NULL, NULL, NULL, NULL, NULL, '2024-10-25 06:13:20.031496+00', '2024-10-25 06:13:20.031496+00', 'resume_submitted', 'b253058d-5cbc-46da-8b67-8c9b26c13b76', 'e7d5ff76-fab3-444b-be00-9fca3e0185c2', '9d8e47a1-8ee8-4245-98fc-caa1a0558d7c'),
	('130fe293-8168-4070-a7e9-596e7a68bf29', '87796288-6847-4a37-aae1-26317d42c7ed', 'Summer 2023 Nurse Recruitment', NULL, NULL, 30, NULL, NULL, NULL, NULL, NULL, NULL, NULL, '2024-10-25 06:15:05.275568+00', '2024-10-25 06:15:05.275568+00', 'resume_submitted', 'b253058d-5cbc-46da-8b67-8c9b26c13b76', 'e7d5ff76-fab3-444b-be00-9fca3e0185c2', '7b83fd6e-623a-4fbe-858f-f0fad1166bc9'),
	('e6e2ae73-357d-4a57-9de8-d8b14f69b2cc', '87796288-6847-4a37-aae1-26317d42c7ed', 'Summer 2023 Nurse Recruitment', NULL, NULL, 30, NULL, NULL, NULL, NULL, NULL, NULL, NULL, '2024-10-25 06:22:16.856847+00', '2024-10-25 06:22:16.856847+00', 'resume_submitted', 'b253058d-5cbc-46da-8b67-8c9b26c13b76', 'e7d5ff76-fab3-444b-be00-9fca3e0185c2', '1897534a-ef34-41c7-b6ec-d4fcf44ac2ad'),
	('2c6c2f33-a8f1-45f0-b42d-0545449ce834', '87796288-6847-4a37-aae1-26317d42c7ed', 'Summer 2023 Nurse Recruitment', NULL, NULL, 30, NULL, NULL, NULL, NULL, NULL, NULL, NULL, '2024-10-25 06:28:08.973714+00', '2024-10-25 06:28:08.973714+00', 'interview_completed', 'b253058d-5cbc-46da-8b67-8c9b26c13b76', 'e7d5ff76-fab3-444b-be00-9fca3e0185c2', '72d21dd6-0370-4528-8d80-bb2fb578bd3b'),
	('dcb12f92-bb1f-49cd-86a8-290d61d269ef', '87796288-6847-4a37-aae1-26317d42c7ed', 'Summer 2023 Nurse Recruitment', NULL, NULL, 30, NULL, NULL, NULL, NULL, NULL, NULL, NULL, '2024-10-25 07:20:36.349131+00', '2024-10-25 07:20:36.349131+00', 'interview_completed', 'b253058d-5cbc-46da-8b67-8c9b26c13b76', 'e7d5ff76-fab3-444b-be00-9fca3e0185c2', '4bffd303-f3bf-4409-bc88-07f3584c4b5a'),
	('d2110e4c-3bd8-4f40-be14-8899d6ec3b4a', '87796288-6847-4a37-aae1-26317d42c7ed', 'Summer 2023 Nurse Recruitment', NULL, NULL, 30, NULL, NULL, NULL, NULL, NULL, NULL, NULL, '2024-10-25 08:21:19.204654+00', '2024-10-25 08:21:19.204654+00', 'interview_completed', 'b253058d-5cbc-46da-8b67-8c9b26c13b76', 'e7d5ff76-fab3-444b-be00-9fca3e0185c2', 'f10446c9-8bb2-4c35-866d-3db2cdcdd1d5'),
	('fd31c71d-0c58-4bc8-bb14-6b11069cb0d2', '87796288-6847-4a37-aae1-26317d42c7ee', 'Summer 2024 Nurse Recruitment', NULL, NULL, 30, NULL, NULL, NULL, NULL, NULL, NULL, NULL, '2024-10-25 09:27:08.353189+00', '2024-10-25 09:27:08.353189+00', 'resume_submitted', 'b253058d-5cbc-46da-8b67-8c9b26c13b77', 'e7d5ff76-fab3-444b-be00-9fca3e0185c2', '3f3d25f4-a07a-4896-a42e-8893e247798b');


--
-- Data for Name: interview_analysis; Type: TABLE DATA; Schema: public; Owner: postgres
--

INSERT INTO "public"."interview_analysis" ("id", "audio_url", "video_url", "transcript_url", "structured_analysis", "created_at", "updated_at", "call_id", "interview_id", "call_analysis", "transcript", "transcript_json", "analysis_status", "applicant_id") VALUES
	('1e6566b7-4fc8-41dc-a592-5a0d38b25876', NULL, 'https://xowplilgvdzzrfcchjbe.supabase.co/storage/v1/object/public/videos/interviews/1729781761080_ck09o1y9gaf.webm', NULL, NULL, '2024-10-24 14:55:54.172557+00', '2024-10-24 14:56:05.306802+00', 'call_3788e439dfee3beab0e6407994a', 'c6f0467a-de54-42e5-96fe-d432d4e40ec4', NULL, NULL, '{}', NULL, '65d29206-cc02-43c5-8cc4-1302f1cc847d'),
	('410b0ec8-95f7-49b1-88c2-f3f162c3da23', NULL, 'https://xowplilgvdzzrfcchjbe.supabase.co/storage/v1/object/public/videos/interviews/1729837731633_3d784ni997h.webm', NULL, NULL, '2024-10-25 06:28:34.672659+00', '2024-10-25 06:28:56.459798+00', 'call_4b75689bf996ae81d99f464292d', '2c6c2f33-a8f1-45f0-b42d-0545449ce834', NULL, NULL, '{}', NULL, '72d21dd6-0370-4528-8d80-bb2fb578bd3b'),
	('a067223a-c96b-4f83-8953-6bc7751ec802', NULL, 'https://xowplilgvdzzrfcchjbe.supabase.co/storage/v1/object/public/videos/interviews/1729840881837_cw83l5z00or.webm', NULL, NULL, '2024-10-25 07:21:16.097622+00', '2024-10-25 07:21:25.872044+00', 'call_85b1e93a9cec556efe7011180c3', 'dcb12f92-bb1f-49cd-86a8-290d61d269ef', NULL, NULL, '{}', NULL, '4bffd303-f3bf-4409-bc88-07f3584c4b5a'),
	('7e290a0e-c351-4fca-977b-6bc9a661bee3', NULL, 'https://xowplilgvdzzrfcchjbe.supabase.co/storage/v1/object/public/videos/interviews/1729847968856_u22njqknw0h.webm', NULL, NULL, '2024-10-25 09:19:20.403841+00', '2024-10-25 09:19:32.786828+00', 'call_e9ccea5e7e48adf9dfdb7949fc1', 'd2110e4c-3bd8-4f40-be14-8899d6ec3b4a', NULL, NULL, '{}', NULL, 'f10446c9-8bb2-4c35-866d-3db2cdcdd1d5');


--
-- Data for Name: interview_analysis_id; Type: TABLE DATA; Schema: public; Owner: postgres
--

INSERT INTO "public"."interview_analysis_id" ("id") VALUES
	('ed28dba1-b7fb-44b3-b002-288ee2d090b3'),
	('57a75e3e-8b0b-42b8-a119-ab67ee230f47'),
	('9ec87f4f-5e84-4b4d-8463-166e7636c338'),
	('36ead613-87ed-4a8d-8f11-6ca992e67d92'),
	('8125acb0-9448-4b52-a965-30e7189bc78d'),
	('41b16e34-e824-4d1a-812d-ee405addd128'),
	('bbb8f61b-15fb-4998-ac3c-2962f9d30c44');


--
-- Data for Name: locations_list; Type: TABLE DATA; Schema: public; Owner: postgres
--

INSERT INTO "public"."locations_list" ("id", "city", "state", "country", "level") VALUES
	('473945e5-8dc7-4f96-815b-d319571407b2', 'New York', 'New York', 'United States', 'New York, NY, US'),
	('d0803abb-7aac-432a-984f-7e9e840334e7', 'Los Angeles', 'California', 'United States', 'Los Angeles, CA, US'),
	('8ebb4cbe-7483-48c5-8f6f-26e8683ee44e', 'Chicago', 'Illinois', 'United States', 'Chicago, IL, US'),
	('1c1f48e1-17b0-4a97-8f9a-aec3b4e38587', 'Houston', 'Texas', 'United States', 'Houston, TX, US'),
	('39236a4a-490a-4150-a8a4-dd18ced06af2', 'Phoenix', 'Arizona', 'United States', 'Phoenix, AZ, US'),
	('a59742fd-c5d0-408d-b8d2-d4220339c08f', 'Philadelphia', 'Pennsylvania', 'United States', 'Philadelphia, PA, US'),
	('fe1b407d-8bf3-4278-8b07-6945abe61d1a', 'San Antonio', 'Texas', 'United States', 'San Antonio, TX, US'),
	('cd8c06ce-3991-4406-a880-72446504c2b7', 'San Diego', 'California', 'United States', 'San Diego, CA, US'),
	('a6877ec1-87a6-4e7e-ab9a-a75e529ee2a6', 'Dallas', 'Texas', 'United States', 'Dallas, TX, US'),
	('4588566c-346a-4892-8f22-3046c52c14d2', 'San Jose', 'California', 'United States', 'San Jose, CA, US');


--
-- Data for Name: preferred_job_titles; Type: TABLE DATA; Schema: public; Owner: postgres
--



--
-- Data for Name: preferred_job_types; Type: TABLE DATA; Schema: public; Owner: postgres
--



--
-- Data for Name: preferred_locations; Type: TABLE DATA; Schema: public; Owner: postgres
--



--
-- Data for Name: resume; Type: TABLE DATA; Schema: public; Owner: postgres
--

INSERT INTO "public"."resume" ("id", "file_url", "structured_resume", "created_at", "updated_at", "error_status", "campaign_id", "processing_status", "resume_feedback", "applicant_id") VALUES
	('9dcb432f-100d-49ab-bf1a-0e91f61a6180', 'https://xowplilgvdzzrfcchjbe.supabase.co/storage/v1/object/public/resumes/87796288-6847-4a37-aae1-26317d42c7ed/65d29206-cc02-43c5-8cc4-1302f1cc847d_1729781704567.pdf', NULL, '2024-10-24 14:55:06.108973+00', '2024-10-24 14:55:10.657402+00', NULL, '87796288-6847-4a37-aae1-26317d42c7ed', '{"resume_to_json_api": {"error": "SYSTEM_ERROR", "status": "error", "timestamp": "2024-10-24T14:55:10.076Z", "error_message": "''utf-8'' codec can''t decode byte 0x9c in position 140: invalid start byte"}}', NULL, '65d29206-cc02-43c5-8cc4-1302f1cc847d'),
	('08d4ce53-5a1d-4a95-a7f9-1b149ea913fb', 'https://xowplilgvdzzrfcchjbe.supabase.co/storage/v1/object/public/resumes/87796288-6847-4a37-aae1-26317d42c7ee/74053640-ffa5-4147-9a68-692413df6e93_1729785801336.pdf', '{"basics": {"email": "dileepwert@gmail.com", "phone": "+91 90196 64884", "social": [], "lastName": "B C", "linkedIn": "www.linkedin.com/in/dileep-b-c-4b1746279", "location": null, "firstName": "Dileep", "currentCompany": "Aglint", "currentJobTitle": "Software Engineer", "professionalSummary": null, "totalExperienceInMonths": null}, "skills": [], "schools": [], "licenses": [], "languages": [], "positions": [{"end": {"year": null, "month": null}, "org": "Aglint", "level": "Mid-level", "start": {"year": null, "month": null}, "title": "Software Engineer", "location": "", "description": ""}, {"end": {"year": null, "month": null}, "org": "Uber", "level": "Mid-level", "start": {"year": null, "month": null}, "title": "Full Stack Developer", "location": "", "description": "Worked on enhancing the user experience for the ride-sharing platform using React and Redux. Developed backend services using Node.js and Python to handle real-time ride requests and driver locations. Collaborated with product teams to implement new features and optimize existing workflows."}, {"end": {"year": null, "month": null}, "org": "Microsoft", "level": "Mid-level", "start": {"year": null, "month": null}, "title": "Full Stack Developer", "location": "", "description": "Developed and maintained enterprise-level solutions using .NET and Angular. Implemented RESTful services and APIs to integrate with various Microsoft products and third-party services. Worked on improving the scalability and performance of cloud-based applications in Azure."}], "achievements": [], "certificates": [], "geoDataAndExp": {"experience_in_months": null}, "volunteerWork": [], "specializations": [], "clinicalExperience": []}', '2024-10-24 16:03:22.506275+00', '2024-10-24 16:03:34.710862+00', NULL, '87796288-6847-4a37-aae1-26317d42c7ee', '{"resume_to_json_api": {"status": "success", "timestamp": "2024-10-24T16:03:34.131Z"}}', NULL, '74053640-ffa5-4147-9a68-692413df6e93'),
	('d62d96ec-ce1d-43c2-8659-4f5202e82e47', 'https://xowplilgvdzzrfcchjbe.supabase.co/storage/v1/object/public/resumes/87796288-6847-4a37-aae1-26317d42c7ee/79336f0c-2287-4426-afa7-e298497cdcc6_1729785944631.pdf', '{"basics": {"email": "dileepwert@gmail.com", "phone": "+91 90196 64884", "social": [], "lastName": "B C", "linkedIn": "www.linkedin.com/in/dileep-b-c-4b1746279", "location": null, "firstName": "Dileep", "currentCompany": "Aglint", "currentJobTitle": "Software Engineer", "professionalSummary": null, "totalExperienceInMonths": null}, "skills": [], "schools": [], "licenses": [], "languages": [], "positions": [{"end": {"year": null, "month": null}, "org": "Aglint", "level": "Mid-level", "start": {"year": null, "month": null}, "title": "Software Engineer", "location": "", "description": "Building AI solutions"}, {"end": {"year": null, "month": null}, "org": "Uber", "level": "Mid-level", "start": {"year": null, "month": null}, "title": "Full Stack Developer", "location": "", "description": "- Worked on enhancing the user experience for the ride-sharing platform using React and Redux.\n- Developed backend services using Node.js and Python to handle real-time ride requests and driver locations.\n- Collaborated with product teams to implement new features and optimize existing workflows."}, {"end": {"year": null, "month": null}, "org": "Microsoft", "level": "Mid-level", "start": {"year": null, "month": null}, "title": "Full Stack Developer", "location": "", "description": "- Developed and maintained enterprise-level solutions using .NET and Angular.\n- Implemented RESTful services and APIs to integrate with various Microsoft products and third-party services.\n- Worked on improving the scalability and performance of cloud-based applications in Azure."}], "achievements": [], "certificates": [], "geoDataAndExp": {"experience_in_months": null}, "volunteerWork": [], "specializations": [], "clinicalExperience": []}', '2024-10-24 16:05:47.244912+00', '2024-10-24 16:06:04.280333+00', NULL, '87796288-6847-4a37-aae1-26317d42c7ee', '{"resume_to_json_api": {"status": "success", "timestamp": "2024-10-24T16:06:03.690Z"}}', NULL, '79336f0c-2287-4426-afa7-e298497cdcc6'),
	('9ba28cbd-b8dc-4f62-bc9a-4a34ca38dab0', 'https://xowplilgvdzzrfcchjbe.supabase.co/storage/v1/object/public/resumes/87796288-6847-4a37-aae1-26317d42c7ed/4694e152-cb0f-46e5-b4db-0c5079b90338_1729836270237.pdf', '{"basics": {"email": "daniel547@nursana.ai", "phone": "001763-1165", "social": [], "lastName": "Taylor", "linkedIn": null, "location": {"city": "Elizabethborough", "state": "DC", "country": "USA"}, "firstName": "Daniel", "currentCompany": "UCLA Medical Center", "currentJobTitle": "Registered Nurse", "professionalSummary": null, "totalExperienceInMonths": 120}, "skills": ["Patient Care", "Emergency Room Experience", "Medical Documentation", "Team Collaboration", "Critical Care", "Pediatric Nursing"], "schools": [{"end": {"year": 2014, "month": null}, "gpa": null, "field": "Nursing", "start": {"year": 2010, "month": null}, "degree": "Bachelor of Science in Nursing (BSN)", "institution": "University of Southern California (USC)"}, {"end": {"year": 2000, "month": null}, "gpa": null, "field": "Nursing", "start": {"year": 1998, "month": null}, "degree": "Associate Degree in Nursing (ADN)", "institution": "University of California, Los Angeles (UCLA)"}], "licenses": [{"state": "DC", "issueDate": null, "licenseType": "Registered Nurse (RN)", "expirationDate": null, "issuingAuthority": "State Board of Nursing"}], "languages": [], "positions": [{"end": {"year": null, "month": null}, "org": "UCLA Medical Center", "level": "Mid-level", "start": {"year": 2014, "month": null}, "title": "Registered Nurse", "location": "Elizabethborough, DC", "description": "Responsibilities included administering medication, monitoring patient vitals, supporting doctors in surgeries, and training junior nurses."}, {"end": {"year": null, "month": null}, "org": "Sharp Memorial Hospital", "level": "Mid-level", "start": {"year": null, "month": null}, "title": "Registered Nurse", "location": "Elizabethborough, DC", "description": "Responsibilities included administering medication, monitoring patient vitals, supporting doctors in surgeries, and training junior nurses."}], "achievements": [], "certificates": [{"title": "Basic Life Support (BLS) Certification", "dateObtained": null, "issuingAuthority": null}, {"title": "Advanced Cardiovascular Life Support (ACLS)", "dateObtained": null, "issuingAuthority": null}], "geoDataAndExp": {"city": "Washington", "state": "District of Columbia", "country": "United States", "geolocation": "POINT(-77.0368707 38.9071923)", "experience_in_months": 120}, "volunteerWork": [], "specializations": [], "clinicalExperience": []}', '2024-10-25 06:04:31.500463+00', '2024-10-25 06:04:49.758736+00', NULL, '87796288-6847-4a37-aae1-26317d42c7ed', '{"resume_to_json_api": {"status": "success", "timestamp": "2024-10-25T06:04:49.184Z"}}', NULL, '4694e152-cb0f-46e5-b4db-0c5079b90338'),
	('d59038c6-6aae-4b1a-94e6-01d70a06657a', 'https://xowplilgvdzzrfcchjbe.supabase.co/storage/v1/object/public/resumes/87796288-6847-4a37-aae1-26317d42c7ed/9d8e47a1-8ee8-4245-98fc-caa1a0558d7c_1729836798624.pdf', '{"basics": {"email": "ashley862@nursana.ai", "phone": "001578-7133x1509", "social": [], "lastName": "Moore", "linkedIn": null, "location": {"city": "Allisonchester", "state": "ND", "country": "USA"}, "firstName": "Ashley", "currentCompany": "UC San Diego Health", "currentJobTitle": "Nurse", "professionalSummary": null, "totalExperienceInMonths": 24}, "skills": ["Patient Care", "Emergency Room Experience", "Medical Documentation", "Team Collaboration", "Critical Care", "Pediatric Nursing"], "schools": [{"end": {"year": 2010, "month": null}, "gpa": null, "field": "Nursing", "start": {"year": 2006, "month": null}, "degree": "Bachelor of Science in Nursing (BSN)", "institution": "California State University, Long Beach"}, {"end": {"year": 2009, "month": null}, "gpa": null, "field": "Nursing", "start": {"year": 2007, "month": null}, "degree": "Associate Degree in Nursing (ADN)", "institution": "San Diego State University"}], "licenses": [{"state": "ND", "issueDate": null, "licenseType": "Registered Nurse (RN)", "expirationDate": null, "issuingAuthority": ""}], "languages": [], "positions": [{"end": {"year": null, "month": null}, "org": "UC San Diego Health", "level": "Mid-level", "start": {"year": null, "month": null}, "title": "Nurse", "location": "Allisonchester, ND", "description": "Working in various departments including Emergency Room, Pediatrics, and Intensive Care Unit. Responsibilities included administering medication, monitoring patient vitals, supporting doctors in surgeries, and training junior nurses."}, {"end": {"year": 2010, "month": null}, "org": "California State University, Long Beach", "level": "Fresher-level", "start": {"year": 2006, "month": null}, "title": "Bachelor of Science in Nursing (BSN)", "location": "Long Beach, CA", "description": ""}, {"end": {"year": 2009, "month": null}, "org": "San Diego State University", "level": "Fresher-level", "start": {"year": 2007, "month": null}, "title": "Associate Degree in Nursing (ADN)", "location": "San Diego, CA", "description": ""}], "achievements": [], "certificates": [{"title": "Advanced Cardiovascular Life Support (ACLS)", "dateObtained": null, "issuingAuthority": ""}, {"title": "Certified Emergency Nurse (CEN)", "dateObtained": null, "issuingAuthority": ""}, {"title": "Pediatric Advanced Life Support (PALS)", "dateObtained": null, "issuingAuthority": ""}, {"title": "Basic Life Support (BLS) Certification", "dateObtained": null, "issuingAuthority": ""}], "geoDataAndExp": {"state": "North Dakota", "country": "United States", "geolocation": "POINT(-101.0020119 47.5514926)", "experience_in_months": 24}, "volunteerWork": [], "specializations": [], "clinicalExperience": []}', '2024-10-25 06:13:20.269224+00', '2024-10-25 06:13:32.491096+00', NULL, '87796288-6847-4a37-aae1-26317d42c7ed', '{"resume_to_json_api": {"status": "success", "timestamp": "2024-10-25T06:13:31.917Z"}}', NULL, '9d8e47a1-8ee8-4245-98fc-caa1a0558d7c'),
	('27ce2117-c85a-462a-a750-1f434b7df11c', 'https://xowplilgvdzzrfcchjbe.supabase.co/storage/v1/object/public/resumes/87796288-6847-4a37-aae1-26317d42c7ed/7b83fd6e-623a-4fbe-858f-f0fad1166bc9_1729836904046.pdf', '{"basics": {"email": "ashley862@nursana.ai", "phone": "001578-7133x1509", "social": [], "lastName": "Moore", "linkedIn": null, "location": {"city": "Allisonchester", "state": "ND", "country": "USA"}, "firstName": "Ashley", "currentCompany": "UC San Diego Health", "currentJobTitle": "Registered Nurse", "professionalSummary": null, "totalExperienceInMonths": 24}, "skills": ["Patient Care", "Emergency Room Experience", "Medical Documentation", "Team Collaboration", "Critical Care", "Pediatric Nursing"], "schools": [{"end": {"year": 2010, "month": 1}, "gpa": null, "field": "Nursing", "start": {"year": 2006, "month": 1}, "degree": "Bachelor of Science in Nursing (BSN)", "institution": "California State University, Long Beach"}, {"end": {"year": 2009, "month": 1}, "gpa": null, "field": "Nursing", "start": {"year": 2007, "month": 1}, "degree": "Associate Degree in Nursing (ADN)", "institution": "San Diego State University"}], "licenses": [{"state": "ND", "issueDate": {"year": 2010, "month": 1}, "licenseType": "Registered Nurse (RN)", "expirationDate": null, "issuingAuthority": "State Board of Nursing"}], "languages": [], "positions": [{"end": {"year": 2012, "month": 1}, "org": "UC San Diego Health", "level": "Mid-level", "start": {"year": 2010, "month": 1}, "title": "Registered Nurse", "location": "Allisonchester, ND", "description": "Working in various departments including Emergency Room, Pediatrics, and Intensive Care Unit. Responsibilities included administering medication, monitoring patient vitals, supporting doctors in surgeries, and training junior nurses."}, {"end": {"year": 2010, "month": 1}, "org": "California State University, Long Beach", "level": "Fresher-level", "start": {"year": 2006, "month": 1}, "title": "Bachelor of Science in Nursing (BSN)", "location": "Long Beach, CA", "description": "Completed in 2010."}, {"end": {"year": 2009, "month": 1}, "org": "San Diego State University", "level": "Fresher-level", "start": {"year": 2007, "month": 1}, "title": "Associate Degree in Nursing (ADN)", "location": "San Diego, CA", "description": "Completed in 2009."}], "achievements": [], "certificates": [{"title": "Advanced Cardiovascular Life Support (ACLS)", "dateObtained": {"year": 2010, "month": 1}, "issuingAuthority": "American Heart Association"}, {"title": "Certified Emergency Nurse (CEN)", "dateObtained": {"year": 2011, "month": 1}, "issuingAuthority": "Board of Certification for Emergency Nursing"}, {"title": "Pediatric Advanced Life Support (PALS)", "dateObtained": {"year": 2011, "month": 1}, "issuingAuthority": "American Heart Association"}, {"title": "Basic Life Support (BLS) Certification", "dateObtained": {"year": 2010, "month": 1}, "issuingAuthority": "American Heart Association"}], "geoDataAndExp": {"state": "North Dakota", "country": "United States", "geolocation": "POINT(-101.0020119 47.5514926)", "experience_in_months": 24}, "volunteerWork": [], "specializations": [], "clinicalExperience": []}', '2024-10-25 06:15:05.371813+00', '2024-10-25 06:15:17.09991+00', NULL, '87796288-6847-4a37-aae1-26317d42c7ed', '{"resume_to_json_api": {"status": "success", "timestamp": "2024-10-25T06:15:16.526Z"}}', NULL, '7b83fd6e-623a-4fbe-858f-f0fad1166bc9'),
	('1cb6b87a-8397-4bd6-bb3f-e911562371c8', 'https://xowplilgvdzzrfcchjbe.supabase.co/storage/v1/object/public/resumes/87796288-6847-4a37-aae1-26317d42c7ed/1897534a-ef34-41c7-b6ec-d4fcf44ac2ad_1729837335393.pdf', '{"basics": {"email": "david214@nursana.ai", "phone": "9570154303", "social": [], "lastName": "Wilson", "linkedIn": null, "location": {"city": "East Nathaniel", "state": "ND", "country": "USA"}, "firstName": "David", "currentCompany": "Cedars-Sinai Medical Center", "currentJobTitle": "Nurse", "professionalSummary": null, "totalExperienceInMonths": 48}, "skills": ["Patient Care", "Emergency Room Experience", "Medical Documentation", "Team Collaboration", "Critical Care", "Pediatric Nursing"], "schools": [{"end": {"year": 2015, "month": null}, "gpa": null, "field": "Nursing", "start": {"year": 2011, "month": null}, "degree": "Bachelor of Science in Nursing (BSN)", "institution": "University of California, Los Angeles (UCLA)"}, {"end": {"year": 2001, "month": null}, "gpa": null, "field": "Nursing", "start": {"year": 1999, "month": null}, "degree": "Associate Degree in Nursing (ADN)", "institution": "Stanford University"}], "licenses": [{"state": "", "issueDate": null, "licenseType": "Registered Nurse (RN)", "expirationDate": null, "issuingAuthority": ""}], "languages": [], "positions": [{"end": {"year": 2023, "month": null}, "org": "Cedars-Sinai Medical Center", "level": "Mid-level", "start": {"year": 2019, "month": null}, "title": "Nurse", "location": "East Nathaniel, ND", "description": "Working in various departments including Emergency Room, Pediatrics, and Intensive Care Unit. Responsibilities included administering medication, monitoring patient vitals, supporting doctors in surgeries, and training junior nurses."}, {"end": {"year": 2015, "month": null}, "org": "University of California, Los Angeles (UCLA)", "level": "Fresher-level", "start": {"year": 2015, "month": null}, "title": "Bachelor of Science in Nursing (BSN)", "location": "", "description": ""}, {"end": {"year": 2001, "month": null}, "org": "Stanford University", "level": "Fresher-level", "start": {"year": 2001, "month": null}, "title": "Associate Degree in Nursing (ADN)", "location": "", "description": ""}], "achievements": [], "certificates": [{"title": "Pediatric Advanced Life Support (PALS)", "dateObtained": null, "issuingAuthority": ""}, {"title": "Advanced Cardiovascular Life Support (ACLS)", "dateObtained": null, "issuingAuthority": ""}, {"title": "Certified Emergency Nurse (CEN)", "dateObtained": null, "issuingAuthority": ""}, {"title": "Basic Life Support (BLS) Certification", "dateObtained": null, "issuingAuthority": ""}], "geoDataAndExp": {"state": "North Dakota", "country": "United States", "geolocation": "POINT(-101.0020119 47.5514926)", "experience_in_months": 48}, "volunteerWork": [], "specializations": [], "clinicalExperience": []}', '2024-10-25 06:22:16.908005+00', '2024-10-25 06:22:34.392126+00', NULL, '87796288-6847-4a37-aae1-26317d42c7ed', '{"resume_to_json_api": {"status": "success", "timestamp": "2024-10-25T06:22:33.815Z"}}', NULL, '1897534a-ef34-41c7-b6ec-d4fcf44ac2ad'),
	('b89e8cbb-54b2-4a55-9ce0-ede75cd86708', 'https://xowplilgvdzzrfcchjbe.supabase.co/storage/v1/object/public/resumes/87796288-6847-4a37-aae1-26317d42c7ed/72d21dd6-0370-4528-8d80-bb2fb578bd3b_1729837687640.pdf', '{"basics": {"email": "ashley862@nursana.ai", "phone": "001578-7133x1509", "social": [], "lastName": "Moore", "linkedIn": null, "location": {"city": "Allisonchester", "state": "ND", "country": "USA"}, "firstName": "Ashley", "currentCompany": "UC San Diego Health", "currentJobTitle": "Nurse", "professionalSummary": null, "totalExperienceInMonths": 24}, "skills": ["Patient Care", "Emergency Room Experience", "Medical Documentation", "Team Collaboration", "Critical Care", "Pediatric Nursing"], "schools": [{"end": {"year": 2010, "month": null}, "gpa": null, "field": "Nursing", "start": {"year": null, "month": null}, "degree": "Bachelor of Science in Nursing (BSN)", "institution": "California State University, Long Beach"}, {"end": {"year": 2009, "month": null}, "gpa": null, "field": "Nursing", "start": {"year": null, "month": null}, "degree": "Associate Degree in Nursing (ADN)", "institution": "San Diego State University"}], "licenses": [{"state": "ND", "issueDate": null, "licenseType": "Registered Nurse (RN) License", "expirationDate": null, "issuingAuthority": ""}], "languages": [], "positions": [{"end": {"year": null, "month": null}, "org": "UC San Diego Health", "level": "Mid-level", "start": {"year": 2010, "month": null}, "title": "Nurse", "location": "Allisonchester, ND", "description": "Working in various departments including Emergency Room, Pediatrics, and Intensive Care Unit. Responsibilities included administering medication, monitoring patient vitals, supporting doctors in surgeries, and training junior nurses."}], "achievements": [], "certificates": [{"title": "Advanced Cardiovascular Life Support (ACLS)", "dateObtained": null, "issuingAuthority": ""}, {"title": "Certified Emergency Nurse (CEN)", "dateObtained": null, "issuingAuthority": ""}, {"title": "Pediatric Advanced Life Support (PALS)", "dateObtained": null, "issuingAuthority": ""}, {"title": "Basic Life Support (BLS) Certification", "dateObtained": null, "issuingAuthority": ""}], "geoDataAndExp": {"state": "North Dakota", "country": "United States", "geolocation": "POINT(-101.0020119 47.5514926)", "experience_in_months": 24}, "volunteerWork": [], "specializations": [], "clinicalExperience": []}', '2024-10-25 06:28:09.021481+00', '2024-10-25 06:28:22.198849+00', NULL, '87796288-6847-4a37-aae1-26317d42c7ed', '{"resume_to_json_api": {"status": "success", "timestamp": "2024-10-25T06:28:21.672Z"}}', NULL, '72d21dd6-0370-4528-8d80-bb2fb578bd3b'),
	('79762a34-64c2-4dec-b79e-99857504fac9', 'https://xowplilgvdzzrfcchjbe.supabase.co/storage/v1/object/public/resumes/87796288-6847-4a37-aae1-26317d42c7ee/3f3d25f4-a07a-4896-a42e-8893e247798b_1729848426724.pdf', '{"basics": {"email": "david214@nursana.ai", "phone": "9570154303", "social": [], "lastName": "Wilson", "linkedIn": null, "location": {"city": "East Nathaniel", "state": "ND", "country": "USA"}, "firstName": "David", "currentCompany": "Cedars-Sinai Medical Center", "currentJobTitle": "Registered Nurse", "professionalSummary": null, "totalExperienceInMonths": 48}, "skills": ["Patient Care", "Emergency Room Experience", "Medical Documentation", "Team Collaboration", "Critical Care", "Pediatric Nursing"], "schools": [{"end": {"year": 2015, "month": null}, "gpa": null, "field": "Nursing", "start": {"year": 2011, "month": null}, "degree": "Bachelor of Science in Nursing (BSN)", "institution": "University of California, Los Angeles (UCLA)"}, {"end": {"year": 2001, "month": null}, "gpa": null, "field": "Nursing", "start": {"year": 1999, "month": null}, "degree": "Associate Degree in Nursing (ADN)", "institution": "Stanford University"}], "licenses": [{"state": "ND", "issueDate": null, "licenseType": "Registered Nurse (RN)", "expirationDate": null, "issuingAuthority": "State Board of Nursing"}], "languages": [], "positions": [{"end": {"year": 2023, "month": null}, "org": "Cedars-Sinai Medical Center", "level": "Mid-level", "start": {"year": 2015, "month": null}, "title": "Registered Nurse", "location": "East Nathaniel, ND", "description": "Working in various departments including Emergency Room, Pediatrics, and Intensive Care Unit. Responsibilities included administering medication, monitoring patient vitals, supporting doctors in surgeries, and training junior nurses."}, {"end": {"year": 2015, "month": null}, "org": "University of California, Los Angeles (UCLA)", "level": "Fresher-level", "start": {"year": 2011, "month": null}, "title": "Bachelor of Science in Nursing (BSN)", "location": "Los Angeles, CA", "description": "Completed in 2015"}, {"end": {"year": 2001, "month": null}, "org": "Stanford University", "level": "Fresher-level", "start": {"year": 1999, "month": null}, "title": "Associate Degree in Nursing (ADN)", "location": "Stanford, CA", "description": "Completed in 2001"}], "achievements": [], "certificates": [{"title": "Pediatric Advanced Life Support (PALS)", "dateObtained": null, "issuingAuthority": null}, {"title": "Advanced Cardiovascular Life Support (ACLS)", "dateObtained": null, "issuingAuthority": null}, {"title": "Certified Emergency Nurse (CEN)", "dateObtained": null, "issuingAuthority": null}, {"title": "Basic Life Support (BLS) Certification", "dateObtained": null, "issuingAuthority": null}], "geoDataAndExp": {"state": "North Dakota", "country": "United States", "geolocation": "POINT(-101.0020119 47.5514926)", "experience_in_months": 48}, "volunteerWork": [], "specializations": [], "clinicalExperience": []}', '2024-10-25 09:27:08.384337+00', '2024-10-25 09:27:26.052692+00', NULL, '87796288-6847-4a37-aae1-26317d42c7ee', '{"resume_to_json_api": {"status": "success", "timestamp": "2024-10-25T09:27:25.478Z"}}', NULL, '3f3d25f4-a07a-4896-a42e-8893e247798b'),
	('a144a704-cf81-44e0-ad9c-ecaab45a6e79', 'https://xowplilgvdzzrfcchjbe.supabase.co/storage/v1/object/public/resumes/87796288-6847-4a37-aae1-26317d42c7ed/4bffd303-f3bf-4409-bc88-07f3584c4b5a_1729840835015.pdf', '{"basics": {"email": "ashley862@nursana.ai", "phone": "001578-7133x1509", "social": [], "lastName": "Moore", "linkedIn": null, "location": {"city": "Allisonchester", "state": "ND", "country": "USA"}, "firstName": "Ashley", "currentCompany": "UC San Diego Health", "currentJobTitle": "Nurse", "professionalSummary": null, "totalExperienceInMonths": 24}, "skills": ["Patient Care", "Emergency Room Experience", "Medical Documentation", "Team Collaboration", "Critical Care", "Pediatric Nursing"], "schools": [{"end": {"year": 2010, "month": null}, "gpa": null, "field": "Nursing", "start": {"year": 2010, "month": null}, "degree": "Bachelor of Science in Nursing (BSN)", "institution": "California State University, Long Beach"}, {"end": {"year": 2009, "month": null}, "gpa": null, "field": "Nursing", "start": {"year": 2009, "month": null}, "degree": "Associate Degree in Nursing (ADN)", "institution": "San Diego State University"}], "licenses": [{"state": "ND", "issueDate": {"year": null, "month": null}, "licenseType": "Registered Nurse (RN) License", "expirationDate": {"year": null, "month": null}, "issuingAuthority": ""}], "languages": [], "positions": [{"end": {"year": 2012, "month": null}, "org": "UC San Diego Health", "level": "Mid-level", "start": {"year": 2010, "month": null}, "title": "Nurse", "location": "Allisonchester, ND", "description": "Working in various departments including Emergency Room, Pediatrics, and Intensive Care Unit. Responsibilities included administering medication, monitoring patient vitals, supporting doctors in surgeries, and training junior nurses."}, {"end": {"year": 2010, "month": null}, "org": "California State University, Long Beach", "level": "Fresher-level", "start": {"year": 2010, "month": null}, "title": "Bachelor of Science in Nursing (BSN)", "location": "", "description": ""}, {"end": {"year": 2009, "month": null}, "org": "San Diego State University", "level": "Fresher-level", "start": {"year": 2009, "month": null}, "title": "Associate Degree in Nursing (ADN)", "location": "", "description": ""}], "achievements": [], "certificates": [{"title": "Advanced Cardiovascular Life Support (ACLS)", "dateObtained": {"year": null, "month": null}, "issuingAuthority": ""}, {"title": "Certified Emergency Nurse (CEN)", "dateObtained": {"year": null, "month": null}, "issuingAuthority": ""}, {"title": "Pediatric Advanced Life Support (PALS)", "dateObtained": {"year": null, "month": null}, "issuingAuthority": ""}, {"title": "Basic Life Support (BLS) Certification", "dateObtained": {"year": null, "month": null}, "issuingAuthority": ""}], "geoDataAndExp": {"state": "North Dakota", "country": "United States", "geolocation": "POINT(-101.0020119 47.5514926)", "experience_in_months": 24}, "volunteerWork": [], "specializations": [], "clinicalExperience": []}', '2024-10-25 07:20:36.433876+00', '2024-10-25 07:20:52.007112+00', NULL, '87796288-6847-4a37-aae1-26317d42c7ed', '{"resume_to_json_api": {"status": "success", "timestamp": "2024-10-25T07:20:51.383Z"}}', NULL, '4bffd303-f3bf-4409-bc88-07f3584c4b5a'),
	('003c9146-dacd-4ba1-b35b-2603bd985dc7', 'https://xowplilgvdzzrfcchjbe.supabase.co/storage/v1/object/public/resumes/87796288-6847-4a37-aae1-26317d42c7ed/f10446c9-8bb2-4c35-866d-3db2cdcdd1d5_1729844477687.pdf', '{"basics": {"email": "daniel547@nursana.ai", "phone": "001763-1165", "social": [], "lastName": "Taylor", "linkedIn": null, "location": {"city": "Elizabethborough", "state": "DC", "country": "USA"}, "firstName": "Daniel", "currentCompany": "UCLA Medical Center", "currentJobTitle": "Registered Nurse", "professionalSummary": null, "totalExperienceInMonths": 120}, "skills": ["Patient Care", "Emergency Room Experience", "Medical Documentation", "Team Collaboration", "Critical Care", "Pediatric Nursing"], "schools": [{"end": {"year": 2014, "month": 1}, "gpa": null, "field": "Nursing", "start": {"year": 2010, "month": 1}, "degree": "Bachelor of Science in Nursing (BSN)", "institution": "University of Southern California (USC)"}, {"end": {"year": 2000, "month": 1}, "gpa": null, "field": "Nursing", "start": {"year": 1998, "month": 1}, "degree": "Associate Degree in Nursing (ADN)", "institution": "University of California, Los Angeles (UCLA)"}], "licenses": [{"state": "DC", "issueDate": null, "licenseType": "Registered Nurse (RN)", "expirationDate": null, "issuingAuthority": ""}], "languages": [], "positions": [{"end": {"year": 2021, "month": 1}, "org": "UCLA Medical Center", "level": "Mid-level", "start": {"year": 2014, "month": 1}, "title": "Registered Nurse", "location": "Elizabethborough, DC", "description": "Responsibilities included administering medication, monitoring patient vitals, supporting doctors in surgeries, and training junior nurses."}, {"end": {"year": 2003, "month": 1}, "org": "Sharp Memorial Hospital", "level": "Mid-level", "start": {"year": 2000, "month": 1}, "title": "Registered Nurse", "location": "Elizabethborough, DC", "description": "Responsibilities included administering medication, monitoring patient vitals, supporting doctors in surgeries, and training junior nurses."}], "achievements": [], "certificates": [{"title": "Basic Life Support (BLS) Certification", "dateObtained": null, "issuingAuthority": ""}, {"title": "Advanced Cardiovascular Life Support (ACLS)", "dateObtained": null, "issuingAuthority": ""}], "geoDataAndExp": {"city": "Washington", "state": "District of Columbia", "country": "United States", "geolocation": "POINT(-77.0368707 38.9071923)", "experience_in_months": 120}, "volunteerWork": [], "specializations": [], "clinicalExperience": []}', '2024-10-25 08:21:19.248644+00', '2024-10-25 08:21:32.76332+00', NULL, '87796288-6847-4a37-aae1-26317d42c7ed', '{"resume_to_json_api": {"status": "success", "timestamp": "2024-10-25T08:21:32.194Z"}}', NULL, 'f10446c9-8bb2-4c35-866d-3db2cdcdd1d5');


--
-- Data for Name: user_interview_rating; Type: TABLE DATA; Schema: public; Owner: postgres
--

INSERT INTO "public"."user_interview_rating" ("id", "created_at", "rating", "feedback", "applicant_id") VALUES
	('652e5f05-ab7a-487e-9ee4-500e726661a1', '2024-10-25 07:25:45.941186+00', 3, 'Dheeaj test', '4bffd303-f3bf-4409-bc88-07f3584c4b5a'),
	('b9737f39-41fe-4d9f-922c-fe70b985a543', '2024-10-25 09:20:47.271194+00', 4, 'Great!', 'f10446c9-8bb2-4c35-866d-3db2cdcdd1d5');


--
-- Data for Name: buckets; Type: TABLE DATA; Schema: storage; Owner: supabase_storage_admin
--

INSERT INTO "storage"."buckets" ("id", "name", "owner", "created_at", "updated_at", "public", "avif_autodetection", "file_size_limit", "allowed_mime_types", "owner_id") VALUES
	('seed_resume', 'seed_resume', NULL, '2024-10-16 06:24:07.772503+00', '2024-10-16 06:24:07.772503+00', true, false, NULL, NULL, NULL),
	('videos', 'videos', NULL, '2024-10-12 19:35:17.287836+00', '2024-10-12 19:35:17.287836+00', false, false, 209715200, NULL, NULL),
	('audio', 'audio', NULL, '2024-10-15 09:02:54.832408+00', '2024-10-15 09:02:54.832408+00', false, false, 20971520, '{audio/*}', NULL),
	('resumes', 'resumes', NULL, '2024-10-11 05:05:59.327135+00', '2024-10-11 05:05:59.327135+00', false, false, NULL, NULL, NULL),
	('test', 'test', NULL, '2024-10-23 19:08:06.466373+00', '2024-10-23 19:08:06.466373+00', true, false, NULL, NULL, NULL);


--
-- Data for Name: objects; Type: TABLE DATA; Schema: storage; Owner: supabase_storage_admin
--

INSERT INTO "storage"."objects" ("id", "bucket_id", "name", "owner", "created_at", "updated_at", "last_accessed_at", "metadata", "version", "owner_id", "user_metadata") VALUES
	('74f4df16-5637-432b-ba0b-66707800069b', 'resumes', '87796288-6847-4a37-aae1-26317d42c7ed/90a07a26-9405-4b9a-8009-65852ec5d1cd_1729781654870.pdf', NULL, '2024-10-24 14:54:15.327751+00', '2024-10-24 14:54:15.327751+00', '2024-10-24 14:54:15.327751+00', '{"eTag": "\"c8b92dca165a6381c3c5e68b577f0f03\"", "size": 2217, "mimetype": "text/plain;charset=UTF-8", "cacheControl": "max-age=3600", "lastModified": "2024-10-24T14:54:16.000Z", "contentLength": 2217, "httpStatusCode": 200}', '71a03d29-ea4e-47d5-83b3-59eec56eaf89', NULL, '{}'),
	('20fd836b-d91a-472e-a165-1c9c3a5c0ba6', 'resumes', '87796288-6847-4a37-aae1-26317d42c7ed/65d29206-cc02-43c5-8cc4-1302f1cc847d_1729781704567.pdf', NULL, '2024-10-24 14:55:05.4681+00', '2024-10-24 14:55:05.4681+00', '2024-10-24 14:55:05.4681+00', '{"eTag": "\"109cf59e6ad127ed867b9e30d1b9b691\"", "size": 1959, "mimetype": "text/plain;charset=UTF-8", "cacheControl": "max-age=3600", "lastModified": "2024-10-24T14:55:06.000Z", "contentLength": 1959, "httpStatusCode": 200}', 'f22e9020-356c-4f77-869e-679945faee3e', NULL, '{}'),
	('cbcb9e02-879a-4539-ae56-0e536d51e9ae', 'videos', 'interviews/1729781761080_ck09o1y9gaf.webm', '65d29206-cc02-43c5-8cc4-1302f1cc847d', '2024-10-24 14:56:03.499085+00', '2024-10-24 14:56:03.499085+00', '2024-10-24 14:56:03.499085+00', '{"eTag": "\"f1f02f6c329ad9f50bb8551682a7a919\"", "size": 1950116, "mimetype": "video/webm", "cacheControl": "max-age=3600", "lastModified": "2024-10-24T14:56:04.000Z", "contentLength": 1950116, "httpStatusCode": 200}', 'ec0fe073-2a04-4f69-8d94-758464975405', '65d29206-cc02-43c5-8cc4-1302f1cc847d', '{}'),
	('23406580-f2cc-4da9-9879-58ae3172d882', 'resumes', '87796288-6847-4a37-aae1-26317d42c7ed/41d6f21e-45cd-496b-839f-e9e86725a57a_1729782072686.pdf', NULL, '2024-10-24 15:01:13.882773+00', '2024-10-24 15:01:13.882773+00', '2024-10-24 15:01:13.882773+00', '{"eTag": "\"42b5320fd5ef6faf7964755275ec38a8\"", "size": 712453, "mimetype": "text/plain;charset=UTF-8", "cacheControl": "max-age=3600", "lastModified": "2024-10-24T15:01:14.000Z", "contentLength": 712453, "httpStatusCode": 200}', '316ed4e2-f330-407f-be05-305a773e4075', NULL, '{}'),
	('8e800df6-3dad-4bfa-9a6e-9d08f8ebf548', 'videos', 'interviews/.emptyFolderPlaceholder', NULL, '2024-10-13 13:00:19.782827+00', '2024-10-13 13:00:19.782827+00', '2024-10-13 13:00:19.782827+00', '{"eTag": "\"d41d8cd98f00b204e9800998ecf8427e\"", "size": 0, "mimetype": "application/octet-stream", "cacheControl": "max-age=3600", "lastModified": "2024-10-13T13:00:20.000Z", "contentLength": 0, "httpStatusCode": 200}', 'aad1de2e-09cb-431b-bda4-7dbec38fbcbc', NULL, '{}'),
	('6a49f337-0a8e-4d54-9f0d-20480867240b', 'videos', 'interviews/1728854118354_f5m9cc6vepf.webm', NULL, '2024-10-13 21:15:21.308871+00', '2024-10-13 21:15:21.308871+00', '2024-10-13 21:15:21.308871+00', '{"eTag": "\"1091eacb2265ad3f6a31b5c29a2c047d\"", "size": 1635754, "mimetype": "video/webm", "cacheControl": "max-age=3600", "lastModified": "2024-10-13T21:15:22.000Z", "contentLength": 1635754, "httpStatusCode": 200}', '65145a7c-714a-4e10-be8b-101660309723', NULL, '{}'),
	('786fc9ab-aa15-47bb-945f-83c8c6864dc8', 'resumes', '87796288-6847-4a37-aae1-26317d42c7ed/62cedb22-0116-4cb1-954d-98a7331c58cd_1729782132337.pdf', NULL, '2024-10-24 15:02:13.718703+00', '2024-10-24 15:02:13.718703+00', '2024-10-24 15:02:13.718703+00', '{"eTag": "\"42b5320fd5ef6faf7964755275ec38a8\"", "size": 712453, "mimetype": "text/plain;charset=UTF-8", "cacheControl": "max-age=3600", "lastModified": "2024-10-24T15:02:14.000Z", "contentLength": 712453, "httpStatusCode": 200}', '29293f2f-92e1-42ce-8311-28de669d9b6a', NULL, '{}'),
	('d8e1677c-38de-46e6-911c-a98f5b7cc5ba', 'videos', 'interviews/1728880650168_i6ibwn6wck.webm', NULL, '2024-10-14 04:37:32.604314+00', '2024-10-14 04:37:32.604314+00', '2024-10-14 04:37:32.604314+00', '{"eTag": "\"94b9f8a6c655307c369154c62c2de2a0\"", "size": 1694275, "mimetype": "video/webm", "cacheControl": "max-age=3600", "lastModified": "2024-10-14T04:37:33.000Z", "contentLength": 1694275, "httpStatusCode": 200}', '6df462eb-6178-449d-a674-e3587c27853b', NULL, '{}'),
	('e7fadd0f-9bbf-42b7-adc7-bad5763ace82', 'test', '87796288-6847-4a37-aae1-26317d42c7ed/62cedb22-0116-4cb1-954d-98a7331c58cd_1729782132337.pdf', NULL, '2024-10-24 15:02:15.32034+00', '2024-10-24 15:02:15.32034+00', '2024-10-24 15:02:15.32034+00', '{"eTag": "\"42b5320fd5ef6faf7964755275ec38a8\"", "size": 712453, "mimetype": "text/plain;charset=UTF-8", "cacheControl": "max-age=3600", "lastModified": "2024-10-24T15:02:16.000Z", "contentLength": 712453, "httpStatusCode": 200}', '6a6a07f1-4610-458c-82dc-08d0fbd4d33a', NULL, '{}'),
	('4fab4f7d-97e9-469b-9129-48a9f15482a8', 'resumes', '87796288-6847-4a37-aae1-26317d42c7ed/b4640d5f-cd63-45ce-99e6-96a2f3d53868_1729782421371.pdf', NULL, '2024-10-24 15:07:01.811467+00', '2024-10-24 15:07:01.811467+00', '2024-10-24 15:07:01.811467+00', '{"eTag": "\"ab2b1f1d455ae3c1fe8d9536392a7dbc\"", "size": 132152, "mimetype": "application/pdf", "cacheControl": "max-age=3600", "lastModified": "2024-10-24T15:07:02.000Z", "contentLength": 132152, "httpStatusCode": 200}', '5d31aea7-cc3c-48cd-8e18-1440066bf16d', NULL, '{}'),
	('48c9cfd4-0ab5-4634-b874-5bba21e79454', 'test', '87796288-6847-4a37-aae1-26317d42c7ed/b4640d5f-cd63-45ce-99e6-96a2f3d53868_1729782421371.pdf', NULL, '2024-10-24 15:07:02.650602+00', '2024-10-24 15:07:02.650602+00', '2024-10-24 15:07:02.650602+00', '{"eTag": "\"ab2b1f1d455ae3c1fe8d9536392a7dbc\"", "size": 132152, "mimetype": "application/pdf", "cacheControl": "max-age=3600", "lastModified": "2024-10-24T15:07:03.000Z", "contentLength": 132152, "httpStatusCode": 200}', 'c844169d-8d1a-4074-939c-2c762951ba08', NULL, '{}'),
	('d1605d58-ac6e-4a35-8789-4cc10463fa90', 'resumes', '87796288-6847-4a37-aae1-26317d42c7ed/a4251af4-84a4-4f1d-818f-7413622abf7e_1729782564104.pdf', NULL, '2024-10-24 15:09:25.071418+00', '2024-10-24 15:09:25.071418+00', '2024-10-24 15:09:25.071418+00', '{"eTag": "\"ab2b1f1d455ae3c1fe8d9536392a7dbc\"", "size": 132152, "mimetype": "application/pdf", "cacheControl": "max-age=3600", "lastModified": "2024-10-24T15:09:25.000Z", "contentLength": 132152, "httpStatusCode": 200}', 'd41ef0eb-2784-4c10-aaaa-7c76edd9006b', NULL, '{}'),
	('ccd447bc-830e-4885-b25a-0f19e6741707', 'videos', 'interviews/1728880905550_9o5ibs06nu.webm', NULL, '2024-10-14 04:41:48.693966+00', '2024-10-14 04:41:48.693966+00', '2024-10-14 04:41:48.693966+00', '{"eTag": "\"200b8fc10433808b26b5724c039105d6\"", "size": 1656305, "mimetype": "video/webm", "cacheControl": "max-age=3600", "lastModified": "2024-10-14T04:41:49.000Z", "contentLength": 1656305, "httpStatusCode": 200}', 'c1a8c9c6-882d-45e3-8590-b4fa7c50ab5a', NULL, '{}'),
	('2616e62a-ebf7-4d88-9e43-3cb853579d62', 'videos', 'interviews/1728881549921_qrdw08hjq7q.webm', NULL, '2024-10-14 04:52:37.677425+00', '2024-10-14 04:52:37.677425+00', '2024-10-14 04:52:37.677425+00', '{"eTag": "\"c6c0674b49461d07cec1fc2a62013862\"", "size": 2115806, "mimetype": "video/webm", "cacheControl": "max-age=3600", "lastModified": "2024-10-14T04:52:38.000Z", "contentLength": 2115806, "httpStatusCode": 200}', '04408cf3-784c-4f40-9d90-beec8f719862', NULL, '{}'),
	('35be4095-ba77-4fe4-82ab-5c05a9c98dd3', 'videos', 'interviews/1728884244028_7h1fmotxpcf.webm', NULL, '2024-10-14 05:37:28.240374+00', '2024-10-14 05:37:28.240374+00', '2024-10-14 05:37:28.240374+00', '{"eTag": "\"0f3f529152d3869a14fcc1e4516092d5-2\"", "size": 9813298, "mimetype": "video/webm", "cacheControl": "max-age=3600", "lastModified": "2024-10-14T05:37:28.000Z", "contentLength": 9813298, "httpStatusCode": 200}', '064cf9eb-bbd2-44a0-b2c2-4a109810015e', NULL, '{}'),
	('72cbfc50-67a0-4483-9347-f838d96b8464', 'resumes', '87796288-6847-4a37-aae1-26317d42c7ee/90a07a26-9405-4b9a-8009-65852ec5d1cd_1729784643138.pdf', NULL, '2024-10-24 15:44:04.156069+00', '2024-10-24 15:44:04.156069+00', '2024-10-24 15:44:04.156069+00', '{"eTag": "\"42b5320fd5ef6faf7964755275ec38a8\"", "size": 712453, "mimetype": "application/pdf", "cacheControl": "max-age=3600", "lastModified": "2024-10-24T15:44:05.000Z", "contentLength": 712453, "httpStatusCode": 200}', '33ed3b18-b85a-4b62-95cd-e8bf1072e250', NULL, '{}'),
	('291e64bd-9b11-4a07-ba73-3c87f716d8e5', 'videos', 'interviews/1728877439226_lcmelhdk5h.webm', NULL, '2024-10-14 03:44:02.587985+00', '2024-10-14 03:44:02.587985+00', '2024-10-14 03:44:02.587985+00', '{"eTag": "\"550a1b7e1ac13f2056cdb1b672cf1db9\"", "size": 2216665, "mimetype": "video/webm", "cacheControl": "max-age=3600", "lastModified": "2024-10-14T03:44:03.000Z", "contentLength": 2216665, "httpStatusCode": 200}', 'd0b89901-133a-49c0-8b6b-695691bcc659', NULL, '{}'),
	('1047b67a-f28c-4fc3-a1e3-ce612214db40', 'videos', 'interviews/1728880397241_ae9jme4xzxa.webm', NULL, '2024-10-14 04:33:23.290956+00', '2024-10-14 04:33:23.290956+00', '2024-10-14 04:33:23.290956+00', '{"eTag": "\"1e9e76b70e0a167615596c675f750dd7\"", "size": 672359, "mimetype": "video/webm", "cacheControl": "max-age=3600", "lastModified": "2024-10-14T04:33:24.000Z", "contentLength": 672359, "httpStatusCode": 200}', '36e44cc6-3762-4b56-88d6-169b31bd59cf', NULL, '{}'),
	('8bd4921a-c5f5-48ab-af05-3c10c92c1f1d', 'videos', 'interviews/1728880478937_l71c3guxgso.webm', NULL, '2024-10-14 04:34:42.743955+00', '2024-10-14 04:34:42.743955+00', '2024-10-14 04:34:42.743955+00', '{"eTag": "\"efcbbb678983c41c3506d4a1fbd0d3dd\"", "size": 1057799, "mimetype": "video/webm", "cacheControl": "max-age=3600", "lastModified": "2024-10-14T04:34:43.000Z", "contentLength": 1057799, "httpStatusCode": 200}', '1d2ec0ba-e67b-4f35-9e69-e0f2e8d8445d', NULL, '{}'),
	('7192e3ea-7c15-4365-843c-86752a332a37', 'videos', 'interviews/1728886364273_5l6lh62tbs4.webm', NULL, '2024-10-14 06:12:47.806909+00', '2024-10-14 06:12:47.806909+00', '2024-10-14 06:12:47.806909+00', '{"eTag": "\"c876e9ab9a2a0ad23336db51f123ecc7\"", "size": 2650682, "mimetype": "video/webm", "cacheControl": "max-age=3600", "lastModified": "2024-10-14T06:12:48.000Z", "contentLength": 2650682, "httpStatusCode": 200}', '3bc18a91-f453-4142-9e21-af7436247561', NULL, '{}'),
	('d7d8e122-d3c1-40de-b9da-4c43701f0716', 'resumes', '87796288-6847-4a37-aae1-26317d42c7ee/b4640d5f-cd63-45ce-99e6-96a2f3d53868_1729785161479.pdf', NULL, '2024-10-24 15:52:42.52139+00', '2024-10-24 15:52:42.52139+00', '2024-10-24 15:52:42.52139+00', '{"eTag": "\"c8b92dca165a6381c3c5e68b577f0f03\"", "size": 2217, "mimetype": "application/pdf", "cacheControl": "max-age=3600", "lastModified": "2024-10-24T15:52:43.000Z", "contentLength": 2217, "httpStatusCode": 200}', '6b50ae96-3fdf-4ced-8bf2-e75b9875a2e7', NULL, '{}'),
	('1ef6e83e-0d9f-4d76-9ab9-616bd0775ac2', 'videos', 'interviews/1728886495257_1214vcjq5v0a.webm', NULL, '2024-10-14 06:14:58.202477+00', '2024-10-14 06:14:58.202477+00', '2024-10-14 06:14:58.202477+00', '{"eTag": "\"540eb783466b498eef0ed0c4e9914c6b\"", "size": 4326874, "mimetype": "video/webm", "cacheControl": "max-age=3600", "lastModified": "2024-10-14T06:14:58.000Z", "contentLength": 4326874, "httpStatusCode": 200}', '45b55ebd-116a-4026-b1d9-c1bdd7b6d367', NULL, '{}'),
	('a15988df-b0a4-4858-8722-12a54711a889', 'videos', 'interviews/1728915166373_wlntq3if6w.webm', NULL, '2024-10-14 14:12:55.862866+00', '2024-10-14 14:12:55.862866+00', '2024-10-14 14:12:55.862866+00', '{"eTag": "\"9deb2ffc5627bc1b477e68bd5b4df65f-7\"", "size": 34641579, "mimetype": "video/webm", "cacheControl": "max-age=3600", "lastModified": "2024-10-14T14:12:55.000Z", "contentLength": 34641579, "httpStatusCode": 200}', 'fb2365f6-237e-47ca-b6a5-62f7faab5ac0', NULL, '{}'),
	('db05bcba-f983-49bd-85ca-fd1a32e74188', 'videos', 'interviews/1729698838146_d9in5o8r2f.webm', '3c3fd8cf-a761-46e1-ae42-763e06af0f8f', '2024-10-23 15:54:03.035566+00', '2024-10-23 15:54:03.035566+00', '2024-10-23 15:54:03.035566+00', '{"eTag": "\"48f71760753bb5cd0ad64388a2397956-2\"", "size": 6827424, "mimetype": "video/webm", "cacheControl": "max-age=3600", "lastModified": "2024-10-23T15:54:02.000Z", "contentLength": 6827424, "httpStatusCode": 200}', 'e0107f1d-b4ad-4215-acf0-4cd76ac8d375', '3c3fd8cf-a761-46e1-ae42-763e06af0f8f', '{}'),
	('a0c4092e-a7a8-4fd4-abe7-2d88c70f7bb7', 'audio', 'interviews/551a34b8-5013-442d-b261-cc4036dcb7cd.wav', NULL, '2024-10-15 13:12:28.374306+00', '2024-10-15 14:39:06.329051+00', '2024-10-15 13:12:28.374306+00', '{"eTag": "\"cb0e0648dc467a4f49eb945de9c60623-2\"", "size": 8679918, "mimetype": "audio/wav", "cacheControl": "max-age=3600", "lastModified": "2024-10-15T14:39:06.000Z", "contentLength": 8679918, "httpStatusCode": 200}', '0a924431-f153-475b-ae22-360e363a1637', NULL, '{}'),
	('eba43b6c-b396-4c14-9098-cd0d15be32fd', 'videos', 'interviews/1729158869938_36jgf4p04ce.webm', 'd1fe12df-9a69-4804-93ff-4b9cdb470c64', '2024-10-17 09:54:32.960516+00', '2024-10-17 09:54:32.960516+00', '2024-10-17 09:54:32.960516+00', '{"eTag": "\"2e087aaffe483762a179c129f43b2231\"", "size": 1840035, "mimetype": "video/webm", "cacheControl": "max-age=3600", "lastModified": "2024-10-17T09:54:33.000Z", "contentLength": 1840035, "httpStatusCode": 200}', 'bc837cb0-06a8-4b42-a3bd-797e987ef35a', 'd1fe12df-9a69-4804-93ff-4b9cdb470c64', '{}'),
	('e1829903-1d6d-475d-b62b-3ea8d91ffe31', 'resumes', '87796288-6847-4a37-aae1-26317d42c7ee/0bf6ee2c-abd6-4ebb-aada-38681826c189_1729785654025.pdf', NULL, '2024-10-24 16:00:55.178223+00', '2024-10-24 16:00:55.178223+00', '2024-10-24 16:00:55.178223+00', '{"eTag": "\"c8b92dca165a6381c3c5e68b577f0f03\"", "size": 2217, "mimetype": "application/pdf", "cacheControl": "max-age=3600", "lastModified": "2024-10-24T16:00:56.000Z", "contentLength": 2217, "httpStatusCode": 200}', '8f3824c3-d3e2-40d0-b6ee-2c6ed6d8d3a5', NULL, '{}'),
	('b5c3a215-29cf-4763-99d8-07d65ff09ce8', 'videos', 'interviews/1729061192030_7gdt0fi7kxk.webm', NULL, '2024-10-16 06:46:36.498626+00', '2024-10-16 06:46:36.498626+00', '2024-10-16 06:46:36.498626+00', '{"eTag": "\"b182495bf0ee3596bee68f3a5f8157de-2\"", "size": 8533284, "mimetype": "video/webm", "cacheControl": "max-age=3600", "lastModified": "2024-10-16T06:46:36.000Z", "contentLength": 8533284, "httpStatusCode": 200}', 'bf43b38b-59a5-407c-82a0-163f29882f7f', NULL, '{}'),
	('e434eb5e-2585-4f87-8fed-6bfcc5aaaba3', 'audio', 'interviews/9ec87f4f-5e84-4b4d-8463-166e7636c338.wav', NULL, '2024-10-16 06:46:40.092523+00', '2024-10-16 06:46:40.092523+00', '2024-10-16 06:46:40.092523+00', '{"eTag": "\"98727a75e2bdfa698dfee55146d58eec\"", "size": 1408254, "mimetype": "audio/wav", "cacheControl": "max-age=3600", "lastModified": "2024-10-16T06:46:40.000Z", "contentLength": 1408254, "httpStatusCode": 200}', '71a11d82-21ab-401c-9dc7-85c5348b44d2', NULL, '{}'),
	('df356401-7fcc-4886-a022-8ef7de8fb64e', 'videos', 'interviews/1728900976438_1twqwbvkicb.webm', NULL, '2024-10-14 10:16:25.438798+00', '2024-10-14 10:16:25.438798+00', '2024-10-14 10:16:25.438798+00', '{"eTag": "\"749f87aec3b4b5829e9aec96e769d72c-7\"", "size": 33198709, "mimetype": "video/webm", "cacheControl": "max-age=3600", "lastModified": "2024-10-14T10:16:24.000Z", "contentLength": 33198709, "httpStatusCode": 200}', '0ea4ad45-7d1a-4873-97b4-23c9686efb2c', NULL, '{}'),
	('1f82f28e-8727-4e49-87c9-19d6b3d2da18', 'resumes', '87796288-6847-4a37-aae1-26317d42c7ee/74053640-ffa5-4147-9a68-692413df6e93_1729785801336.pdf', NULL, '2024-10-24 16:03:21.928039+00', '2024-10-24 16:03:21.928039+00', '2024-10-24 16:03:21.928039+00', '{"eTag": "\"c8b92dca165a6381c3c5e68b577f0f03\"", "size": 2217, "mimetype": "application/pdf", "cacheControl": "max-age=3600", "lastModified": "2024-10-24T16:03:22.000Z", "contentLength": 2217, "httpStatusCode": 200}', '84776f6f-823d-4bfb-80bc-2a3b263c53a9', NULL, '{}'),
	('ef315b6f-e7f1-40ad-adea-9896a7e58d68', 'resumes', '87796288-6847-4a37-aae1-26317d42c7ee/79336f0c-2287-4426-afa7-e298497cdcc6_1729785944631.pdf', NULL, '2024-10-24 16:05:45.723479+00', '2024-10-24 16:05:45.723479+00', '2024-10-24 16:05:45.723479+00', '{"eTag": "\"c8b92dca165a6381c3c5e68b577f0f03\"", "size": 2217, "mimetype": "application/pdf", "cacheControl": "max-age=3600", "lastModified": "2024-10-24T16:05:46.000Z", "contentLength": 2217, "httpStatusCode": 200}', 'bdde1007-a60f-4f70-af74-c0523c816464', NULL, '{}'),
	('edc80c8f-0bc6-4836-a649-87a94c5cea89', 'audio', 'interviews/a3b86845-d70f-46e2-b7b3-5baa319febdc.wav', NULL, '2024-10-23 15:54:09.645677+00', '2024-10-23 15:54:09.645677+00', '2024-10-23 15:54:09.645677+00', '{"eTag": "\"792f34a225745ae7bc8ca430e5843c0a\"", "size": 1028622, "mimetype": "audio/wav", "cacheControl": "max-age=3600", "lastModified": "2024-10-23T15:54:10.000Z", "contentLength": 1028622, "httpStatusCode": 200}', '3891cb53-f1df-4d7b-b4f3-581ee12210ab', NULL, '{}'),
	('bc0c062c-d67b-4b2c-9222-7a323802bda0', 'resumes', '87796288-6847-4a37-aae1-26317d42c7ed/4694e152-cb0f-46e5-b4db-0c5079b90338_1729836270237.pdf', NULL, '2024-10-25 06:04:30.861997+00', '2024-10-25 06:04:30.861997+00', '2024-10-25 06:04:30.861997+00', '{"eTag": "\"109cf59e6ad127ed867b9e30d1b9b691\"", "size": 1959, "mimetype": "application/pdf", "cacheControl": "max-age=3600", "lastModified": "2024-10-25T06:04:31.000Z", "contentLength": 1959, "httpStatusCode": 200}', '3493b350-b29c-490e-a2c0-46a24785f151', NULL, '{}'),
	('ae77da58-3f0d-4a01-9259-78b996416c3b', 'videos', 'interviews/1729083498297_hmgr5wugurj.webm', NULL, '2024-10-16 12:58:22.583846+00', '2024-10-16 12:58:22.583846+00', '2024-10-16 12:58:22.583846+00', '{"eTag": "\"cb4a0be3c657f058dd58e624a2b8d578-3\"", "size": 12191406, "mimetype": "video/webm", "cacheControl": "max-age=3600", "lastModified": "2024-10-16T12:58:22.000Z", "contentLength": 12191406, "httpStatusCode": 200}', '3fcee535-8e2b-4b0b-bf17-de53a5db56f0', NULL, '{}'),
	('55ef4da5-7463-46ab-b61e-247d73d9347f', 'audio', 'interviews/02f821b4-b0cb-4331-8c04-a44c0a9121e5.wav', NULL, '2024-10-16 11:26:15.498428+00', '2024-10-16 13:14:11.937043+00', '2024-10-16 11:26:15.498428+00', '{"eTag": "\"df6ecb6a8801dd4ad7e05009d59fac2f\"", "size": 3775422, "mimetype": "audio/wav", "cacheControl": "max-age=3600", "lastModified": "2024-10-16T13:14:12.000Z", "contentLength": 3775422, "httpStatusCode": 200}', '52f0041e-a445-44eb-a785-55bba7cdb89e', NULL, '{}'),
	('8b1ec00d-0ef2-433e-8936-64e05a52e8c0', 'resumes', '87796288-6847-4a37-aae1-26317d42c7ed/9d8e47a1-8ee8-4245-98fc-caa1a0558d7c_1729836798624.pdf', NULL, '2024-10-25 06:13:19.432056+00', '2024-10-25 06:13:19.432056+00', '2024-10-25 06:13:19.432056+00', '{"eTag": "\"3152fedd98df8ef6b8ad7ed76a10b3bc\"", "size": 1658, "mimetype": "application/pdf", "cacheControl": "max-age=3600", "lastModified": "2024-10-25T06:13:20.000Z", "contentLength": 1658, "httpStatusCode": 200}', '7624a74e-f998-435c-a434-801f4b62b05e', NULL, '{}'),
	('1e87fea6-1859-45f6-b569-e82bb271bc71', 'videos', 'interviews/1729066915656_tkxu18aohs.webm', NULL, '2024-10-16 08:22:00.810948+00', '2024-10-16 08:22:00.810948+00', '2024-10-16 08:22:00.810948+00', '{"eTag": "\"403efdd785f309f31bd5aac5ffab676f-2\"", "size": 7250838, "mimetype": "video/webm", "cacheControl": "max-age=3600", "lastModified": "2024-10-16T08:22:01.000Z", "contentLength": 7250838, "httpStatusCode": 200}', '81ad31c7-f33b-40a5-bbf6-78a499c1d491', NULL, '{}'),
	('43dd1ece-4d23-4cf2-8372-4d0831b3f537', 'resumes', '87796288-6847-4a37-aae1-26317d42c7ed/7b83fd6e-623a-4fbe-858f-f0fad1166bc9_1729836904046.pdf', NULL, '2024-10-25 06:15:04.790458+00', '2024-10-25 06:15:04.790458+00', '2024-10-25 06:15:04.790458+00', '{"eTag": "\"3152fedd98df8ef6b8ad7ed76a10b3bc\"", "size": 1658, "mimetype": "application/pdf", "cacheControl": "max-age=3600", "lastModified": "2024-10-25T06:15:05.000Z", "contentLength": 1658, "httpStatusCode": 200}', 'bb40e4d6-b43e-472a-ae2f-e77cb7d8d289', NULL, '{}'),
	('1c5855a3-211a-402c-ac0f-0c94e7fc9e59', 'videos', 'interviews/1729056473081_qw939k6j16.webm', NULL, '2024-10-16 05:27:55.375818+00', '2024-10-16 05:27:55.375818+00', '2024-10-16 05:27:55.375818+00', '{"eTag": "\"690866bb2a6b1b858d241e46f094fa10\"", "size": 519863, "mimetype": "video/webm", "cacheControl": "max-age=3600", "lastModified": "2024-10-16T05:27:56.000Z", "contentLength": 519863, "httpStatusCode": 200}', 'f17015fd-a69f-4c31-93f2-5f5b32423e06', NULL, '{}'),
	('2b7caeb1-24aa-41de-a9bb-f23cfcaaf3b6', 'videos', 'interviews/1729159655846_u9kih1ev0g.webm', 'd1fe12df-9a69-4804-93ff-4b9cdb470c64', '2024-10-17 10:07:39.157127+00', '2024-10-17 10:07:39.157127+00', '2024-10-17 10:07:39.157127+00', '{"eTag": "\"784e0bc189cd31736761fed447c4ac99\"", "size": 3633293, "mimetype": "video/webm", "cacheControl": "max-age=3600", "lastModified": "2024-10-17T10:07:39.000Z", "contentLength": 3633293, "httpStatusCode": 200}', '9dc7555e-9c0b-422a-91f8-98719c8c8560', 'd1fe12df-9a69-4804-93ff-4b9cdb470c64', '{}'),
	('309a45be-ce07-404d-bb1a-e11794b00143', 'audio', 'interviews/c817b974-3eef-4081-a48c-6c9759cbbe27.wav', NULL, '2024-10-16 05:27:59.185218+00', '2024-10-16 05:27:59.185218+00', '2024-10-16 05:27:59.185218+00', '{"eTag": "\"ca05dbd10490516ff8173f6a50e68c76\"", "size": 257454, "mimetype": "audio/wav", "cacheControl": "max-age=3600", "lastModified": "2024-10-16T05:28:00.000Z", "contentLength": 257454, "httpStatusCode": 200}', '775f1f84-448c-4212-9f0e-497ef47023ab', NULL, '{}'),
	('f8f0b5f5-dad9-4a6a-b9e7-8508d4899ef3', 'resumes', '87796288-6847-4a37-aae1-26317d42c7ed/1897534a-ef34-41c7-b6ec-d4fcf44ac2ad_1729837335393.pdf', NULL, '2024-10-25 06:22:16.294348+00', '2024-10-25 06:22:16.294348+00', '2024-10-25 06:22:16.294348+00', '{"eTag": "\"3bdb0bcc7e4feb41a3b940d93c00a653\"", "size": 1659, "mimetype": "application/pdf", "cacheControl": "max-age=3600", "lastModified": "2024-10-25T06:22:17.000Z", "contentLength": 1659, "httpStatusCode": 200}', '9c4d238e-b4f5-42ed-a93a-da6fb05dbf98', NULL, '{}'),
	('4c5fea9a-2b2e-4736-b54f-5e2972b0c3b8', 'videos', 'interviews/1729159728895_iafd7lynwl.webm', 'd1fe12df-9a69-4804-93ff-4b9cdb470c64', '2024-10-17 10:08:52.111313+00', '2024-10-17 10:08:52.111313+00', '2024-10-17 10:08:52.111313+00', '{"eTag": "\"c4f92633289b22529944a804d6b5dd60\"", "size": 1818989, "mimetype": "video/webm", "cacheControl": "max-age=3600", "lastModified": "2024-10-17T10:08:52.000Z", "contentLength": 1818989, "httpStatusCode": 200}', 'c6438eaf-593b-4195-bfa9-f4f31f2c1288', 'd1fe12df-9a69-4804-93ff-4b9cdb470c64', '{}'),
	('307dd697-4a59-4c24-92cd-6980b568c9d3', 'resumes', '87796288-6847-4a37-aae1-26317d42c7ed/72d21dd6-0370-4528-8d80-bb2fb578bd3b_1729837687640.pdf', NULL, '2024-10-25 06:28:08.377387+00', '2024-10-25 06:28:08.377387+00', '2024-10-25 06:28:08.377387+00', '{"eTag": "\"3152fedd98df8ef6b8ad7ed76a10b3bc\"", "size": 1658, "mimetype": "application/pdf", "cacheControl": "max-age=3600", "lastModified": "2024-10-25T06:28:09.000Z", "contentLength": 1658, "httpStatusCode": 200}', '424b11a1-738d-4d4d-b90b-b501c4489507', NULL, '{}'),
	('d6afa6bf-e11a-4a1c-850d-3a35d94606d9', 'videos', 'interviews/1729837731633_3d784ni997h.webm', '72d21dd6-0370-4528-8d80-bb2fb578bd3b', '2024-10-25 06:28:54.400516+00', '2024-10-25 06:28:54.400516+00', '2024-10-25 06:28:54.400516+00', '{"eTag": "\"d7bf5ed792f0f2b617e690da889e36a2\"", "size": 4697691, "mimetype": "video/webm", "cacheControl": "max-age=3600", "lastModified": "2024-10-25T06:28:55.000Z", "contentLength": 4697691, "httpStatusCode": 200}', '27dd5a11-f995-4711-8c63-cad308494303', '72d21dd6-0370-4528-8d80-bb2fb578bd3b', '{}'),
	('80266901-3d54-4520-aaf8-4d9878bb8fa3', 'videos', 'interviews/1729079803773_wetae6qyoxe.webm', NULL, '2024-10-16 11:56:49.535283+00', '2024-10-16 11:56:49.535283+00', '2024-10-16 11:56:49.535283+00', '{"eTag": "\"f28d14ac9f8ce3626287addbedd03f9c-3\"", "size": 11655613, "mimetype": "video/webm", "cacheControl": "max-age=3600", "lastModified": "2024-10-16T11:56:49.000Z", "contentLength": 11655613, "httpStatusCode": 200}', '8a62fdb5-85f2-4b1f-964d-8fa4bc7f5b09', NULL, '{}'),
	('60905fe0-ac12-43d5-a3b6-05af71a93b26', 'seed_resume', 'Laura_Anderson_detailed_resume.pdf', NULL, '2024-10-16 06:24:18.411102+00', '2024-10-16 06:24:18.411102+00', '2024-10-16 06:24:18.411102+00', '{"eTag": "\"3ab3748e0906f18818ffa7ce88f1d101-1\"", "size": 2033, "mimetype": "application/pdf", "cacheControl": "max-age=3600", "lastModified": "2024-10-16T06:24:18.000Z", "contentLength": 2033, "httpStatusCode": 200}', 'f56fb8bd-5a95-43e3-9c35-8777d4a1508f', NULL, NULL),
	('a4c970a4-7219-4c61-adbb-4fe3fc80e49c', 'seed_resume', 'James_Clark_detailed_resume.pdf', NULL, '2024-10-16 06:24:18.486438+00', '2024-10-16 06:24:18.486438+00', '2024-10-16 06:24:18.486438+00', '{"eTag": "\"1cc2f99b207900147495ba7ee0568881-1\"", "size": 1961, "mimetype": "application/pdf", "cacheControl": "max-age=3600", "lastModified": "2024-10-16T06:24:19.000Z", "contentLength": 1961, "httpStatusCode": 200}', '6a5f20ad-2b13-454f-9516-a0a226c7037c', NULL, NULL),
	('32b5a551-9b26-4de5-b9ca-a841aa0fcf30', 'seed_resume', 'Sophia_Lewis_detailed_resume.pdf', NULL, '2024-10-16 06:24:18.496286+00', '2024-10-16 06:24:18.496286+00', '2024-10-16 06:24:18.496286+00', '{"eTag": "\"3f16bb689e51801e06e34e2ad26b8f52-1\"", "size": 2104, "mimetype": "application/pdf", "cacheControl": "max-age=3600", "lastModified": "2024-10-16T06:24:19.000Z", "contentLength": 2104, "httpStatusCode": 200}', 'fddea704-a0fa-4945-9df4-ce85bb62a3fd', NULL, NULL),
	('cd1ae4e7-21b6-49e0-a99a-48cba5496db0', 'seed_resume', 'Michael_Brown_detailed_resume.pdf', NULL, '2024-10-16 06:24:18.546107+00', '2024-10-16 06:24:18.546107+00', '2024-10-16 06:24:18.546107+00', '{"eTag": "\"2f56385a21fa6996c6badc69c51aa13f-1\"", "size": 1697, "mimetype": "application/pdf", "cacheControl": "max-age=3600", "lastModified": "2024-10-16T06:24:19.000Z", "contentLength": 1697, "httpStatusCode": 200}', '653fb8f0-9362-4fc9-acb7-9ac43743cb46', NULL, NULL),
	('63e6799a-95e1-4be4-9bc5-3d96993e78f4', 'seed_resume', 'Jessica_Davis_detailed_resume.pdf', NULL, '2024-10-16 06:24:18.787057+00', '2024-10-16 06:24:18.787057+00', '2024-10-16 06:24:18.787057+00', '{"eTag": "\"34baea33b342d2860db8f6885723f45a-1\"", "size": 1972, "mimetype": "application/pdf", "cacheControl": "max-age=3600", "lastModified": "2024-10-16T06:24:19.000Z", "contentLength": 1972, "httpStatusCode": 200}', '687ed889-180b-4997-b215-8bbe4a57abde', NULL, NULL),
	('ff0a1ea5-f0a2-4b41-9246-39fd21030e07', 'seed_resume', 'Daniel_Taylor_detailed_resume.pdf', NULL, '2024-10-16 06:24:18.826643+00', '2024-10-16 06:24:18.826643+00', '2024-10-16 06:24:18.826643+00', '{"eTag": "\"d3fa09db5cf4fab102b9d61a6cc9da4c-1\"", "size": 1959, "mimetype": "application/pdf", "cacheControl": "max-age=3600", "lastModified": "2024-10-16T06:24:19.000Z", "contentLength": 1959, "httpStatusCode": 200}', '0a179f6b-dcd5-4504-a2bc-75d7823e5a11', NULL, NULL),
	('aa09bef7-57c8-4df9-b673-572d58d24523', 'seed_resume', 'Sarah_Smith_detailed_resume.pdf', NULL, '2024-10-16 06:24:18.846663+00', '2024-10-16 06:24:18.846663+00', '2024-10-16 06:24:18.846663+00', '{"eTag": "\"ad3997359a0e6d929b11101b08802bbd-1\"", "size": 1636, "mimetype": "application/pdf", "cacheControl": "max-age=3600", "lastModified": "2024-10-16T06:24:19.000Z", "contentLength": 1636, "httpStatusCode": 200}', '0f1f60aa-c76d-4d45-8f9a-feb3ce2b5c1d', NULL, NULL),
	('71eea8c5-aa35-4357-a206-e1f2cb40d14f', 'seed_resume', 'David_Wilson_detailed_resume.pdf', NULL, '2024-10-16 06:24:18.915247+00', '2024-10-16 06:24:18.915247+00', '2024-10-16 06:24:18.915247+00', '{"eTag": "\"42d8ff86e912ba8df3c1e23980de6097-1\"", "size": 1659, "mimetype": "application/pdf", "cacheControl": "max-age=3600", "lastModified": "2024-10-16T06:24:19.000Z", "contentLength": 1659, "httpStatusCode": 200}', '7e7f1a01-e583-4407-a6c3-f23d8e673de9', NULL, NULL),
	('4e3771f2-df68-4cb0-adf1-7156f8fb2a28', 'seed_resume', 'Ashley_Moore_detailed_resume.pdf', NULL, '2024-10-16 06:24:18.418079+00', '2024-10-16 06:24:18.418079+00', '2024-10-16 06:24:18.418079+00', '{"eTag": "\"fd8e0a82b6af29d0237ca8e53954e1f5-1\"", "size": 1658, "mimetype": "application/pdf", "cacheControl": "max-age=3600", "lastModified": "2024-10-16T06:24:19.000Z", "contentLength": 1658, "httpStatusCode": 200}', '933fe3a9-588f-4a0e-b172-041ffc369efb', NULL, NULL),
	('5222a374-f567-4928-b101-b98d158b52a0', 'videos', 'interviews/1729159859012_dih3z9ro8w9.webm', 'd1fe12df-9a69-4804-93ff-4b9cdb470c64', '2024-10-17 10:11:02.692381+00', '2024-10-17 10:11:02.692381+00', '2024-10-17 10:11:02.692381+00', '{"eTag": "\"76b0d037bc88a56c6591c780c9e754ef\"", "size": 2871905, "mimetype": "video/webm", "cacheControl": "max-age=3600", "lastModified": "2024-10-17T10:11:03.000Z", "contentLength": 2871905, "httpStatusCode": 200}', '2d132bd7-2dd1-4bfc-9bb4-cfedbb8142bf', 'd1fe12df-9a69-4804-93ff-4b9cdb470c64', '{}'),
	('92dd8150-052f-4438-81dc-4ad96f2c005f', 'resumes', '87796288-6847-4a37-aae1-26317d42c7ed/4bffd303-f3bf-4409-bc88-07f3584c4b5a_1729840835015.pdf', NULL, '2024-10-25 07:20:35.828581+00', '2024-10-25 07:20:35.828581+00', '2024-10-25 07:20:35.828581+00', '{"eTag": "\"3152fedd98df8ef6b8ad7ed76a10b3bc\"", "size": 1658, "mimetype": "application/pdf", "cacheControl": "max-age=3600", "lastModified": "2024-10-25T07:20:36.000Z", "contentLength": 1658, "httpStatusCode": 200}', '527411ac-9dba-431f-952c-afa104d4abef', NULL, '{}'),
	('acd5c332-4046-42a5-854e-eda2005252aa', 'videos', 'interviews/1729159937083_df70ebcjazj.webm', 'd1fe12df-9a69-4804-93ff-4b9cdb470c64', '2024-10-17 10:12:20.147836+00', '2024-10-17 10:12:20.147836+00', '2024-10-17 10:12:20.147836+00', '{"eTag": "\"5194427aa5eb0d6bdb9f17c557765c3b\"", "size": 1463998, "mimetype": "video/webm", "cacheControl": "max-age=3600", "lastModified": "2024-10-17T10:12:21.000Z", "contentLength": 1463998, "httpStatusCode": 200}', '21ea2408-e1a2-4b36-9428-ec07443be590', 'd1fe12df-9a69-4804-93ff-4b9cdb470c64', '{}'),
	('531cd3e8-ac7b-4579-a6b9-2fb766e29ae1', 'videos', 'interviews/1729840881837_cw83l5z00or.webm', '4bffd303-f3bf-4409-bc88-07f3584c4b5a', '2024-10-25 07:21:23.691972+00', '2024-10-25 07:21:23.691972+00', '2024-10-25 07:21:23.691972+00', '{"eTag": "\"9848afb9beea8efb7c85f2064d0cbc69\"", "size": 1629735, "mimetype": "video/webm", "cacheControl": "max-age=3600", "lastModified": "2024-10-25T07:21:24.000Z", "contentLength": 1629735, "httpStatusCode": 200}', '6933c85c-6b66-4948-87a2-b10cb86dc882', '4bffd303-f3bf-4409-bc88-07f3584c4b5a', '{}'),
	('4615ee0e-c3f9-4fab-a2ed-75fcc969c181', 'videos', 'interviews/1729080280011_1jzuc21sku9.webm', NULL, '2024-10-16 12:04:48.152768+00', '2024-10-16 12:04:48.152768+00', '2024-10-16 12:04:48.152768+00', '{"eTag": "\"3eb102e325b68a9ab8a3e5e4662e320a-5\"", "size": 25234682, "mimetype": "video/webm", "cacheControl": "max-age=3600", "lastModified": "2024-10-16T12:04:47.000Z", "contentLength": 25234682, "httpStatusCode": 200}', '0dc75e49-4f16-4d3f-bcf7-461658bc0219', NULL, '{}'),
	('5c67aef6-88e1-4615-9c48-592e35e77916', 'videos', 'interviews/1729087160542_0h9f7se1ostw.webm', '5acf67eb-c0a2-4b21-b7d3-404065db1567', '2024-10-16 13:59:22.161731+00', '2024-10-16 13:59:22.161731+00', '2024-10-16 13:59:22.161731+00', '{"eTag": "\"c91a1a41e46c8af70d7f448c0e402413\"", "size": 3830356, "mimetype": "video/webm", "cacheControl": "max-age=3600", "lastModified": "2024-10-16T13:59:22.000Z", "contentLength": 3830356, "httpStatusCode": 200}', '373fd7b6-83fa-419e-9432-661775ce954d', '5acf67eb-c0a2-4b21-b7d3-404065db1567', '{}'),
	('fe6ed633-4fa4-40b8-bc04-b35054269881', 'videos', 'interviews/1729090195655_63fay4wv21l.webm', 'bd9ff50d-2ce4-4f1e-9422-3c580a236b12', '2024-10-16 14:50:03.699049+00', '2024-10-16 14:50:03.699049+00', '2024-10-16 14:50:03.699049+00', '{"eTag": "\"e95ecc4ac49ae169a75096e8ac21eec7-4\"", "size": 19814296, "mimetype": "video/webm", "cacheControl": "max-age=3600", "lastModified": "2024-10-16T14:50:03.000Z", "contentLength": 19814296, "httpStatusCode": 200}', 'cdf73c21-326c-4440-804f-c509d48e173f', 'bd9ff50d-2ce4-4f1e-9422-3c580a236b12', '{}'),
	('c95008af-a00b-489a-93b3-16686c2657c9', 'seed_resume', 'Emily_Johnson_detailed_resume.pdf', NULL, '2024-10-16 06:24:18.418674+00', '2024-10-16 06:24:18.418674+00', '2024-10-16 06:24:18.418674+00', '{"eTag": "\"f30f2ff090c1a5abd9167c3abd985b7f-1\"", "size": 2029, "mimetype": "application/pdf", "cacheControl": "max-age=3600", "lastModified": "2024-10-16T06:24:19.000Z", "contentLength": 2029, "httpStatusCode": 200}', '0c3063c3-8f4f-492d-abc0-7a30f8209adf', NULL, NULL),
	('f3a4ab17-c8c8-41d4-85aa-267e44da0d26', 'resumes', '87796288-6847-4a37-aae1-26317d42c7ed/f10446c9-8bb2-4c35-866d-3db2cdcdd1d5_1729844477687.pdf', NULL, '2024-10-25 08:21:18.545245+00', '2024-10-25 08:21:18.545245+00', '2024-10-25 08:21:18.545245+00', '{"eTag": "\"109cf59e6ad127ed867b9e30d1b9b691\"", "size": 1959, "mimetype": "application/pdf", "cacheControl": "max-age=3600", "lastModified": "2024-10-25T08:21:19.000Z", "contentLength": 1959, "httpStatusCode": 200}', '2cbd2fcc-e086-43b7-806b-7e36c7008bb3', NULL, '{}'),
	('d212f4d1-79e5-4a4f-932f-c23d77d615eb', 'videos', 'interviews/1729072740030_kvcu9nucx2.webm', NULL, '2024-10-16 09:59:03.598694+00', '2024-10-16 09:59:03.598694+00', '2024-10-16 09:59:03.598694+00', '{"eTag": "\"0a309ad119b35d87b6f319026e0a445c\"", "size": 2981837, "mimetype": "video/webm", "cacheControl": "max-age=3600", "lastModified": "2024-10-16T09:59:04.000Z", "contentLength": 2981837, "httpStatusCode": 200}', '5eaebdf8-177b-4b1a-b16c-9372a7481f15', NULL, '{}'),
	('473770fa-5315-44d0-a9ba-6ac2ee2136a4', 'videos', 'interviews/1729081948543_vhl26hfni6d.webm', NULL, '2024-10-16 12:32:37.358531+00', '2024-10-16 12:32:37.358531+00', '2024-10-16 12:32:37.358531+00', '{"eTag": "\"ebac48064746847fd5214a562bbfa651-6\"", "size": 29500909, "mimetype": "video/webm", "cacheControl": "max-age=3600", "lastModified": "2024-10-16T12:32:36.000Z", "contentLength": 29500909, "httpStatusCode": 200}', '792f4323-1f00-43fc-914e-211fe573e043', NULL, '{}'),
	('cfb1fa73-e887-47b5-8992-c8f6f2fa60f9', 'videos', 'interviews/1729142495412_f49g6fpatii.webm', '07b81eb5-54cd-49b6-9946-9dd95c041b33', '2024-10-17 05:21:38.388992+00', '2024-10-17 05:21:38.388992+00', '2024-10-17 05:21:38.388992+00', '{"eTag": "\"6a4f0c35832d470278bf83477c47d56e\"", "size": 1548425, "mimetype": "video/webm", "cacheControl": "max-age=3600", "lastModified": "2024-10-17T05:21:39.000Z", "contentLength": 1548425, "httpStatusCode": 200}', '23220e8c-908c-42c4-8c19-42a501e1ecee', '07b81eb5-54cd-49b6-9946-9dd95c041b33', '{}'),
	('d3ff7b1c-7e34-4cd5-8390-6dad316f1ef2', 'videos', 'interviews/1729160669762_ycq1s98kwx9.webm', 'd1fe12df-9a69-4804-93ff-4b9cdb470c64', '2024-10-17 10:24:54.545053+00', '2024-10-17 10:24:54.545053+00', '2024-10-17 10:24:54.545053+00', '{"eTag": "\"4af15bd1b03a5cf87d0dbce0aa97fc36\"", "size": 3947624, "mimetype": "video/webm", "cacheControl": "max-age=3600", "lastModified": "2024-10-17T10:24:55.000Z", "contentLength": 3947624, "httpStatusCode": 200}', '6cb416c7-be02-41bc-a3a4-c3a84d48eab7', 'd1fe12df-9a69-4804-93ff-4b9cdb470c64', '{}'),
	('a62a19e0-f7b0-4bc5-9684-b04d18a61ba3', 'audio', 'interviews/39118039-451f-4d0a-aa79-18c4f6e97cac.wav', NULL, '2024-10-17 05:21:41.968136+00', '2024-10-17 05:21:41.968136+00', '2024-10-17 05:21:41.968136+00', '{"eTag": "\"4a913bbc968522bb237846b38c29c7b0\"", "size": 414750, "mimetype": "audio/wav", "cacheControl": "max-age=3600", "lastModified": "2024-10-17T05:21:42.000Z", "contentLength": 414750, "httpStatusCode": 200}', 'c0647a90-79dc-4d4f-a586-af953479afca', NULL, '{}'),
	('1859b3c0-691c-4bf7-b4a5-860f53c4b578', 'videos', 'interviews/1729152819844_iujy3jv6h7i.webm', 'd1fe12df-9a69-4804-93ff-4b9cdb470c64', '2024-10-17 08:13:44.450458+00', '2024-10-17 08:13:44.450458+00', '2024-10-17 08:13:44.450458+00', '{"eTag": "\"7641146d4e33e40028e052de005f9d30-3\"", "size": 11696340, "mimetype": "video/webm", "cacheControl": "max-age=3600", "lastModified": "2024-10-17T08:13:44.000Z", "contentLength": 11696340, "httpStatusCode": 200}', 'bb71bb23-0ee1-40bb-8e47-a1bad0642b64', 'd1fe12df-9a69-4804-93ff-4b9cdb470c64', '{}'),
	('104e7f9b-0715-4641-90b7-d5ab648ca35f', 'videos', 'interviews/1729847968856_u22njqknw0h.webm', 'f10446c9-8bb2-4c35-866d-3db2cdcdd1d5', '2024-10-25 09:19:30.711441+00', '2024-10-25 09:19:30.711441+00', '2024-10-25 09:19:30.711441+00', '{"eTag": "\"cd4598f175dd5507cae34f6da42949f5\"", "size": 1941250, "mimetype": "video/webm", "cacheControl": "max-age=3600", "lastModified": "2024-10-25T09:19:31.000Z", "contentLength": 1941250, "httpStatusCode": 200}', 'cea4e7ff-6726-43a1-8a52-798a53eaf631', 'f10446c9-8bb2-4c35-866d-3db2cdcdd1d5', '{}'),
	('399184c4-bb73-4af9-8905-9e978963c9c3', 'audio', 'interviews/3ae2a820-4c3f-4c2c-b417-9fb5f256cdfa.wav', NULL, '2024-10-17 05:51:42.345416+00', '2024-10-17 05:56:19.56779+00', '2024-10-17 05:51:42.345416+00', '{"eTag": "\"7a1691afdce1fdee1ec5b54ddd85a068\"", "size": 608766, "mimetype": "audio/wav", "cacheControl": "max-age=3600", "lastModified": "2024-10-17T05:56:20.000Z", "contentLength": 608766, "httpStatusCode": 200}', 'c085fd26-084a-47e2-a05c-af89bf740a24', NULL, '{}'),
	('637cbe0a-eb3b-4789-947a-c81630ed6988', 'videos', 'interviews/1729157264316_b0kz1jhhem4.webm', 'd1fe12df-9a69-4804-93ff-4b9cdb470c64', '2024-10-17 09:27:47.920416+00', '2024-10-17 09:27:47.920416+00', '2024-10-17 09:27:47.920416+00', '{"eTag": "\"d0f35bb2a790a63ec768a5415b9b4ca2\"", "size": 3520748, "mimetype": "video/webm", "cacheControl": "max-age=3600", "lastModified": "2024-10-17T09:27:48.000Z", "contentLength": 3520748, "httpStatusCode": 200}', '287a59c9-5cb5-476a-9813-b00b13a2b562', 'd1fe12df-9a69-4804-93ff-4b9cdb470c64', '{}'),
	('a2dd03ac-7dda-4d3c-a598-5108a20203c9', 'videos', 'interviews/1729157887706_ugftav6udz.webm', 'd1fe12df-9a69-4804-93ff-4b9cdb470c64', '2024-10-17 09:38:11.380341+00', '2024-10-17 09:38:11.380341+00', '2024-10-17 09:38:11.380341+00', '{"eTag": "\"5234f22346a2a898828597d221eb36ae\"", "size": 2744826, "mimetype": "video/webm", "cacheControl": "max-age=3600", "lastModified": "2024-10-17T09:38:12.000Z", "contentLength": 2744826, "httpStatusCode": 200}', 'c6303250-4530-415f-87af-46dfed74a49a', 'd1fe12df-9a69-4804-93ff-4b9cdb470c64', '{}'),
	('c869f4b2-2aa5-4788-9185-ed7d8bb6d384', 'videos', 'interviews/1729158149843_r1zjfjoqcnj.webm', 'd1fe12df-9a69-4804-93ff-4b9cdb470c64', '2024-10-17 09:42:36.049798+00', '2024-10-17 09:42:36.049798+00', '2024-10-17 09:42:36.049798+00', '{"eTag": "\"6bb7be702e81b39cc05036af3e3cf4b2-3\"", "size": 15632670, "mimetype": "video/webm", "cacheControl": "max-age=3600", "lastModified": "2024-10-17T09:42:36.000Z", "contentLength": 15632670, "httpStatusCode": 200}', 'f1db92e8-3d2a-4076-aa7e-19a9f9e8d511', 'd1fe12df-9a69-4804-93ff-4b9cdb470c64', '{}'),
	('538b00fc-2de5-4b89-ac8a-59c252f30c7f', 'videos', 'interviews/1729700054969_wg6h2m9utw.webm', '9c775968-4824-423c-81ed-6702348cd3f7', '2024-10-23 16:14:18.310383+00', '2024-10-23 16:14:18.310383+00', '2024-10-23 16:14:18.310383+00', '{"eTag": "\"1005cf93542882d990dda8bad703ae99\"", "size": 3813068, "mimetype": "video/webm", "cacheControl": "max-age=3600", "lastModified": "2024-10-23T16:14:19.000Z", "contentLength": 3813068, "httpStatusCode": 200}', '19950ace-988c-4803-9443-1927dd055241', '9c775968-4824-423c-81ed-6702348cd3f7', '{}'),
	('6d8b8ef1-36c8-4775-8dcf-ddd89568dc9c', 'resumes', '87796288-6847-4a37-aae1-26317d42c7ee/3f3d25f4-a07a-4896-a42e-8893e247798b_1729848426724.pdf', NULL, '2024-10-25 09:27:07.612775+00', '2024-10-25 09:27:07.612775+00', '2024-10-25 09:27:07.612775+00', '{"eTag": "\"3bdb0bcc7e4feb41a3b940d93c00a653\"", "size": 1659, "mimetype": "application/pdf", "cacheControl": "max-age=3600", "lastModified": "2024-10-25T09:27:08.000Z", "contentLength": 1659, "httpStatusCode": 200}', '3f5fd410-0c33-4722-9d3f-c19df5351685', NULL, '{}'),
	('0cea3629-156f-46ad-9cf0-528a5e3cd9f3', 'videos', 'interviews/1729158592465_hy1w8b6x9jg.webm', 'd1fe12df-9a69-4804-93ff-4b9cdb470c64', '2024-10-17 09:49:55.571939+00', '2024-10-17 09:49:55.571939+00', '2024-10-17 09:49:55.571939+00', '{"eTag": "\"7dc418f7b804f4bd53cc0cb1724c034a\"", "size": 2751647, "mimetype": "video/webm", "cacheControl": "max-age=3600", "lastModified": "2024-10-17T09:49:56.000Z", "contentLength": 2751647, "httpStatusCode": 200}', '73082f1a-5702-4eff-86dc-46dd94f74253', 'd1fe12df-9a69-4804-93ff-4b9cdb470c64', '{}'),
	('57b223ae-981d-4db8-8def-d382204a0a0f', 'videos', 'interviews/1729158661894_gh4zuxupax7.webm', 'd1fe12df-9a69-4804-93ff-4b9cdb470c64', '2024-10-17 09:51:04.840998+00', '2024-10-17 09:51:04.840998+00', '2024-10-17 09:51:04.840998+00', '{"eTag": "\"a16a6263c7e603ff33ed856919a04792\"", "size": 1113685, "mimetype": "video/webm", "cacheControl": "max-age=3600", "lastModified": "2024-10-17T09:51:05.000Z", "contentLength": 1113685, "httpStatusCode": 200}', '8507b635-edf0-4f48-88ab-3d089e5274a5', 'd1fe12df-9a69-4804-93ff-4b9cdb470c64', '{}'),
	('ac9583d6-be91-4ed1-8846-372ce90deec4', 'videos', 'interviews/1729281304329_kdmsnlahieo.webm', 'fb08756b-c376-46c7-b04e-8af2c2208031', '2024-10-18 19:55:13.978834+00', '2024-10-18 19:55:13.978834+00', '2024-10-18 19:55:13.978834+00', '{"eTag": "\"3f0927ef0098efd4500ceaf1ed9e836c-9\"", "size": 46880399, "mimetype": "video/webm", "cacheControl": "max-age=3600", "lastModified": "2024-10-18T19:55:12.000Z", "contentLength": 46880399, "httpStatusCode": 200}', '1bbe4b3a-5b44-4c6f-9acb-b424f75cc637', 'fb08756b-c376-46c7-b04e-8af2c2208031', '{}'),
	('4d89927f-df56-462f-8d37-df7880243041', 'audio', 'interviews/33bb14b7-e85b-490c-ac60-4f53a59bb147.wav', NULL, '2024-10-23 16:14:23.381195+00', '2024-10-23 16:14:23.381195+00', '2024-10-23 16:14:23.381195+00', '{"eTag": "\"f1311b80311a7588cca08a18dd3c2d8e\"", "size": 557166, "mimetype": "audio/wav", "cacheControl": "max-age=3600", "lastModified": "2024-10-23T16:14:24.000Z", "contentLength": 557166, "httpStatusCode": 200}', 'e077d911-454a-483f-b840-9d7d0dfaf13e', NULL, '{}'),
	('b2d05b85-5e62-4d80-a438-35cd40bd3f61', 'audio', 'interviews/9c27e776-aafd-41af-aa95-a006b6e6a765.wav', NULL, '2024-10-18 19:55:18.887559+00', '2024-10-18 19:55:18.887559+00', '2024-10-18 19:55:18.887559+00', '{"eTag": "\"b46d95fec73d3d588d98cf840b5e9010-2\"", "size": 6848238, "mimetype": "audio/wav", "cacheControl": "max-age=3600", "lastModified": "2024-10-18T19:55:19.000Z", "contentLength": 6848238, "httpStatusCode": 200}', '340ea4c1-a12c-48d1-89b8-b1d3281cbb29', NULL, '{}'),
	('ae97a478-6eea-4bce-8c85-5f3f70718306', 'videos', 'interviews/1729482205314_q6znqcm0j9p.webm', 'a03172f8-fc99-4572-b9e4-07c2e7351b52', '2024-10-21 03:43:30.296743+00', '2024-10-21 03:43:30.296743+00', '2024-10-21 03:43:30.296743+00', '{"eTag": "\"c6b15e8fd391d0dd3a1a6f622063cd8d-4\"", "size": 18754289, "mimetype": "video/webm", "cacheControl": "max-age=3600", "lastModified": "2024-10-21T03:43:30.000Z", "contentLength": 18754289, "httpStatusCode": 200}', '7d8c3532-cf71-47e9-8fa7-b1328d5b0814', 'a03172f8-fc99-4572-b9e4-07c2e7351b52', '{}'),
	('a4616904-0f87-4520-ae4a-e31d2d478ce8', 'audio', 'interviews/c1aa05a7-09a8-44f6-b9d1-a38d446addd5.wav', NULL, '2024-10-21 03:43:36.304208+00', '2024-10-21 03:43:36.304208+00', '2024-10-21 03:43:36.304208+00', '{"eTag": "\"9f17e39d2fa6feebd18e16569dd5e9a5-2\"", "size": 5892126, "mimetype": "audio/wav", "cacheControl": "max-age=3600", "lastModified": "2024-10-21T03:43:36.000Z", "contentLength": 5892126, "httpStatusCode": 200}', '4cfb7f44-830c-4483-af35-31b4c4aae2c6', NULL, '{}'),
	('8565dee8-4385-44f6-b702-ea65ccd82ac2', 'videos', 'interviews/1729523242008_mj04b46toqq.webm', 'e94dcc42-aaf5-45f3-bca8-e16487822fcd', '2024-10-21 15:07:30.389085+00', '2024-10-21 15:07:30.389085+00', '2024-10-21 15:07:30.389085+00', '{"eTag": "\"ef81989d478c20336948749ef231cfb7-9\"", "size": 43854646, "mimetype": "video/webm", "cacheControl": "max-age=3600", "lastModified": "2024-10-21T15:07:28.000Z", "contentLength": 43854646, "httpStatusCode": 200}', 'e8ab09b6-26a1-450b-8a79-560788942dd0', 'e94dcc42-aaf5-45f3-bca8-e16487822fcd', '{}'),
	('71222663-6570-49bb-817c-d588856cec75', 'videos', 'interviews/1729571476718_y03dzhgwmw7.webm', 'd197d503-2cc8-437c-9b8a-2677db0a318b', '2024-10-22 04:31:20.976893+00', '2024-10-22 04:31:20.976893+00', '2024-10-22 04:31:20.976893+00', '{"eTag": "\"63d851a57097d2e72d682c032086921f-3\"", "size": 11082087, "mimetype": "video/webm", "cacheControl": "max-age=3600", "lastModified": "2024-10-22T04:31:21.000Z", "contentLength": 11082087, "httpStatusCode": 200}', 'a38c5e1f-4e12-4551-860a-48a8191ef73a', 'd197d503-2cc8-437c-9b8a-2677db0a318b', '{}'),
	('73a0307f-93a7-4ce1-887f-af503dc4762d', 'audio', 'interviews/6699a4ed-36d4-4446-8554-e9b1c1670ad1.wav', NULL, '2024-10-22 04:31:26.700417+00', '2024-10-22 04:31:26.700417+00', '2024-10-22 04:31:26.700417+00', '{"eTag": "\"f1b2f3b1b027cd81ee004e98fade50fc\"", "size": 3654462, "mimetype": "audio/wav", "cacheControl": "max-age=3600", "lastModified": "2024-10-22T04:31:27.000Z", "contentLength": 3654462, "httpStatusCode": 200}', 'e7acda19-86df-4138-97a9-94daef0999fa', NULL, '{}'),
	('e7eccfa0-77d3-4301-b97c-212f2fb99efe', 'videos', 'interviews/1729255230754_ybbmbey607.webm', 'bf5654ca-fe5c-4e07-aaf8-f6ab72b79790', '2024-10-18 12:40:36.153573+00', '2024-10-18 12:40:36.153573+00', '2024-10-18 12:40:36.153573+00', '{"eTag": "\"519270935ede9e460ec5a15e2d5d0575-2\"", "size": 8033438, "mimetype": "video/webm", "cacheControl": "max-age=3600", "lastModified": "2024-10-18T12:40:36.000Z", "contentLength": 8033438, "httpStatusCode": 200}', 'dcdc58f2-bfcc-461c-810a-ce686cba108a', 'bf5654ca-fe5c-4e07-aaf8-f6ab72b79790', '{}'),
	('db97c3f5-2cb3-4d42-8e64-1a10905217a1', 'audio', 'interviews/4e966065-593e-4c8e-99fb-203a4ffd5411.wav', NULL, '2024-10-18 12:40:39.970754+00', '2024-10-18 12:40:39.970754+00', '2024-10-18 12:40:39.970754+00', '{"eTag": "\"714a7c7ef707566d10988e004fb4661e\"", "size": 1368078, "mimetype": "audio/wav", "cacheControl": "max-age=3600", "lastModified": "2024-10-18T12:40:40.000Z", "contentLength": 1368078, "httpStatusCode": 200}', '524972fc-8795-4505-856e-056a0d373650', NULL, '{}'),
	('670deaac-7076-4c6a-875d-cbddaf886fa3', 'videos', 'interviews/1729701772791_jqii38pprao.webm', '27fdf809-5d63-4feb-b35e-c659dad0840c', '2024-10-23 16:42:56.624847+00', '2024-10-23 16:42:56.624847+00', '2024-10-23 16:42:56.624847+00', '{"eTag": "\"4d77d6bf32e7a6c94eb4791023d86ce1-2\"", "size": 6439464, "mimetype": "video/webm", "cacheControl": "max-age=3600", "lastModified": "2024-10-23T16:42:57.000Z", "contentLength": 6439464, "httpStatusCode": 200}', '9c2e5851-851e-4c7c-9f97-a8a8bce1c80b', '27fdf809-5d63-4feb-b35e-c659dad0840c', '{}'),
	('f8fd9c18-52e1-4f61-bb6d-722b81ff9dee', 'audio', 'interviews/116330a7-0471-4a02-886b-59a801aea2e3.wav', NULL, '2024-10-23 16:43:00.285583+00', '2024-10-23 16:43:00.285583+00', '2024-10-23 16:43:00.285583+00', '{"eTag": "\"b60dfdc2e58f12bdb96a42850c209f95\"", "size": 946782, "mimetype": "audio/wav", "cacheControl": "max-age=3600", "lastModified": "2024-10-23T16:43:01.000Z", "contentLength": 946782, "httpStatusCode": 200}', '7643eec0-dc98-4a33-8e3f-154084c8035e', NULL, '{}'),
	('42dcd26c-e04c-41ef-b7d6-9ac72d9b2e28', 'videos', 'interviews/1729523421551_toqr7plu5p9.webm', 'e94dcc42-aaf5-45f3-bca8-e16487822fcd', '2024-10-21 15:10:25.26404+00', '2024-10-21 15:10:25.26404+00', '2024-10-21 15:10:25.26404+00', '{"eTag": "\"2967cbca511bebd12902964f5bf5c01e\"", "size": 2612204, "mimetype": "video/webm", "cacheControl": "max-age=3600", "lastModified": "2024-10-21T15:10:26.000Z", "contentLength": 2612204, "httpStatusCode": 200}', '6b720f66-20d5-4c40-86b9-6c997009f15a', 'e94dcc42-aaf5-45f3-bca8-e16487822fcd', '{}'),
	('0790ea01-afd1-4a7e-90db-db31a28d51dd', 'videos', 'interviews/1729260670823_xyptheb2kc.webm', '56168d52-8572-499a-8188-57555ecef3f0', '2024-10-18 14:11:15.182414+00', '2024-10-18 14:11:15.182414+00', '2024-10-18 14:11:15.182414+00', '{"eTag": "\"d6ede91f8c922ba5e6d884d814df2331\"", "size": 4690165, "mimetype": "video/webm", "cacheControl": "max-age=3600", "lastModified": "2024-10-18T14:11:15.000Z", "contentLength": 4690165, "httpStatusCode": 200}', 'bccc4be6-73ed-4104-b38a-4fb8545a9dcf', '56168d52-8572-499a-8188-57555ecef3f0', '{}'),
	('724b165c-9cf7-49eb-972e-f771542b8263', 'audio', 'interviews/edb98afc-2e9f-4c39-b38b-41a90698c260.wav', NULL, '2024-10-18 14:11:20.891207+00', '2024-10-18 14:11:20.891207+00', '2024-10-18 14:11:20.891207+00', '{"eTag": "\"aec1649fd0ccaa85f18d520b5789f621\"", "size": 630414, "mimetype": "audio/wav", "cacheControl": "max-age=3600", "lastModified": "2024-10-18T14:11:21.000Z", "contentLength": 630414, "httpStatusCode": 200}', '09a4ae1f-e873-4cc9-8c2a-54be7de3addc', NULL, '{}'),
	('b7e7e629-86b2-438f-bbf7-639af49c5f33', 'videos', 'interviews/1729524771472_fhw1ae7pjiv.webm', 'e94dcc42-aaf5-45f3-bca8-e16487822fcd', '2024-10-21 15:32:54.052462+00', '2024-10-21 15:32:54.052462+00', '2024-10-21 15:32:54.052462+00', '{"eTag": "\"74beb6bb6d19523108fd7d6c1355996f\"", "size": 330370, "mimetype": "video/webm", "cacheControl": "max-age=3600", "lastModified": "2024-10-21T15:32:54.000Z", "contentLength": 330370, "httpStatusCode": 200}', '2c6757c5-b84c-4998-81c8-61a7e1cbf050', 'e94dcc42-aaf5-45f3-bca8-e16487822fcd', '{}'),
	('2c3b4c0c-0f18-40b1-b08a-146c42d472fd', 'videos', 'interviews/1729524869724_abxdxim0egp.webm', 'e94dcc42-aaf5-45f3-bca8-e16487822fcd', '2024-10-21 15:34:31.860809+00', '2024-10-21 15:34:31.860809+00', '2024-10-21 15:34:31.860809+00', '{"eTag": "\"5a0df1e71e4e63c5274751783f4bbb78\"", "size": 329844, "mimetype": "video/webm", "cacheControl": "max-age=3600", "lastModified": "2024-10-21T15:34:32.000Z", "contentLength": 329844, "httpStatusCode": 200}', 'be0a7877-a927-4046-9d2b-0f92ea51ca73', 'e94dcc42-aaf5-45f3-bca8-e16487822fcd', '{}'),
	('1b7b4476-a35b-4310-932f-82f80770e3a1', 'videos', 'interviews/1729524970661_0np0uom3oeol.webm', 'e94dcc42-aaf5-45f3-bca8-e16487822fcd', '2024-10-21 15:36:12.769368+00', '2024-10-21 15:36:12.769368+00', '2024-10-21 15:36:12.769368+00', '{"eTag": "\"5d09d2a2a6ca44d1e7e022b1e4d3653d\"", "size": 330976, "mimetype": "video/webm", "cacheControl": "max-age=3600", "lastModified": "2024-10-21T15:36:13.000Z", "contentLength": 330976, "httpStatusCode": 200}', '4c6e78ff-913b-4f23-a4da-6e591f0fecdf', 'e94dcc42-aaf5-45f3-bca8-e16487822fcd', '{}'),
	('0735e43f-b9ed-4015-86d6-a862edc88929', 'videos', 'interviews/1729571051225_9ezfylq3fc.webm', 'bae473e1-ba15-4dc8-a9c1-48ddbcc4f51d', '2024-10-22 04:24:16.263284+00', '2024-10-22 04:24:16.263284+00', '2024-10-22 04:24:16.263284+00', '{"eTag": "\"ce94f1702cb89c9ef4641d81bcbc3a93-2\"", "size": 6781919, "mimetype": "video/webm", "cacheControl": "max-age=3600", "lastModified": "2024-10-22T04:24:16.000Z", "contentLength": 6781919, "httpStatusCode": 200}', '3ad0521e-197c-48e4-b0b3-2b9ca1c0e284', 'bae473e1-ba15-4dc8-a9c1-48ddbcc4f51d', '{}'),
	('fd07fea6-eacb-49c9-9e13-80d5e249d1c6', 'videos', 'interviews/1729261866411_x17yp8zz6i.webm', '480f0e15-2ddb-495a-9672-10054b4aec23', '2024-10-18 14:31:11.77674+00', '2024-10-18 14:31:11.77674+00', '2024-10-18 14:31:11.77674+00', '{"eTag": "\"6d6b42064b8525eab29f682ab8fb3211-2\"", "size": 9453454, "mimetype": "video/webm", "cacheControl": "max-age=3600", "lastModified": "2024-10-18T14:31:12.000Z", "contentLength": 9453454, "httpStatusCode": 200}', '4c6def60-94b3-4869-be6b-916e86854223', '480f0e15-2ddb-495a-9672-10054b4aec23', '{}'),
	('104b07ae-42ab-4228-b94f-a371cd588c3c', 'audio', 'interviews/79271ba1-5a6f-4e0e-ad54-71a12532e7b6.wav', NULL, '2024-10-18 14:31:15.524894+00', '2024-10-18 14:31:15.524894+00', '2024-10-18 14:31:15.524894+00', '{"eTag": "\"6dd9600ca0da8b358de752437753e4c4\"", "size": 1374270, "mimetype": "audio/wav", "cacheControl": "max-age=3600", "lastModified": "2024-10-18T14:31:16.000Z", "contentLength": 1374270, "httpStatusCode": 200}', '3d0025fc-12f0-4ee8-a1eb-134bd0264ba6', NULL, '{}'),
	('66d71825-53a2-4b74-8f50-b514057a0acc', 'audio', 'interviews/ed3442f2-ec87-4075-a625-d8d805d315bb.wav', NULL, '2024-10-22 04:24:21.009336+00', '2024-10-22 04:24:21.009336+00', '2024-10-22 04:24:21.009336+00', '{"eTag": "\"ca100baa3a5d749470096db001b6e260\"", "size": 2537070, "mimetype": "audio/wav", "cacheControl": "max-age=3600", "lastModified": "2024-10-22T04:24:21.000Z", "contentLength": 2537070, "httpStatusCode": 200}', '0c4e7f14-2d01-4f6a-949f-fb972a8edb3d', NULL, '{}'),
	('e1d8fe5a-dfb3-4d3d-a9fe-f3e474312cdc', 'videos', 'interviews/1729498764184_d6mi5nzet6w.webm', '56bd258a-9add-404f-9d31-a4743321578b', '2024-10-21 08:19:27.599699+00', '2024-10-21 08:19:27.599699+00', '2024-10-21 08:19:27.599699+00', '{"eTag": "\"c5766b2605ccc994686908552e060338\"", "size": 4469097, "mimetype": "video/webm", "cacheControl": "max-age=3600", "lastModified": "2024-10-21T08:19:28.000Z", "contentLength": 4469097, "httpStatusCode": 200}', '939a6448-25ee-4f3f-8567-8ea457912a1e', '56bd258a-9add-404f-9d31-a4743321578b', '{}'),
	('1f5cac0b-bbf4-436f-a73d-13c007cb51f4', 'test', '.emptyFolderPlaceholder', NULL, '2024-10-23 19:35:24.934927+00', '2024-10-23 19:35:24.934927+00', '2024-10-23 19:35:24.934927+00', '{"eTag": "\"d41d8cd98f00b204e9800998ecf8427e\"", "size": 0, "mimetype": "application/octet-stream", "cacheControl": "max-age=3600", "lastModified": "2024-10-23T19:35:25.000Z", "contentLength": 0, "httpStatusCode": 200}', '49508c8d-76fd-48f0-96c6-f98344e87960', NULL, '{}'),
	('97744143-a2e8-4397-8afe-61d98be715f8', 'audio', 'interviews/fb33e91a-4382-42e3-9c83-4d746b7fc02f.wav', NULL, '2024-10-21 08:19:33.437652+00', '2024-10-21 08:19:33.437652+00', '2024-10-21 08:19:33.437652+00', '{"eTag": "\"ad614bb0e2d116c1292342b2e8716de6\"", "size": 597966, "mimetype": "audio/wav", "cacheControl": "max-age=3600", "lastModified": "2024-10-21T08:19:34.000Z", "contentLength": 597966, "httpStatusCode": 200}', '3f6d8227-9bd7-45c7-a057-b0b9905f96d4', NULL, '{}'),
	('5abe0162-5584-4c76-b841-bdfb2f1f76b1', 'videos', 'interviews/1729525999203_qzm0mljjdka.webm', 'e94dcc42-aaf5-45f3-bca8-e16487822fcd', '2024-10-21 15:53:24.346916+00', '2024-10-21 15:53:24.346916+00', '2024-10-21 15:53:24.346916+00', '{"eTag": "\"26edcd2308c5afc72740644e6a741d87-2\"", "size": 6687907, "mimetype": "video/webm", "cacheControl": "max-age=3600", "lastModified": "2024-10-21T15:53:24.000Z", "contentLength": 6687907, "httpStatusCode": 200}', '6df3462f-f002-4af0-a362-758bbe72251d', 'e94dcc42-aaf5-45f3-bca8-e16487822fcd', '{}'),
	('aa21f369-3cc4-440a-942b-108c21eb33a6', 'videos', 'interviews/1729174964861_bxu629w113.webm', 'd1fe12df-9a69-4804-93ff-4b9cdb470c64', '2024-10-17 14:23:05.274649+00', '2024-10-17 14:23:05.274649+00', '2024-10-17 14:23:05.274649+00', '{"eTag": "\"f7d9b4338997c1748a9a6818bafb209e\"", "size": 2923597, "mimetype": "video/webm", "cacheControl": "max-age=3600", "lastModified": "2024-10-17T14:23:05.000Z", "contentLength": 2923597, "httpStatusCode": 200}', '108e394f-b4db-4e58-a1e7-d8eb539664ad', 'd1fe12df-9a69-4804-93ff-4b9cdb470c64', '{}'),
	('b60592ef-e629-41f5-a6c6-d0729071848c', 'audio', 'interviews/e3dd8b8e-e3c6-4086-80bd-89df2a84db69.wav', NULL, '2024-10-17 08:13:48.163739+00', '2024-10-17 15:23:12.957454+00', '2024-10-17 08:13:48.163739+00', '{"eTag": "\"a4e6ae118059044fd3b590cb9bb7a3dd\"", "size": 497646, "mimetype": "audio/wav", "cacheControl": "max-age=3600", "lastModified": "2024-10-17T15:23:13.000Z", "contentLength": 497646, "httpStatusCode": 200}', '803c4a2a-6f27-476d-b1f4-b58f3e8a26d3', NULL, '{}'),
	('969041fe-4373-4aaf-bbec-d92ef178eeda', 'videos', 'interviews/1729177311840_3luj8z4ares.webm', NULL, '2024-10-17 15:01:54.587974+00', '2024-10-17 15:01:54.587974+00', '2024-10-17 15:01:54.587974+00', '{"eTag": "\"1441a7909c087dbbe7ce59881b9df8b9\"", "size": 15, "mimetype": "video/webm", "cacheControl": "max-age=3600", "lastModified": "2024-10-17T15:01:55.000Z", "contentLength": 15, "httpStatusCode": 200}', 'a429e1a2-6958-43ec-847e-9fc58d0aaf54', NULL, '{}'),
	('331f000b-2dc9-47b2-82b9-5c56e18a83f6', 'videos', 'interviews/1729177551241_al35vfgs7s8.webm', NULL, '2024-10-17 15:05:55.274593+00', '2024-10-17 15:05:55.274593+00', '2024-10-17 15:05:55.274593+00', '{"eTag": "\"1441a7909c087dbbe7ce59881b9df8b9\"", "size": 15, "mimetype": "video/webm", "cacheControl": "max-age=3600", "lastModified": "2024-10-17T15:05:56.000Z", "contentLength": 15, "httpStatusCode": 200}', '2afc1b39-a47f-4ac1-89bf-a740160701d5', NULL, '{}'),
	('a70fdc86-adf3-45f6-89bf-c81ba09eabf4', 'videos', 'interviews/1729177700666_gmfkrb6jshb.webm', NULL, '2024-10-17 15:08:22.844309+00', '2024-10-17 15:08:22.844309+00', '2024-10-17 15:08:22.844309+00', '{"eTag": "\"1441a7909c087dbbe7ce59881b9df8b9\"", "size": 15, "mimetype": "video/webm", "cacheControl": "max-age=3600", "lastModified": "2024-10-17T15:08:23.000Z", "contentLength": 15, "httpStatusCode": 200}', 'e6f1fa4a-b83c-4dbf-bafa-fcd4a7233a28', NULL, '{}'),
	('03541405-4025-41f1-ae8a-2dcb9ed16290', 'videos', 'interviews/1729177782277_6bktwftjg4j.webm', NULL, '2024-10-17 15:09:44.546632+00', '2024-10-17 15:09:44.546632+00', '2024-10-17 15:09:44.546632+00', '{"eTag": "\"1441a7909c087dbbe7ce59881b9df8b9\"", "size": 15, "mimetype": "video/webm", "cacheControl": "max-age=3600", "lastModified": "2024-10-17T15:09:45.000Z", "contentLength": 15, "httpStatusCode": 200}', 'f20ca58a-99c8-496b-a190-41def697610e', NULL, '{}'),
	('e06624c9-43d9-4819-9254-27e5a17aae91', 'videos', 'interviews/1729306090018_yvf9gix0xx.webm', '376b8a42-9b6d-4f67-a3f1-b96dbd42eddc', '2024-10-19 02:48:13.926298+00', '2024-10-19 02:48:13.926298+00', '2024-10-19 02:48:13.926298+00', '{"eTag": "\"a82416ca2f2919a7104e8164c7d3fe52\"", "size": 4668263, "mimetype": "video/webm", "cacheControl": "max-age=3600", "lastModified": "2024-10-19T02:48:14.000Z", "contentLength": 4668263, "httpStatusCode": 200}', 'ff542f5e-f799-441e-a2a1-3f2f3e2b285b', '376b8a42-9b6d-4f67-a3f1-b96dbd42eddc', '{}'),
	('97ed4c50-27c4-4277-8092-e822a2704e41', 'videos', 'interviews/1729177937054_61jrk0v358.webm', NULL, '2024-10-17 15:12:19.975181+00', '2024-10-17 15:12:19.975181+00', '2024-10-17 15:12:19.975181+00', '{"eTag": "\"1441a7909c087dbbe7ce59881b9df8b9\"", "size": 15, "mimetype": "video/webm", "cacheControl": "max-age=3600", "lastModified": "2024-10-17T15:12:20.000Z", "contentLength": 15, "httpStatusCode": 200}', '8cf4428f-6fef-47cd-a12b-c66627c3e0c7', NULL, '{}'),
	('9bd58110-98fa-4633-8f1e-f6f5baef0d3a', 'videos', 'interviews/1729178512912_3kq30w9pe0o.webm', '626c853e-1f27-487b-8e15-484d4c4b397a', '2024-10-17 15:22:03.76573+00', '2024-10-17 15:22:03.76573+00', '2024-10-17 15:22:03.76573+00', '{"eTag": "\"020c106d532248c776bc49dd44cfc997\"", "size": 4594946, "mimetype": "video/webm", "cacheControl": "max-age=3600", "lastModified": "2024-10-17T15:22:04.000Z", "contentLength": 4594946, "httpStatusCode": 200}', '4b8c9baf-0c35-43e4-9c9a-4ad10b8bc253', '626c853e-1f27-487b-8e15-484d4c4b397a', '{}'),
	('386f28eb-d851-47ef-a3f9-4035630ab0bb', 'videos', 'interviews/1729178572882_3xopu8pzli.webm', 'd1fe12df-9a69-4804-93ff-4b9cdb470c64', '2024-10-17 15:23:07.906403+00', '2024-10-17 15:23:07.906403+00', '2024-10-17 15:23:07.906403+00', '{"eTag": "\"849fe4485c62ce6a91f543a306e678cb\"", "size": 2789501, "mimetype": "video/webm", "cacheControl": "max-age=3600", "lastModified": "2024-10-17T15:23:08.000Z", "contentLength": 2789501, "httpStatusCode": 200}', '634d3434-9ad0-468a-8223-dd9b5d07e388', 'd1fe12df-9a69-4804-93ff-4b9cdb470c64', '{}'),
	('4ca27d99-3cc2-4d2e-96e7-663573cff691', 'audio', 'interviews/55287393-c618-400e-b5da-9c4d41fb95df.wav', NULL, '2024-10-19 02:48:19.854126+00', '2024-10-19 02:48:19.854126+00', '2024-10-19 02:48:19.854126+00', '{"eTag": "\"a749cdd645a7a88adf1472eda54e19b4\"", "size": 783918, "mimetype": "audio/wav", "cacheControl": "max-age=3600", "lastModified": "2024-10-19T02:48:20.000Z", "contentLength": 783918, "httpStatusCode": 200}', 'f8bd126b-b282-4b5c-ae32-66863384d2dc', NULL, '{}'),
	('e24d5ef8-e91f-4a34-838e-79b5740b74dd', 'videos', 'interviews/1729235506276_e9oiw4dewnw.webm', '6fc69f43-ac31-4323-956f-dbd7522e0261', '2024-10-18 07:11:49.620323+00', '2024-10-18 07:11:49.620323+00', '2024-10-18 07:11:49.620323+00', '{"eTag": "\"be6da8d4b49da153c59928adc7edca6b\"", "size": 1955800, "mimetype": "video/webm", "cacheControl": "max-age=3600", "lastModified": "2024-10-18T07:11:50.000Z", "contentLength": 1955800, "httpStatusCode": 200}', 'da74a1d3-82d6-4448-9cda-99edda84c392', '6fc69f43-ac31-4323-956f-dbd7522e0261', '{}'),
	('a0ab8202-23c6-405a-9557-17eafdfc3429', 'audio', 'interviews/b8b0c9d6-7e40-42b3-9aa4-a15437dc088f.wav', NULL, '2024-10-18 07:11:54.496164+00', '2024-10-18 07:11:54.496164+00', '2024-10-18 07:11:54.496164+00', '{"eTag": "\"189f198b26efe89fb57f30bebeb98471\"", "size": 640110, "mimetype": "audio/wav", "cacheControl": "max-age=3600", "lastModified": "2024-10-18T07:11:55.000Z", "contentLength": 640110, "httpStatusCode": 200}', 'cfa825d0-d6f7-4402-8495-0f9461ca4481', NULL, '{}'),
	('30866c9a-2299-4136-bfd4-d13f9e59143e', 'videos', 'interviews/1729317015520_yhcp4pd3j8.webm', '3e8b9174-cb2a-413e-b1d9-4018994a55b4', '2024-10-19 05:50:19.131588+00', '2024-10-19 05:50:19.131588+00', '2024-10-19 05:50:19.131588+00', '{"eTag": "\"86ab294ca76698557985016109781886\"", "size": 3246495, "mimetype": "video/webm", "cacheControl": "max-age=3600", "lastModified": "2024-10-19T05:50:19.000Z", "contentLength": 3246495, "httpStatusCode": 200}', '4bd7d8e6-d5ef-47af-a6d7-76c53477f4b8', '3e8b9174-cb2a-413e-b1d9-4018994a55b4', '{}'),
	('d05e52cb-c0e6-4256-9382-a53f0956e101', 'audio', 'interviews/bb61b751-7a20-47b1-94f0-8b95fba5d8fe.wav', NULL, '2024-10-19 05:50:25.034471+00', '2024-10-19 05:50:25.034471+00', '2024-10-19 05:50:25.034471+00', '{"eTag": "\"da7fc53eca87d7d5921aa93ac3d0439c\"", "size": 411966, "mimetype": "audio/wav", "cacheControl": "max-age=3600", "lastModified": "2024-10-19T05:50:25.000Z", "contentLength": 411966, "httpStatusCode": 200}', 'e470f93e-1e15-4d86-9f1f-285a59fa12d5', NULL, '{}'),
	('d70ab43d-13a1-453c-b1b3-8665055158a0', 'videos', 'interviews/1729511039239_h6xj33snq2a.webm', 'e94dcc42-aaf5-45f3-bca8-e16487822fcd', '2024-10-21 11:44:02.997326+00', '2024-10-21 11:44:02.997326+00', '2024-10-21 11:44:02.997326+00', '{"eTag": "\"3159c9073884c75c341fcdc605790390\"", "size": 4044304, "mimetype": "video/webm", "cacheControl": "max-age=3600", "lastModified": "2024-10-21T11:44:03.000Z", "contentLength": 4044304, "httpStatusCode": 200}', '0004867e-e8aa-4224-bc8a-604d41c5344a', 'e94dcc42-aaf5-45f3-bca8-e16487822fcd', '{}'),
	('64b47ee7-44d7-4275-84d9-5bd3cced6f55', 'audio', 'interviews/aa433982-b6e9-491e-9ff2-8fb4d3c9d330.wav', NULL, '2024-10-19 16:14:05.032839+00', '2024-10-19 16:18:23.69527+00', '2024-10-19 16:14:05.032839+00', '{"eTag": "\"1a7a4208ebf32f3b1a2fd64208c720b1-3\"", "size": 10828686, "mimetype": "audio/wav", "cacheControl": "max-age=3600", "lastModified": "2024-10-19T16:18:24.000Z", "contentLength": 10828686, "httpStatusCode": 200}', 'e863d47e-6378-4869-b24f-e13147863d4b', NULL, '{}'),
	('9e2b4792-9cfc-48fa-9131-f362efee653c', 'audio', 'interviews/01037c74-ad85-46de-921d-690690163f06.wav', NULL, '2024-10-21 11:44:08.3617+00', '2024-10-21 15:53:30.413629+00', '2024-10-21 11:44:08.3617+00', '{"eTag": "\"7cde25066e0f4b7edf0ba15dfd1c3b31-2\"", "size": 5534910, "mimetype": "audio/wav", "cacheControl": "max-age=3600", "lastModified": "2024-10-21T15:53:30.000Z", "contentLength": 5534910, "httpStatusCode": 200}', '6599fee9-11db-442c-bea5-845053189515', NULL, '{}'),
	('a96f9aff-0972-4783-a290-aa2383b0fa0f', 'videos', 'interviews/1729526744401_4lntm511chw.webm', '1ae06789-bf00-49ca-bc89-429030399f3c', '2024-10-21 16:05:47.091668+00', '2024-10-21 16:05:47.091668+00', '2024-10-21 16:05:47.091668+00', '{"eTag": "\"e92f266136ea4816bb2cb2dd4d51964b-2\"", "size": 7748880, "mimetype": "video/webm", "cacheControl": "max-age=3600", "lastModified": "2024-10-21T16:05:47.000Z", "contentLength": 7748880, "httpStatusCode": 200}', '93da1fd4-46e6-48e1-9dbe-af1b40540215', '1ae06789-bf00-49ca-bc89-429030399f3c', '{}'),
	('33a3267c-af5c-40cc-8d7e-1d4b12b938fa', 'audio', 'interviews/8d976021-0511-4876-87f8-6da7b1c8e7b7.wav', NULL, '2024-10-21 16:05:53.155261+00', '2024-10-21 16:05:53.155261+00', '2024-10-21 16:05:53.155261+00', '{"eTag": "\"7b2451f16e312bf549a2b155b77d0f5a\"", "size": 1389870, "mimetype": "audio/wav", "cacheControl": "max-age=3600", "lastModified": "2024-10-21T16:05:53.000Z", "contentLength": 1389870, "httpStatusCode": 200}', 'ded5efad-7c06-4e7f-9855-e97bfb5fed12', NULL, '{}'),
	('476f01a5-1030-43e6-8d63-9249fe2d7946', 'videos', 'interviews/1729584120137_b6uj9u7tyr6.webm', '10263ec6-b050-4e7e-b75d-4c704319e1bb', '2024-10-22 08:02:04.657688+00', '2024-10-22 08:02:04.657688+00', '2024-10-22 08:02:04.657688+00', '{"eTag": "\"0edc3d566c3f4282b93c9abc93672fc9\"", "size": 4959319, "mimetype": "video/webm", "cacheControl": "max-age=3600", "lastModified": "2024-10-22T08:02:05.000Z", "contentLength": 4959319, "httpStatusCode": 200}', 'd128146c-dd46-4091-8679-ddd854575d37', '10263ec6-b050-4e7e-b75d-4c704319e1bb', '{}'),
	('e21baa22-d306-4a66-ac9b-8d4ed2c9d6d5', 'audio', 'interviews/c948cd99-b9a5-4292-b228-a659e1c5e981.wav', NULL, '2024-10-22 08:02:10.284524+00', '2024-10-22 08:02:10.284524+00', '2024-10-22 08:02:10.284524+00', '{"eTag": "\"6c9baf4774e2388c85672a0c9d710d22\"", "size": 723918, "mimetype": "audio/wav", "cacheControl": "max-age=3600", "lastModified": "2024-10-22T08:02:11.000Z", "contentLength": 723918, "httpStatusCode": 200}', '71a7f379-9d19-4d0e-8b4d-0180b6142358', NULL, '{}'),
	('bb907bb7-294b-482f-acd2-ea0e6d8c2aa2', 'videos', 'interviews/1729588403036_6ed5ht05jom.webm', '99ebf477-1852-4535-8f79-f6e29cdf1dd1', '2024-10-22 09:13:29.403035+00', '2024-10-22 09:13:29.403035+00', '2024-10-22 09:13:29.403035+00', '{"eTag": "\"86d8cca63d68e3ee33b31cdfbf695d52-3\"", "size": 13731717, "mimetype": "video/webm", "cacheControl": "max-age=3600", "lastModified": "2024-10-22T09:13:29.000Z", "contentLength": 13731717, "httpStatusCode": 200}', 'bd19955e-e8d2-4637-8c12-89a8988cd1fb', '99ebf477-1852-4535-8f79-f6e29cdf1dd1', '{}'),
	('a0e5c158-67b4-4359-82e3-764c87f39ed4', 'audio', 'interviews/8b277b57-0c66-44a2-96cc-8c70ceff1a57.wav', NULL, '2024-10-22 09:13:36.311807+00', '2024-10-22 09:13:36.311807+00', '2024-10-22 09:13:36.311807+00', '{"eTag": "\"9b5aab84bdc6b4e015e14c8647ade448\"", "size": 2121246, "mimetype": "audio/wav", "cacheControl": "max-age=3600", "lastModified": "2024-10-22T09:13:37.000Z", "contentLength": 2121246, "httpStatusCode": 200}', '8bbb5322-a9ae-4f13-b713-6bd62011e5b3', NULL, '{}'),
	('89b6121e-7045-4b58-ac59-dddd8340ad54', 'videos', 'interviews/1729591662101_k4xqwxmglq.webm', '4d9375c5-cc9d-4f24-9a7e-dbde19aab2e6', '2024-10-22 10:07:46.071016+00', '2024-10-22 10:07:46.071016+00', '2024-10-22 10:07:46.071016+00', '{"eTag": "\"c731f29657637d4bc7a187f24764da34-2\"", "size": 6061804, "mimetype": "video/webm", "cacheControl": "max-age=3600", "lastModified": "2024-10-22T10:07:46.000Z", "contentLength": 6061804, "httpStatusCode": 200}', '269a4589-aa98-4310-bc9c-77d01c2de1b2', '4d9375c5-cc9d-4f24-9a7e-dbde19aab2e6', '{}'),
	('5f99e15a-509e-4d3b-a468-66c5d00f6577', 'audio', 'interviews/7dc1f640-d234-4050-896e-76a09dcdcc96.wav', NULL, '2024-10-22 10:07:52.241297+00', '2024-10-22 10:11:19.077576+00', '2024-10-22 10:07:52.241297+00', '{"eTag": "\"8e4bab2edb1072081ed7326b3640214a\"", "size": 368958, "mimetype": "audio/wav", "cacheControl": "max-age=3600", "lastModified": "2024-10-22T10:11:19.000Z", "contentLength": 368958, "httpStatusCode": 200}', '72ad2975-ba59-430a-8c10-a28d067ea2bf', NULL, '{}'),
	('73b86b29-05f4-4abb-90df-b3956f7ce150', 'videos', 'interviews/1729591870526_dmdhzlofhui.webm', '4d9375c5-cc9d-4f24-9a7e-dbde19aab2e6', '2024-10-22 10:11:13.818302+00', '2024-10-22 10:11:13.818302+00', '2024-10-22 10:11:13.818302+00', '{"eTag": "\"954c348b013fa18aaba5e75e2818c1e4\"", "size": 2538035, "mimetype": "video/webm", "cacheControl": "max-age=3600", "lastModified": "2024-10-22T10:11:14.000Z", "contentLength": 2538035, "httpStatusCode": 200}', '208c8962-1267-4197-9eb0-47fb6560e42b', '4d9375c5-cc9d-4f24-9a7e-dbde19aab2e6', '{}'),
	('f69c86b0-b421-4244-9a62-f756fa32803a', 'videos', 'interviews/1729591968162_r4ln4np67y.webm', 'd8cdbabc-14b1-47a2-8969-71813efd7584', '2024-10-22 10:12:51.496365+00', '2024-10-22 10:12:51.496365+00', '2024-10-22 10:12:51.496365+00', '{"eTag": "\"c643d0a237343c8ebddfd0625271a5cc\"", "size": 3950978, "mimetype": "video/webm", "cacheControl": "max-age=3600", "lastModified": "2024-10-22T10:12:52.000Z", "contentLength": 3950978, "httpStatusCode": 200}', '5fa5db6c-aca9-41d2-a7b0-1f366f97d177', 'd8cdbabc-14b1-47a2-8969-71813efd7584', '{}'),
	('cfd05d0c-5888-4fed-a744-b18cfcec3e46', 'audio', 'interviews/0644ad5e-cc7c-4f88-a2f7-86fb1ac82246.wav', NULL, '2024-10-22 10:12:56.36272+00', '2024-10-22 10:12:56.36272+00', '2024-10-22 10:12:56.36272+00', '{"eTag": "\"caddbe5984b0c835c48315e6ed1f87f8\"", "size": 573438, "mimetype": "audio/wav", "cacheControl": "max-age=3600", "lastModified": "2024-10-22T10:12:57.000Z", "contentLength": 573438, "httpStatusCode": 200}', '70f1430a-97bb-4a90-a45c-f17fb4c9992d', NULL, '{}'),
	('e0b423c0-f2d5-4ade-ac29-9cf18b8a5aa0', 'videos', 'interviews/1729601239045_jxwq0ciiqu8.webm', '69f8469b-617e-48db-95da-81816f660e42', '2024-10-22 12:47:22.323384+00', '2024-10-22 12:47:22.323384+00', '2024-10-22 12:47:22.323384+00', '{"eTag": "\"196b52812a4970b4a2c7f17a2dc5ef16\"", "size": 2042487, "mimetype": "video/webm", "cacheControl": "max-age=3600", "lastModified": "2024-10-22T12:47:23.000Z", "contentLength": 2042487, "httpStatusCode": 200}', '6d9aa0a7-7293-4ed9-bf39-51bc2f512354', '69f8469b-617e-48db-95da-81816f660e42', '{}'),
	('9cfaebca-aa54-4cd0-9738-0653530aa42b', 'audio', 'interviews/f91c7461-0c0e-4605-a9f2-29c2a8de15ac.wav', NULL, '2024-10-22 12:47:27.89616+00', '2024-10-22 12:47:27.89616+00', '2024-10-22 12:47:27.89616+00', '{"eTag": "\"39b80007b2b378927af5d839a8be1b52\"", "size": 293838, "mimetype": "audio/wav", "cacheControl": "max-age=3600", "lastModified": "2024-10-22T12:47:28.000Z", "contentLength": 293838, "httpStatusCode": 200}', 'd2f9d7bc-42dc-40c5-a5e7-d87bcb65f7c9', NULL, '{}'),
	('fbef0a42-90c0-4409-b134-224d9e7da11f', 'videos', 'interviews/1729608920504_whj8hua1us.webm', '1a115b55-a1b4-4eae-aa4c-fc2efec37383', '2024-10-22 14:55:23.972855+00', '2024-10-22 14:55:23.972855+00', '2024-10-22 14:55:23.972855+00', '{"eTag": "\"5aa528bf4d238595d0b938e58e45cc3c\"", "size": 3979790, "mimetype": "video/webm", "cacheControl": "max-age=3600", "lastModified": "2024-10-22T14:55:24.000Z", "contentLength": 3979790, "httpStatusCode": 200}', 'a8903f1c-28e6-417b-8218-bf230d209b1e', '1a115b55-a1b4-4eae-aa4c-fc2efec37383', '{}'),
	('1d9b0568-e7a5-42be-ba3e-3145ff24256e', 'audio', 'interviews/9ab5281c-5a23-4e8d-accd-deaffd821ac8.wav', NULL, '2024-10-22 14:55:29.003321+00', '2024-10-22 14:55:29.003321+00', '2024-10-22 14:55:29.003321+00', '{"eTag": "\"0b31dd34ffa1a525491cb81f84b76714\"", "size": 584862, "mimetype": "audio/wav", "cacheControl": "max-age=3600", "lastModified": "2024-10-22T14:55:29.000Z", "contentLength": 584862, "httpStatusCode": 200}', 'e5f2a59a-f230-4916-8826-0c4b5ee1d84a', NULL, '{}'),
	('51e6703e-be60-442b-82b5-cbb382aa2632', 'videos', 'interviews/1729612318365_04ucxtb53uj5.webm', '164ecb81-9404-4d65-9b12-7f1d7cea6616', '2024-10-22 15:52:02.062721+00', '2024-10-22 15:52:02.062721+00', '2024-10-22 15:52:02.062721+00', '{"eTag": "\"c383f51fde15b2d618b72c67b647072e\"", "size": 5229212, "mimetype": "video/webm", "cacheControl": "max-age=3600", "lastModified": "2024-10-22T15:52:02.000Z", "contentLength": 5229212, "httpStatusCode": 200}', '7340bb2e-63f8-45d8-9228-16c82a735110', '164ecb81-9404-4d65-9b12-7f1d7cea6616', '{}'),
	('da406290-bec1-4f0e-abbe-207eaa8d9d21', 'audio', 'interviews/4761b5ac-9923-4ea7-b890-385bca82520b.wav', NULL, '2024-10-22 15:52:08.465631+00', '2024-10-22 15:52:08.465631+00', '2024-10-22 15:52:08.465631+00', '{"eTag": "\"ec77bf3ec14cdeeb46849e006335e3ed\"", "size": 765918, "mimetype": "audio/wav", "cacheControl": "max-age=3600", "lastModified": "2024-10-22T15:52:09.000Z", "contentLength": 765918, "httpStatusCode": 200}', '22aa5a93-17c5-47a9-939c-157c6aa61188', NULL, '{}'),
	('86e89718-06ea-4b99-8cd5-74cf42ed8871', 'videos', 'interviews/1729779745089_hxkc0t4g87.webm', '77a087c0-9da0-4b75-b67c-6f2bfa586dfb', '2024-10-24 14:22:26.751328+00', '2024-10-24 14:22:26.751328+00', '2024-10-24 14:22:26.751328+00', '{"eTag": "\"852d650049c1964f631706314ca977f1\"", "size": 3969954, "mimetype": "video/webm", "cacheControl": "max-age=3600", "lastModified": "2024-10-24T14:22:27.000Z", "contentLength": 3969954, "httpStatusCode": 200}', '69ddc620-d942-45e9-9b45-6154464639aa', '77a087c0-9da0-4b75-b67c-6f2bfa586dfb', '{}');


--
-- Data for Name: s3_multipart_uploads; Type: TABLE DATA; Schema: storage; Owner: supabase_storage_admin
--



--
-- Data for Name: s3_multipart_uploads_parts; Type: TABLE DATA; Schema: storage; Owner: supabase_storage_admin
--



--
-- Data for Name: secrets; Type: TABLE DATA; Schema: vault; Owner: supabase_admin
--



--
-- Name: refresh_tokens_id_seq; Type: SEQUENCE SET; Schema: auth; Owner: supabase_auth_admin
--

SELECT pg_catalog.setval('"auth"."refresh_tokens_id_seq"', 73, true);


--
-- Name: key_key_id_seq; Type: SEQUENCE SET; Schema: pgsodium; Owner: supabase_admin
--

SELECT pg_catalog.setval('"pgsodium"."key_key_id_seq"', 1, false);


--
-- PostgreSQL database dump complete
--

RESET ALL;
